City1,AirportLat1,AirportLon1,Airport_Code1,City2,AirportLat2,AirportLon2,Airport_Code2,Distance (km),Air Travel Time (h),Route Exists
stockholm,59.589444444444446,16.63361111111111,VST,málaga,36.67361111111111,-4.498888888888889,AGP,2963.183201783941,7.227228399120388,True
stockholm,58.78861111111111,16.911944444444444,NYO,málaga,36.67361111111111,-4.498888888888889,AGP,2906.2507486326767,7.218853929915715,True
oslo,59.18666666666666,10.258611111111112,TRF,antalya,36.90138888888889,30.791666666666668,AYT,2883.943678916477,7.125708170209915,True
oslo,59.18666666666666,10.258611111111112,TRF,málaga,36.67361111111111,-4.498888888888889,AGP,2719.9963468779806,6.943544467944919,True
oslo,59.3789,10.7856,RYG,málaga,36.67361111111111,-4.498888888888889,AGP,2753.4580719428945,6.549409334543664,True
london,51.87444444444444,-0.3683333333333333,LTN,antalya,36.90138888888889,30.791666666666668,AYT,2948.321150632819,6.509077430070416,True
helsinki,60.32,24.95611111111111,HEL,málaga,36.67361111111111,-4.498888888888889,AGP,3352.6358362412334,6.504674512624399,True
stockholm,59.651944444444446,17.91861111111111,ARN,málaga,36.67361111111111,-4.498888888888889,AGP,3015.957853195372,6.465310493513241,True
london,51.14805555555556,-0.19027777777777777,LGW,antalya,36.90138888888889,30.791666666666668,AYT,2907.2767095394897,6.402523611245996,True
antalya,36.90138888888889,30.791666666666668,AYT,glasgow,55.871944444444445,-4.433055555555556,GLA,3367.430820676618,6.384557661996353,True
oslo,60.193888888888885,11.100277777777777,OSL,antalya,36.90138888888889,30.791666666666668,AYT,2942.1061213212824,6.384527701665531,True
lisboa,38.78111111111111,-9.135833333333332,LIS,helsinki,60.32,24.95611111111111,HEL,3363.7029032967457,6.356927877154665,True
istanbul,40.97666666666667,28.82111111111111,IST,lisboa,38.78111111111111,-9.135833333333332,LIS,3222.6203099962545,6.273244572841672,True
oslo,60.193888888888885,11.100277777777777,OSL,málaga,36.67361111111111,-4.498888888888889,AGP,2840.6591528024596,6.271808847755729,True
london,51.885,0.23500000000000001,STN,izmir,38.29222222222222,27.15694444444444,ADB,2574.0113066493923,6.1714800742373885,True
frankfurt am main,49.94972222222222,7.263888888888889,HHN,málaga,36.67361111111111,-4.498888888888889,AGP,1751.7506677953622,6.1648096872434,True
leeds,53.865833333333335,-1.6605555555555556,LBA,antalya,36.90138888888889,30.791666666666668,AYT,3114.799672983156,6.138975370299963,True
antalya,36.90138888888889,30.791666666666668,AYT,manchester,53.353611111111114,-2.274722222222222,MAN,3129.6474388206598,6.120353904378621,True
istanbul,40.8986,29.3092,SAW,madrid,40.47222222222222,-3.560833333333333,MAD,2755.527543242302,6.108351524243492,True
izmir,38.29222222222222,27.15694444444444,ADB,dublin,53.42111111111111,-6.27,DUB,3044.5320953387336,6.1077681555546155,True
antalya,36.90138888888889,30.791666666666668,AYT,bradford,53.865833333333335,-1.6605555555555556,LBA,3114.799672983156,6.103856386781394,True
birmingham,52.453611111111115,-1.7477777777777779,BHX,antalya,36.90138888888889,30.791666666666668,AYT,3059.5636843966986,6.078754162312425,True
bucarest,44.57361111111111,26.103333333333335,OTP,lisboa,38.78111111111111,-9.135833333333332,LIS,2972.2673102183985,6.064525098470068,True
london,51.14805555555556,-0.19027777777777777,LGW,izmir,38.29222222222222,27.15694444444444,ADB,2567.2086934615168,6.024670260048247,True
athina,37.9364,23.9445,ATH,dublin,53.42111111111111,-6.27,DUB,2875.6790563462814,6.023718615043785,True
madrid,40.47222222222222,-3.560833333333333,MAD,helsinki,60.32,24.95611111111111,HEL,2947.1812376115236,5.999634751176941,True
athina,37.9364,23.9445,ATH,edinburgh,55.95,-3.3725,EDI,2848.011022232318,5.992976354917159,True
london,51.885,0.23500000000000001,STN,athina,37.9364,23.9445,ATH,2407.916882115015,5.986930713643636,True
istanbul,40.97666666666667,28.82111111111111,IST,dublin,53.42111111111111,-6.27,DUB,2949.5989510062136,5.969887507297182,True
lisboa,38.78111111111111,-9.135833333333332,LIS,stockholm,59.651944444444446,17.91861111111111,ARN,2998.323983285494,5.950951299364386,True
istanbul,40.97666666666667,28.82111111111111,IST,málaga,36.67361111111111,-4.498888888888889,AGP,2907.7729554088783,5.923414178855698,True
istanbul,40.97666666666667,28.82111111111111,IST,edinburgh,55.95,-3.3725,EDI,2858.054996062052,5.86817200180367,True
istanbul,40.8986,29.3092,SAW,london,51.14805555555556,-0.19027777777777777,LGW,2523.568521716867,5.850619278104119,True
istanbul,40.8986,29.3092,SAW,london,51.885,0.23500000000000001,STN,2518.4333387411098,5.8449135192421675,True
essen,51.28944444444444,6.766666666666667,DUS,kayseri,38.77027777777778,35.49527777777778,ASR,2626.7220029705572,5.838899722006711,True
izmir,38.29222222222222,27.15694444444444,ADB,manchester,53.353611111111114,-2.274722222222222,MAN,2796.6885335750544,5.832386420261639,True
london,51.14805555555556,-0.19027777777777777,LGW,athina,37.9364,23.9445,ATH,2393.012569932223,5.8311190116823655,True
stockholm,59.651944444444446,17.91861111111111,ARN,palermo,38.11083333333333,13.313333333333334,PMO,2417.4349022388446,5.8002849924504325,True
stockholm,59.651944444444446,17.91861111111111,ARN,palermo,38.17583333333333,13.090833333333334,PMO,2412.437520274699,5.794732345823604,True
amsterdam,52.308611111111105,4.763888888888889,AMS,kayseri,38.77027777777778,35.49527777777778,ASR,2795.435017390844,5.793087886985546,True
athina,37.9364,23.9445,ATH,manchester,53.353611111111114,-2.274722222222222,MAN,2636.6272453605666,5.758105491726324,True
athina,37.9364,23.9445,ATH,oslo,60.193888888888885,11.100277777777777,OSL,2635.018864241701,5.7563184015942515,True
göteborg,57.66277777777778,12.279722222222222,GOT,málaga,36.67361111111111,-4.498888888888889,AGP,2639.7364478283093,5.753787180902274,True
izmir,38.29222222222222,27.15694444444444,ADB,birmingham,52.453611111111115,-1.7477777777777779,BHX,2723.2738371756236,5.750814535373382,True
frankfurt am main,49.94972222222222,7.263888888888889,HHN,riga,56.9236,23.9711,RIX,1345.638167133469,5.713573575396851,True
hague,51.95722222222223,4.441666666666667,RTM,antalya,36.90138888888889,30.791666666666668,AYT,2654.138382951855,5.713475250973174,True
istanbul,40.97666666666667,28.82111111111111,IST,madrid,40.47222222222222,-3.560833333333333,MAD,2713.650458354006,5.707722515461396,True
lisboa,38.78111111111111,-9.135833333333332,LIS,oslo,60.193888888888885,11.100277777777777,OSL,2768.5577636229277,5.695655499739312,True
istanbul,40.97666666666667,28.82111111111111,IST,manchester,53.353611111111114,-2.274722222222222,MAN,2692.695263135524,5.684438965218638,True
paris,48.72527777777778,2.3594444444444447,ORY,antalya,36.90138888888889,30.791666666666668,AYT,2643.381235044093,5.674906540517796,True
lisboa,38.78111111111111,-9.135833333333332,LIS,warszawa,52.16555555555556,20.966944444444444,WAW,2748.953744793724,5.673873256595752,True
amsterdam,52.308611111111105,4.763888888888889,AMS,konya,37.97888888888889,32.56166666666666,KYA,2672.9624534678373,5.657007260404427,True
amsterdam,52.308611111111105,4.763888888888889,AMS,antalya,36.90138888888889,30.791666666666668,AYT,2654.067041217758,5.636012357904338,True
barcelona,41.29694444444444,2.0783333333333336,BCN,helsinki,60.32,24.95611111111111,HEL,2627.999940330063,5.623878060500858,True
madrid,40.47222222222222,-3.560833333333333,MAD,stockholm,59.651944444444446,17.91861111111111,ARN,2601.2519942217373,5.615268925188289,True
istanbul,40.97666666666667,28.82111111111111,IST,birmingham,52.453611111111115,-1.7477777777777779,BHX,2628.9915520448735,5.613657064006804,True
london,51.885,0.23500000000000001,STN,bucarest,44.57361111111111,26.103333333333335,OTP,2067.3622280762424,5.608536653600556,True
istanbul,40.97666666666667,28.82111111111111,IST,bilbao,43.30083333333333,-2.9105555555555553,BIO,2613.2927699647034,5.596213972806615,True
athina,37.9364,23.9445,ATH,helsinki,60.32,24.95611111111111,HEL,2489.960906896164,5.595142893432543,True
london,51.4775,-0.4613888888888889,LHR,athina,37.9364,23.9445,ATH,2427.102305764108,5.588314997742426,True
göteborg,57.77472222222222,11.870277777777778,GSE,málaga,36.67361111111111,-4.498888888888889,AGP,2636.1478702795043,5.5865058792239,True
brussels,50.90222222222222,4.498611111111111,BRU,antalya,36.90138888888889,30.791666666666668,AYT,2596.149827149417,5.58437283837419,True
london,51.87444444444444,-0.3683333333333333,LTN,bucarest,44.57361111111111,26.103333333333335,OTP,2107.5380325839365,5.574873965571658,True
bucarest,44.57361111111111,26.103333333333335,OTP,dublin,53.42111111111111,-6.27,DUB,2530.973137549908,5.574198239949523,True
glasgow,55.507777777777775,-4.586666666666666,PIK,málaga,36.67361111111111,-4.498888888888889,AGP,2094.27429981337,5.573162854684326,True
antalya,36.90138888888889,30.791666666666668,AYT,helsinki,60.32,24.95611111111111,HEL,2636.7295539496968,5.572667365633106,True
istanbul,40.8986,29.3092,SAW,barcelona,41.29694444444444,2.0783333333333336,BCN,2272.846042481645,5.57203874562054,True
ankara,40.128055555555555,32.995,ESB,essen,51.28944444444444,6.766666666666667,DUS,2365.613341472309,5.562906941493862,True
ankara,40.128055555555555,32.995,ESB,düsseldorf,51.28944444444444,6.766666666666667,DUS,2365.613341472309,5.562906941493862,True
ankara,40.128055555555555,32.995,ESB,duisburg,51.28944444444444,6.766666666666667,DUS,2365.613341472309,5.562906941493862,True
warszawa,52.16555555555556,20.966944444444444,WAW,málaga,36.67361111111111,-4.498888888888889,AGP,2632.0343102757865,5.553928057449485,True
athina,37.9364,23.9445,ATH,stockholm,59.651944444444446,17.91861111111111,ARN,2452.2926480576225,5.553289272500831,True
istanbul,40.8986,29.3092,SAW,hague,51.95722222222223,4.441666666666667,RTM,2250.742216782037,5.547478939287641,True
istanbul,40.8986,29.3092,SAW,rotterdam,51.95722222222223,4.441666666666667,RTM,2250.742216782037,5.547478939287641,True
london,51.885,0.23500000000000001,STN,sofia,42.69499999999999,23.40611111111111,SOF,2011.5268117145924,5.5464973020876105,True
düsseldorf,51.28944444444444,6.766666666666667,DUS,kayseri,38.77027777777778,35.49527777777778,ASR,2626.7220029705572,5.544572305127113,True
istanbul,40.8986,29.3092,SAW,amsterdam,52.308611111111105,4.763888888888889,AMS,2246.4883423844913,5.542752412179258,True
rotterdam,51.95722222222223,4.441666666666667,RTM,antalya,36.90138888888889,30.791666666666668,AYT,2654.138382951855,5.526351867381237,True
istanbul,40.8986,29.3092,SAW,stockholm,59.651944444444446,17.91861111111111,ARN,2229.542972865106,5.523924223824386,True
ankara,40.128055555555555,32.995,ESB,köln,50.865833333333335,7.1425,CGN,2324.158490715508,5.516845996208528,True
london,51.87444444444444,-0.3683333333333333,LTN,sofia,42.69499999999999,23.40611111111111,SOF,2049.79763769377,5.510717971249251,True
istanbul,40.8986,29.3092,SAW,brussels,50.90222222222222,4.498611111111111,BRU,2203.2036453953756,5.494658304413574,True
istanbul,40.97666666666667,28.82111111111111,IST,london,51.87444444444444,-0.3683333333333333,LTN,2520.2057164533967,5.492783913349608,True
kayseri,38.77027777777778,35.49527777777778,ASR,duisburg,51.28944444444444,6.766666666666667,DUS,2626.7220029705572,5.490575492751583,True
istanbul,40.97666666666667,28.82111111111111,IST,london,51.4775,-0.4613888888888889,LHR,2513.7143658518353,5.485571301570095,True
london,51.14805555555556,-0.19027777777777777,LGW,bucarest,44.57361111111111,26.103333333333335,OTP,2079.7574868851348,5.483057808296712,True
istanbul,40.8986,29.3092,SAW,brussels,50.45916666666667,4.453611111111111,CRL,2189.295792808285,5.4792051348723625,True
izmir,38.29222222222222,27.15694444444444,ADB,stockholm,59.651944444444446,17.91861111111111,ARN,2463.5001793352653,5.462177137772984,True
köln,50.865833333333335,7.1425,CGN,antalya,36.90138888888889,30.791666666666668,AYT,2431.341454834743,5.458920326969514,True
madrid,40.47222222222222,-3.560833333333333,MAD,bucarest,44.57361111111111,26.103333333333335,OTP,2459.2733432469645,5.457514868549652,True
istanbul,40.97666666666667,28.82111111111111,IST,london,51.14805555555556,-0.19027777777777777,LGW,2485.55229696356,5.454280113916456,True
izmir,38.29222222222222,27.15694444444444,ADB,helsinki,60.32,24.95611111111111,HEL,2454.242118859355,5.451890403910862,True
istanbul,40.97666666666667,28.82111111111111,IST,valencia,39.48916666666667,-0.4813888888888889,VLC,2481.2901634991554,5.4495444100671175,True
paris,49.01277777777778,2.55,CDG,izmir,38.29222222222222,27.15694444444444,ADB,2295.3743255832337,5.434126133233597,True
istanbul,40.97666666666667,28.82111111111111,IST,oslo,60.193888888888885,11.100277777777777,OSL,2458.3824759376307,5.424091423887646,True
paris,49.01277777777778,2.55,CDG,istanbul,40.8986,29.3092,SAW,2275.433018451966,5.411969125309966,True
antalya,36.90138888888889,30.791666666666668,AYT,københavn,55.617777777777775,12.655833333333334,CPH,2488.4507562694703,5.40791314598841,True
london,51.14805555555556,-0.19027777777777777,LGW,sofia,42.69499999999999,23.40611111111111,SOF,2011.1709991899017,5.406850599746453,True
kraków,50.0775,19.784722222222225,KRK,málaga,36.67361111111111,-4.498888888888889,AGP,2445.6992079888446,5.400520475668578,True
antalya,36.90138888888889,30.791666666666668,AYT,düsseldorf,51.28944444444444,6.766666666666667,DUS,2477.9621821007336,5.396259174689814,True
antalya,36.90138888888889,30.791666666666668,AYT,duisburg,51.28944444444444,6.766666666666667,DUS,2477.9621821007336,5.396259174689814,True
antalya,36.90138888888889,30.791666666666668,AYT,essen,51.28944444444444,6.766666666666667,DUS,2477.9621821007336,5.396259174689814,True
antalya,36.90138888888889,30.791666666666668,AYT,bremen,53.0475,8.786666666666667,BRE,2474.171523527475,5.392047331830638,True
málaga,36.67361111111111,-4.498888888888889,AGP,københavn,55.617777777777775,12.655833333333334,CPH,2471.647023300726,5.391413810262243,True
ankara,40.128055555555555,32.995,ESB,frankfurt am main,50.02638888888889,8.543055555555556,FRA,2198.3397429977376,5.377047387633228,True
lisboa,38.78111111111111,-9.135833333333332,LIS,budapest,47.43666666666666,19.255555555555556,BUD,2479.9981753491907,5.375033734990716,True
hamburg,53.63027777777778,9.988055555555555,HAM,antalya,36.90138888888889,30.791666666666668,AYT,2453.4654887812853,5.373595695239449,True
paris,49.01277777777778,2.55,CDG,istanbul,40.97666666666667,28.82111111111111,IST,2236.159812289414,5.368332229573797,True
madrid,40.47222222222222,-3.560833333333333,MAD,athina,37.9364,23.9445,ATH,2376.9788802527305,5.366076576333837,True
lisboa,38.78111111111111,-9.135833333333332,LIS,københavn,55.617777777777775,12.655833333333334,CPH,2471.800757854068,5.365925493329467,True
rome,41.812777777777775,12.253055555555555,FCO,helsinki,60.32,24.95611111111111,HEL,2232.1237390394813,5.365662671606956,True
berlin,52.38,13.5225,SXF,lisboa,38.78111111111111,-9.135833333333332,LIS,2305.433561425256,5.357527061678171,True
london,51.885,0.23500000000000001,STN,palermo,38.11083333333333,13.313333333333334,PMO,1838.6416580194564,5.3544026868707935,True
sofia,42.69499999999999,23.40611111111111,SOF,málaga,36.67361111111111,-4.498888888888889,AGP,2467.353927905314,5.353237322454843,True
istanbul,40.8986,29.3092,SAW,düsseldorf,51.28944444444444,6.766666666666667,DUS,2073.9199475392297,5.3510097512400785,True
istanbul,40.8986,29.3092,SAW,essen,51.28944444444444,6.766666666666667,DUS,2073.9199475392297,5.3510097512400785,True
istanbul,40.8986,29.3092,SAW,duisburg,51.28944444444444,6.766666666666667,DUS,2073.9199475392297,5.3510097512400785,True
london,51.57138888888889,0.6955555555555556,SEN,málaga,36.67361111111111,-4.498888888888889,AGP,1706.5532921592219,5.349982457342477,True
stockholm,58.78861111111111,16.911944444444444,NYO,brussels,50.45916666666667,4.453611111111111,CRL,1221.2658280181204,5.346648462566208,True
milano,45.63138888888889,8.727777777777778,MXP,helsinki,60.32,24.95611111111111,HEL,1950.0347796967294,5.3412677851179735,True
london,51.885,0.23500000000000001,STN,palermo,38.17583333333333,13.090833333333334,PMO,1822.8269044272492,5.336830738435007,True
budapest,47.43666666666666,19.255555555555556,BUD,málaga,36.67361111111111,-4.498888888888889,AGP,2283.5988168318017,5.3300619529005235,True
madrid,40.47222222222222,-3.560833333333333,MAD,oslo,59.3789,10.7856,RYG,2328.2622137064927,5.311946946838018,True
istanbul,40.8986,29.3092,SAW,københavn,55.617777777777775,12.655833333333334,CPH,2037.8354102117341,5.310915820876195,True
izmir,38.29222222222222,27.15694444444444,ADB,amsterdam,52.308611111111105,4.763888888888889,AMS,2326.899795269007,5.310398933254919,True
istanbul,40.8986,29.3092,SAW,dortmund,51.518055555555556,7.612222222222222,DTM,2032.3539070416364,5.3048252617983085,True
istanbul,40.8986,29.3092,SAW,köln,50.865833333333335,7.1425,CGN,2030.3567545269364,5.302606203448642,True
frankfurt am main,49.94972222222222,7.263888888888889,HHN,edinburgh,55.95,-3.3725,EDI,974.2277571753087,5.300895342110007,True
barcelona,41.29694444444444,2.0783333333333336,BCN,riga,56.9236,23.9711,RIX,2337.0986096848455,5.30065435978395,True
antalya,36.90138888888889,30.791666666666668,AYT,hannover,52.46083333333333,9.685,HAJ,2386.396213880743,5.294519210000936,True
istanbul,40.8986,29.3092,SAW,hamburg,53.63027777777778,9.988055555555555,HAM,2019.7409522954845,5.290810867635917,True
frankfurt am main,50.02638888888889,8.543055555555556,FRA,antalya,36.90138888888889,30.791666666666668,AYT,2298.395502294942,5.2892721666638565,True
berlin,52.38,13.5225,SXF,málaga,36.67361111111111,-4.498888888888889,AGP,2243.371381068297,5.288569083503773,True
barcelona,41.29694444444444,2.0783333333333336,BCN,stockholm,59.651944444444446,17.91861111111111,ARN,2314.9466248766626,5.276041043330413,True
paris,48.72527777777778,2.3594444444444447,ORY,istanbul,40.8986,29.3092,SAW,2281.971154902223,5.273339784804607,True
ankara,40.128055555555555,32.995,ESB,stuttgart,48.689722222222215,9.221944444444444,STR,2102.70555849746,5.270787182632919,True
bucarest,44.57361111111111,26.103333333333335,OTP,valencia,39.48916666666667,-0.4813888888888889,VLC,2256.284749378128,5.268988919758657,True
istanbul,40.8986,29.3092,SAW,marseille,43.43555555555555,5.213611111111112,MRS,1998.6691962397706,5.2673978053517905,True
wroclaw,51.1025,16.885833333333334,WRO,málaga,36.67361111111111,-4.498888888888889,AGP,2331.468141229881,5.262230460982647,True
athina,37.9364,23.9445,ATH,amsterdam,52.308611111111105,4.763888888888889,AMS,2181.7483454623607,5.252684491839429,True
madrid,40.47222222222222,-3.560833333333333,MAD,warszawa,52.16555555555556,20.966944444444444,WAW,2270.982114416793,5.248302392071685,True
izmir,38.29222222222222,27.15694444444444,ADB,brussels,50.90222222222222,4.498611111111111,BRU,2261.1599255572955,5.23735463357524,True
london,51.14805555555556,-0.19027777777777777,LGW,helsinki,60.32,24.95611111111111,HEL,1857.9898223305017,5.2366492921248975,True
london,51.885,0.23500000000000001,STN,málaga,36.67361111111111,-4.498888888888889,AGP,1731.9612672891046,5.235868919392624,True
london,51.4775,-0.4613888888888889,LHR,bucarest,44.57361111111111,26.103333333333335,OTP,2105.0073853758945,5.230431752866632,True
paris,49.01277777777778,2.55,CDG,athina,37.9364,23.9445,ATH,2108.6513280712556,5.2266561359980654,True
istanbul,40.8986,29.3092,SAW,hannover,52.46083333333333,9.685,HAJ,1961.956271855509,5.226605667147055,True
bucarest,44.57361111111111,26.103333333333335,OTP,zaragoza,41.66611111111111,-1.041388888888889,ZAZ,2216.2903104426364,5.224550654274778,True
berlin,52.38,13.5225,SXF,antalya,36.90138888888889,30.791666666666668,AYT,2185.719867614421,5.2245118463328,True
madrid,40.47222222222222,-3.560833333333333,MAD,sofia,42.69499999999999,23.40611111111111,SOF,2246.84604090074,5.221484532609403,True
barcelona,41.29694444444444,2.0783333333333336,BCN,vilnius,54.6341,25.2858,VNO,2258.095992505501,5.212873674029122,True
istanbul,40.97666666666667,28.82111111111111,IST,toulouse,43.62888888888889,1.363611111111111,TLS,2266.7559555146295,5.211173067862089,True
athina,37.9364,23.9445,ATH,københavn,55.617777777777775,12.655833333333334,CPH,2139.4477411643265,5.205683820397169,True
glasgow,55.507777777777775,-4.586666666666666,PIK,riga,56.9236,23.9711,RIX,1759.7970466957493,5.2015214623314145,True
munich,48.353611111111114,11.785833333333333,MUC,antalya,36.90138888888889,30.791666666666668,AYT,2000.1737558585926,5.199803845266416,True
london,51.885,0.23500000000000001,STN,vilnius,54.6341,25.2858,VNO,1684.6516697232698,5.18330269987503,True
lisboa,38.78111111111111,-9.135833333333332,LIS,vienna,48.11027777777778,16.56972222222222,VIE,2305.015184041456,5.180608189093232,True
izmir,38.29222222222222,27.15694444444444,ADB,københavn,55.617777777777775,12.655833333333334,CPH,2208.6536722726623,5.1790143521478695,True
vienna,48.11027777777778,16.56972222222222,VIE,málaga,36.67361111111111,-4.498888888888889,AGP,2135.555490906862,5.177512803714624,True
london,51.885,0.23500000000000001,STN,sevilla,37.41777777777777,-5.893055555555555,SVQ,1678.6321282109252,5.17661432041687,True
athina,37.9364,23.9445,ATH,riga,56.9236,23.9711,RIX,2111.2812195142665,5.174387685230435,True
istanbul,40.97666666666667,28.82111111111111,IST,barcelona,41.29694444444444,2.0783333333333336,BCN,2230.963513399785,5.171403687734484,True
london,51.14805555555556,-0.19027777777777777,LGW,palermo,38.11083333333333,13.313333333333334,PMO,1794.8348717924544,5.166477124860401,True
athina,37.9364,23.9445,ATH,brussels,50.90222222222222,4.498611111111111,BRU,2100.679617177505,5.162608127078478,True
istanbul,40.8986,29.3092,SAW,frankfurt am main,50.02638888888889,8.543055555555556,FRA,1901.4909050088963,5.159421926206375,True
london,51.4775,-0.4613888888888889,LHR,sofia,42.69499999999999,23.40611111111111,SOF,2040.8686872606197,5.159166532738549,True
rome,41.812777777777775,12.253055555555555,FCO,oslo,60.193888888888885,11.100277777777777,OSL,2045.4007041072482,5.158192632793365,True
istanbul,40.97666666666667,28.82111111111111,IST,hague,51.95722222222223,4.441666666666667,RTM,2214.315477037426,5.152905869554084,True
istanbul,40.97666666666667,28.82111111111111,IST,rotterdam,51.95722222222223,4.441666666666667,RTM,2214.315477037426,5.152905869554084,True
barcelona,41.29694444444444,2.0783333333333336,BCN,stockholm,58.78861111111111,16.911944444444444,NYO,2203.442822044821,5.152147929072811,True
istanbul,40.97666666666667,28.82111111111111,IST,amsterdam,52.308611111111105,4.763888888888889,AMS,2210.492634716318,5.148658266975076,True
berlin,52.559444444444445,13.2875,TXL,málaga,36.67361111111111,-4.498888888888889,AGP,2245.9563358711284,5.148654490401592,True
london,51.87444444444444,-0.3683333333333333,LTN,vilnius,54.6341,25.2858,VNO,1723.8896757826722,5.148598013570252,True
london,51.14805555555556,-0.19027777777777777,LGW,palermo,38.17583333333333,13.090833333333334,PMO,1778.4685381697936,5.14829230972411,True
istanbul,40.97666666666667,28.82111111111111,IST,stockholm,59.651944444444446,17.91861111111111,ARN,2209.494655678987,5.147549401378042,True
london,51.87444444444444,-0.3683333333333333,LTN,málaga,36.67361111111111,-4.498888888888889,AGP,1721.230866053013,5.1456437805372985,True
barcelona,41.29694444444444,2.0783333333333336,BCN,oslo,60.193888888888885,11.100277777777777,OSL,2190.31422450443,5.137560598472377,True
istanbul,40.97666666666667,28.82111111111111,IST,göteborg,57.66277777777778,12.279722222222222,GOT,2196.0432997941866,5.13260345039493,True
rome,41.812777777777775,12.253055555555555,FCO,stockholm,59.651944444444446,17.91861111111111,ARN,2021.53119869737,5.131670960115722,True
izmir,38.29222222222222,27.15694444444444,ADB,bremen,53.0475,8.786666666666667,BRE,2161.8634552653803,5.127025222139779,True
london,51.885,0.23500000000000001,STN,lisboa,38.78111111111111,-9.135833333333332,LIS,1627.7291555593129,5.120055461915078,True
london,51.885,0.23500000000000001,STN,riga,56.9236,23.9711,RIX,1625.1895553013762,5.117233683850704,True
london,51.885,0.23500000000000001,STN,naples,40.88583333333333,14.290555555555555,NAP,1624.7146951505001,5.1167060614608415,True
brussels,50.45916666666667,4.453611111111111,CRL,málaga,36.67361111111111,-4.498888888888889,AGP,1691.195174292515,5.114637163864798,True
izmir,38.29222222222222,27.15694444444444,ADB,essen,51.28944444444444,6.766666666666667,DUS,2149.443116399455,5.113224845622084,True
izmir,38.29222222222222,27.15694444444444,ADB,düsseldorf,51.28944444444444,6.766666666666667,DUS,2149.443116399455,5.113224845622084,True
izmir,38.29222222222222,27.15694444444444,ADB,duisburg,51.28944444444444,6.766666666666667,DUS,2149.443116399455,5.113224845622084,True
izmir,38.29222222222222,27.15694444444444,ADB,hamburg,53.63027777777778,9.988055555555555,HAM,2149.1164138538225,5.1128618427936035,True
berlin,52.559444444444445,13.2875,TXL,antalya,36.90138888888889,30.791666666666668,AYT,2211.0876788930236,5.109911538203697,True
brussels,50.45916666666667,4.453611111111111,CRL,sofia,42.69499999999999,23.40611111111111,SOF,1679.192363388875,5.101300707305198,True
athina,37.9364,23.9445,ATH,hamburg,53.63027777777778,9.988055555555555,HAM,2045.216976490855,5.100982970759977,True
istanbul,40.97666666666667,28.82111111111111,IST,helsinki,60.32,24.95611111111111,HEL,2167.174836615924,5.10052738019686,True
istanbul,40.97666666666667,28.82111111111111,IST,brussels,50.90222222222222,4.498611111111111,BRU,2165.7964648620214,5.098995856025857,True
lisboa,38.78111111111111,-9.135833333333332,LIS,prague,50.100833333333334,14.26,PRG,2228.6654335101034,5.095775132947285,True
sofia,42.69499999999999,23.40611111111111,SOF,manchester,53.353611111111114,-2.274722222222222,MAN,2229.082193912383,5.088490951351587,True
brussels,50.45916666666667,4.453611111111111,CRL,sevilla,37.41777777777777,-5.893055555555555,SVQ,1666.457841503983,5.087151238544206,True
zürich,47.46472222222223,8.549166666666666,ZRH,antalya,36.90138888888889,30.791666666666668,AYT,2164.7778047764873,5.0870268378921075,True
stockholm,58.78861111111111,16.911944444444444,NYO,kraków,50.0775,19.784722222222225,KRK,986.0563242345845,5.08530456947339,True
hamburg,53.63027777777778,9.988055555555555,HAM,málaga,36.67361111111111,-4.498888888888889,AGP,2191.8087257680063,5.0828659585580285,True
london,51.87444444444444,-0.3683333333333333,LTN,riga,56.9236,23.9711,RIX,1661.8533122962872,5.079668720807604,True
paris,48.72527777777778,2.3594444444444447,ORY,athina,37.9364,23.9445,ATH,2106.447452060566,5.078313448313877,True
rome,41.812777777777775,12.253055555555555,FCO,glasgow,55.871944444444445,-4.433055555555556,GLA,1972.8386106576793,5.077568084516066,True
oslo,59.18666666666666,10.258611111111112,TRF,vilnius,54.6341,25.2858,VNO,1039.9971230784647,5.076878663723235,True
izmir,38.29222222222222,27.15694444444444,ADB,dortmund,51.518055555555556,7.612222222222222,DTM,2116.2944640111095,5.076393009635034,True
warszawa,52.4511,20.6518,WMI,dublin,53.42111111111111,-6.27,DUB,1796.7099692585575,5.074601223310042,True
istanbul,40.8986,29.3092,SAW,riga,56.9236,23.9711,RIX,1822.7328262875478,5.07191294984932,True
london,51.87444444444444,-0.3683333333333333,LTN,naples,40.88583333333333,14.290555555555555,NAP,1654.4246870488328,5.071414692754876,True
antalya,36.90138888888889,30.791666666666668,AYT,stuttgart,48.689722222222215,9.221944444444444,STR,2181.6265170337047,5.066997324615337,True
antalya,36.90138888888889,30.791666666666668,AYT,leipzig,51.42388888888889,12.23611111111111,LEJ,2178.0830724853304,5.063060164006033,True
madrid,40.47222222222222,-3.560833333333333,MAD,kraków,50.0775,19.784722222222225,KRK,2103.005386028158,5.061661582750978,True
lisboa,38.78111111111111,-9.135833333333332,LIS,hamburg,53.63027777777778,9.988055555555555,HAM,2197.6729848304003,5.061339078858726,True
izmir,38.29222222222222,27.15694444444444,ADB,köln,50.865833333333335,7.1425,CGN,2101.2803532506696,5.059710664345656,True
ankara,40.128055555555555,32.995,ESB,munich,48.353611111111114,11.785833333333333,MUC,1912.1614747153933,5.059071533986178,True
glasgow,55.871944444444445,-4.433055555555556,GLA,málaga,36.67361111111111,-4.498888888888889,AGP,2134.763021613718,5.054808468132626,True
athina,37.9364,23.9445,ATH,duisburg,51.28944444444444,6.766666666666667,DUS,2003.4266714007863,5.05454929843768,True
athina,37.9364,23.9445,ATH,essen,51.28944444444444,6.766666666666667,DUS,2003.4266714007863,5.05454929843768,True
athina,37.9364,23.9445,ATH,düsseldorf,51.28944444444444,6.766666666666667,DUS,2003.4266714007863,5.05454929843768,True
london,51.14805555555556,-0.19027777777777777,LGW,riga,56.9236,23.9711,RIX,1692.218902942838,5.05245938169416,True
istanbul,40.8986,29.3092,SAW,zürich,47.46472222222223,8.549166666666666,ZRH,1802.061476101325,5.04894478297574,True
athina,37.9364,23.9445,ATH,toulouse,43.62888888888889,1.363611111111111,TLS,1996.3932620720093,5.046734399183483,True
istanbul,40.8986,29.3092,SAW,stuttgart,48.689722222222215,9.221944444444444,STR,1798.5528794469676,5.045046342248676,True
prague,50.100833333333334,14.26,PRG,málaga,36.67361111111111,-4.498888888888889,AGP,2116.24727127348,5.04397892859723,True
munich,48.353611111111114,11.785833333333333,MUC,málaga,36.67361111111111,-4.498888888888889,AGP,1855.0117709236256,5.03851275089423,True
barcelona,41.29694444444444,2.0783333333333336,BCN,oslo,59.3789,10.7856,RYG,2099.2687194039218,5.036398926138479,True
málaga,36.67361111111111,-4.498888888888889,AGP,edinburgh,55.95,-3.3725,EDI,2145.1107348406895,5.028595711973314,True
izmir,38.29222222222222,27.15694444444444,ADB,hannover,52.46083333333333,9.685,HAJ,2073.2504676831154,5.028566347048373,True
oslo,59.18666666666666,10.258611111111112,TRF,wroclaw,51.1025,16.885833333333334,WRO,991.5509214882071,5.023049550845171,True
london,51.87444444444444,-0.3683333333333333,LTN,lisboa,38.78111111111111,-9.135833333333332,LIS,1606.439823722725,5.01809817794809,True
istanbul,40.8986,29.3092,SAW,berlin,52.559444444444445,13.2875,TXL,1773.3225943298255,5.017012692118518,True
madrid,40.47222222222222,-3.560833333333333,MAD,københavn,55.617777777777775,12.655833333333334,CPH,2060.129140617411,5.014021310072371,True
milano,45.63138888888889,8.727777777777778,MXP,lisboa,38.78111111111111,-9.135833333333332,LIS,1651.7198244335643,5.009806723714457,True
barcelona,41.29694444444444,2.0783333333333336,BCN,oslo,59.18666666666666,10.258611111111112,TRF,2068.916817501557,5.002674590691408,True
london,51.14805555555556,-0.19027777777777777,LGW,málaga,36.67361111111111,-4.498888888888889,AGP,1645.3381999825415,5.000369711738275,True
athina,37.9364,23.9445,ATH,köln,50.865833333333335,7.1425,CGN,1952.6981063167896,4.998184226122127,True
milano,45.63138888888889,8.727777777777778,MXP,riga,56.9236,23.9711,RIX,1635.8972239378147,4.992226056496957,True
antalya,36.90138888888889,30.791666666666668,AYT,nürnberg,49.49861111111111,11.078055555555554,NUE,2113.3030762295357,4.991082390388483,True
paris,49.01277777777778,2.55,CDG,helsinki,60.32,24.95611111111111,HEL,1895.3850095771843,4.989693559893542,True
istanbul,40.8986,29.3092,SAW,berlin,52.38,13.5225,SXF,1748.249718031852,4.989153940676325,True
istanbul,40.8986,29.3092,SAW,milano,45.63138888888889,8.727777777777778,MXP,1741.9279739266813,4.982129780559469,True
milano,45.63138888888889,8.727777777777778,MXP,oslo,60.193888888888885,11.100277777777777,OSL,1626.8084413429883,4.982127409169372,True
rome,41.812777777777775,12.253055555555555,FCO,dublin,53.42111111111111,-6.27,DUB,1885.255797807071,4.98025384801539,True
málaga,36.67361111111111,-4.498888888888889,AGP,bremen,53.0475,8.786666666666667,BRE,2092.652153390932,4.970308399251362,True
rome,41.812777777777775,12.253055555555555,FCO,riga,56.9236,23.9711,RIX,1876.2917069425814,4.970293747054845,True
munich,48.353611111111114,11.785833333333333,MUC,porto,41.24805555555556,-8.681388888888888,OPO,1790.2392311458457,4.9665432622522525,True
istanbul,40.97666666666667,28.82111111111111,IST,düsseldorf,51.28944444444444,6.766666666666667,DUS,2037.481116095716,4.956423246285518,True
istanbul,40.97666666666667,28.82111111111111,IST,essen,51.28944444444444,6.766666666666667,DUS,2037.481116095716,4.956423246285518,True
istanbul,40.97666666666667,28.82111111111111,IST,duisburg,51.28944444444444,6.766666666666667,DUS,2037.481116095716,4.956423246285518,True
málaga,36.67361111111111,-4.498888888888889,AGP,hannover,52.46083333333333,9.685,HAJ,2075.9588271256594,4.9517602589566145,True
antalya,36.90138888888889,30.791666666666668,AYT,dresden,51.1325,13.766944444444444,DRS,2077.125140937498,4.950884684508441,True
london,51.57138888888889,0.6955555555555556,SEN,kraków,50.0775,19.784722222222225,KRK,1347.185629491876,4.950685054378758,True
istanbul,40.8986,29.3092,SAW,nürnberg,49.49861111111111,11.078055555555554,NUE,1711.9647194910165,4.948837275630953,True
london,51.4775,-0.4613888888888889,LHR,helsinki,60.32,24.95611111111111,HEL,1847.1542339262874,4.943928251255958,True
london,51.14805555555556,-0.19027777777777777,LGW,naples,40.88583333333333,14.290555555555555,NAP,1592.1365551922295,4.941256773082372,True
paris,49.01277777777778,2.55,CDG,bucarest,44.57361111111111,26.103333333333335,OTP,1851.3487913095457,4.940764428485054,True
london,51.14805555555556,-0.19027777777777777,LGW,sevilla,37.41777777777777,-5.893055555555555,SVQ,1591.5762736473032,4.940634238032454,True
dublin,53.42111111111111,-6.27,DUB,vilnius,54.6341,25.2858,VNO,2048.070683135148,4.940475166813433,True
izmir,38.29222222222222,27.15694444444444,ADB,lyon,45.726111111111116,5.090833333333333,LYS,1993.1423211263793,4.939557295318667,True
warszawa,52.4511,20.6518,WMI,glasgow,55.507777777777775,-4.586666666666666,PIK,1675.1334909319164,4.939516247391552,True
london,51.885,0.23500000000000001,STN,rome,41.799166666666665,12.594722222222222,CIA,1459.300229965172,4.932912211254922,True
istanbul,40.97666666666667,28.82111111111111,IST,bremen,53.0475,8.786666666666667,BRE,2014.476933640084,4.930863043557038,True
rome,41.812777777777775,12.253055555555555,FCO,lisboa,38.78111111111111,-9.135833333333332,LIS,1839.999188224621,4.929968726257112,True
istanbul,40.97666666666667,28.82111111111111,IST,københavn,55.617777777777775,12.655833333333334,CPH,2009.4307772561374,4.925256203130431,True
london,51.885,0.23500000000000001,STN,budapest,47.43666666666666,19.255555555555556,BUD,1450.5515191336567,4.923191421442127,True
bucarest,44.57361111111111,26.103333333333335,OTP,oslo,59.18666666666666,10.258611111111112,TRF,1944.4147689369101,4.922466719268415,True
stockholm,59.651944444444446,17.91861111111111,ARN,dublin,53.42111111111111,-6.27,DUB,1624.7610982414537,4.91953632134222,True
budapest,47.43666666666666,19.255555555555556,BUD,dublin,53.42111111111111,-6.27,DUB,1914.1116491278797,4.919520655451721,True
madrid,40.47222222222222,-3.560833333333333,MAD,budapest,47.43666666666666,19.255555555555556,BUD,1974.4826688550238,4.918858563669718,True
naples,40.88583333333333,14.290555555555555,NAP,edinburgh,55.95,-3.3725,EDI,2109.5498014051077,4.913828981384633,True
dublin,53.42111111111111,-6.27,DUB,helsinki,60.32,24.95611111111111,HEL,2022.948302283336,4.912561410311419,True
izmir,38.29222222222222,27.15694444444444,ADB,frankfurt am main,50.02638888888889,8.543055555555556,FRA,1966.7891016983965,4.9102759403986855,True
bilbao,43.30083333333333,-2.9105555555555553,BIO,oslo,60.193888888888885,11.100277777777777,OSL,2101.554970033628,4.9084527970313,True
istanbul,40.97666666666667,28.82111111111111,IST,köln,50.865833333333335,7.1425,CGN,1993.5956836821415,4.90766165471488,True
barcelona,41.29694444444444,2.0783333333333336,BCN,bucarest,44.57361111111111,26.103333333333335,OTP,1981.9489869234842,4.906043667826882,True
istanbul,40.97666666666667,28.82111111111111,IST,hamburg,53.63027777777778,9.988055555555555,HAM,1987.2862466388324,4.900651169111203,True
valencia,39.48916666666667,-0.4813888888888889,VLC,sofia,42.69499999999999,23.40611111111111,SOF,2026.2562809495926,4.8996295963521455,True
istanbul,40.97666666666667,28.82111111111111,IST,lyon,45.726111111111116,5.090833333333333,LYS,1981.8600663271393,4.8946220798759885,True
stockholm,58.78861111111111,16.911944444444444,NYO,bremen,53.0475,8.786666666666667,BRE,813.6047286112641,4.893691685447479,True
rome,41.799166666666665,12.594722222222222,CIA,glasgow,55.507777777777775,-4.586666666666666,PIK,1967.8844538446194,4.893441385366011,True
london,51.87444444444444,-0.3683333333333333,LTN,budapest,47.43666666666666,19.255555555555556,BUD,1490.8192729665298,4.889630899330095,True
prague,50.100833333333334,14.26,PRG,antalya,36.90138888888889,30.791666666666668,AYT,1974.0912094029254,4.886027748741058,True
london,51.14805555555556,-0.19027777777777777,LGW,lisboa,38.78111111111111,-9.135833333333332,LIS,1542.1209455203254,4.885683873446924,True
rome,41.799166666666665,12.594722222222222,CIA,oslo,59.3789,10.7856,RYG,1958.7656806835491,4.883309415187044,True
paris,48.72527777777778,2.3594444444444447,ORY,helsinki,60.32,24.95611111111111,HEL,1928.8562606117075,4.88098990225959,True
barcelona,41.29694444444444,2.0783333333333336,BCN,göteborg,57.66277777777778,12.279722222222222,GOT,1958.3271718499375,4.879797206634052,True
brussels,50.45916666666667,4.453611111111111,CRL,vilnius,54.6341,25.2858,VNO,1476.711407228643,4.876321867127163,True
naples,40.88583333333333,14.290555555555555,NAP,dublin,53.42111111111111,-6.27,DUB,2074.289600146607,4.874650979986299,True
rome,41.799166666666665,12.594722222222222,CIA,edinburgh,55.95,-3.3725,EDI,1949.4132274950775,4.872917800533187,True
oslo,59.18666666666666,10.258611111111112,TRF,poznan,52.42111111111111,16.82638888888889,POZ,856.0510178541149,4.872494102362846,True
istanbul,40.97666666666667,28.82111111111111,IST,marseille,43.43555555555555,5.213611111111112,MRS,1956.8658592060333,4.8668507386303155,True
london,51.87444444444444,-0.3683333333333333,LTN,rome,41.812777777777775,12.253055555555555,FCO,1469.9517733597504,4.866444788655896,True
milano,45.63138888888889,8.727777777777778,MXP,athina,37.9364,23.9445,ATH,1520.4147936561617,4.863912245072898,True
oslo,59.18666666666666,10.258611111111112,TRF,riga,56.9236,23.9711,RIX,843.3285816150537,4.858358062097222,True
london,51.885,0.23500000000000001,STN,warszawa,52.4511,20.6518,WMI,1389.2289580342942,4.855055242442836,True
london,51.87444444444444,-0.3683333333333333,LTN,warszawa,52.16555555555556,20.966944444444444,WAW,1455.0154760968794,4.849848902808262,True
athina,37.9364,23.9445,ATH,frankfurt am main,50.02638888888889,8.543055555555556,FRA,1816.5842915301198,4.846946654136939,True
london,51.885,0.23500000000000001,STN,valencia,39.48916666666667,-0.4813888888888889,VLC,1379.4584223287388,4.844199091658885,True
rome,41.812777777777775,12.253055555555555,FCO,göteborg,57.66277777777778,12.279722222222222,GOT,1762.4405945660526,4.843792511080925,True
london,51.885,0.23500000000000001,STN,kraków,50.0775,19.784722222222225,KRK,1378.9749473638385,4.84366189725344,True
istanbul,40.8986,29.3092,SAW,munich,48.353611111111114,11.785833333333333,MUC,1610.0389680520825,4.835586440698804,True
brussels,50.45916666666667,4.453611111111111,CRL,porto,41.24805555555556,-8.681388888888888,OPO,1439.5105505188967,4.834987581894111,True
istanbul,40.97666666666667,28.82111111111111,IST,hannover,52.46083333333333,9.685,HAJ,1927.953416381433,4.8347258021585375,True
paris,49.01277777777778,2.55,CDG,sofia,42.69499999999999,23.40611111111111,SOF,1754.001604274726,4.832600887335254,True
rome,41.799166666666665,12.594722222222222,CIA,stockholm,58.78861111111111,16.911944444444444,NYO,1912.8950471930455,4.83234204464204,True
london,51.885,0.23500000000000001,STN,porto,41.24805555555556,-8.681388888888888,OPO,1362.820045488591,4.825712006280943,True
milano,45.63138888888889,8.727777777777778,MXP,málaga,36.67361111111111,-4.498888888888889,AGP,1485.8966692127922,4.8255587734691545,True
milano,45.63138888888889,8.727777777777778,MXP,porto,41.24805555555556,-8.681388888888888,OPO,1484.0742937710074,4.823533911867171,True
lisboa,38.78111111111111,-9.135833333333332,LIS,munich,48.353611111111114,11.785833333333333,MUC,1983.5900728159838,4.823469176620485,True
rome,41.799166666666665,12.594722222222222,CIA,dublin,53.42111111111111,-6.27,DUB,1904.8593039403702,4.823413441027957,True
dublin,53.42111111111111,-6.27,DUB,riga,56.9236,23.9711,RIX,1942.6130574705685,4.8233000271861215,True
barcelona,41.29694444444444,2.0783333333333336,BCN,athina,37.9364,23.9445,ATH,1904.5170773381062,4.820008212732017,True
rome,41.812777777777775,12.253055555555555,FCO,porto,41.24805555555556,-8.681388888888888,OPO,1739.4232587796141,4.818217693540437,True
leeds,53.865833333333335,-1.6605555555555556,LBA,málaga,36.67361111111111,-4.498888888888889,AGP,1924.1543640058471,4.8160361381029535,True
london,51.14805555555556,-0.19027777777777777,LGW,stockholm,59.651944444444446,17.91861111111111,ARN,1475.3528086412393,4.811497054692384,True
hague,51.95722222222223,4.441666666666667,RTM,málaga,36.67361111111111,-4.498888888888889,AGP,1839.0211083018446,4.80778939025094,True
athina,37.9364,23.9445,ATH,lyon,45.726111111111116,5.090833333333333,LYS,1779.8049171822165,4.806080682639269,True
budapest,47.43666666666666,19.255555555555556,BUD,edinburgh,55.95,-3.3725,EDI,1811.9722361519784,4.806032418811831,True
london,51.14805555555556,-0.19027777777777777,LGW,budapest,47.43666666666666,19.255555555555556,BUD,1464.435614835318,4.799366839352471,True
berlin,52.38,13.5225,SXF,athina,37.9364,23.9445,ATH,1797.7630409622286,4.793448705608141,True
lisboa,38.78111111111111,-9.135833333333332,LIS,edinburgh,55.95,-3.3725,EDI,1956.149924214761,4.792980122619126,True
helsinki,60.32,24.95611111111111,HEL,manchester,53.353611111111114,-2.274722222222222,MAN,1811.184715258774,4.791951044866111,True
rome,41.812777777777775,12.253055555555555,FCO,vilnius,54.6341,25.2858,VNO,1715.7730719096837,4.791939708129404,True
london,51.885,0.23500000000000001,STN,stockholm,59.589444444444446,16.63361111111111,VST,1330.802462895703,4.790136914511067,True
köln,50.865833333333335,7.1425,CGN,málaga,36.67361111111111,-4.498888888888889,AGP,1829.1869029694326,4.789859713785835,True
dortmund,51.518055555555556,7.612222222222222,DTM,málaga,36.67361111111111,-4.498888888888889,AGP,1907.4159463888886,4.788081617984907,True
madrid,40.47222222222222,-3.560833333333333,MAD,berlin,52.559444444444445,13.2875,TXL,1853.492351115822,4.784424877292827,True
madrid,40.47222222222222,-3.560833333333333,MAD,berlin,52.38,13.5225,SXF,1853.1777729630826,4.784075346012006,True
málaga,36.67361111111111,-4.498888888888889,AGP,bradford,53.865833333333335,-1.6605555555555556,LBA,1924.1543640058471,4.783088633267933,True
warszawa,52.4511,20.6518,WMI,manchester,53.353611111111114,-2.274722222222222,MAN,1534.3125470798475,4.783048532000365,True
barcelona,41.29694444444444,2.0783333333333336,BCN,warszawa,52.16555555555556,20.966944444444444,WAW,1869.690820304775,4.781312371583871,True
barcelona,41.29694444444444,2.0783333333333336,BCN,warszawa,52.4511,20.6518,WMI,1869.3300467687302,4.780911512099378,True
amsterdam,52.308611111111105,4.763888888888889,AMS,málaga,36.67361111111111,-4.498888888888889,AGP,1883.7865173327457,4.7801451091432146,True
berlin,52.559444444444445,13.2875,TXL,izmir,38.29222222222222,27.15694444444444,ADB,1913.2625662090038,4.778994746332565,True
stockholm,58.78861111111111,16.911944444444444,NYO,poznan,52.42111111111111,16.82638888888889,POZ,708.0539344886623,4.776413025311254,True
izmir,38.29222222222222,27.15694444444444,ADB,stuttgart,48.689722222222215,9.221944444444444,STR,1844.0567766315583,4.773906690324421,True
warszawa,52.4511,20.6518,WMI,marseille,43.43555555555555,5.213611111111112,MRS,1519.8962264030988,4.7670303979150885,True
stockholm,59.651944444444446,17.91861111111111,ARN,zürich,47.46472222222223,8.549166666666666,ZRH,1486.4271929003548,4.7658319820743325,True
porto,41.24805555555556,-8.681388888888888,OPO,bremen,53.0475,8.786666666666667,BRE,1852.4406530502163,4.765445009890579,True
istanbul,40.97666666666667,28.82111111111111,IST,frankfurt am main,50.02638888888889,8.543055555555556,FRA,1864.2836865615227,4.763981657914192,True
rome,41.812777777777775,12.253055555555555,FCO,leeds,53.865833333333335,-1.6605555555555556,LBA,1689.120898524169,4.7623261821454985,True
rome,41.812777777777775,12.253055555555555,FCO,bradford,53.865833333333335,-1.6605555555555556,LBA,1689.120898524169,4.7623261821454985,True
london,51.885,0.23500000000000001,STN,madrid,40.47222222222222,-3.560833333333333,MAD,1301.7908516854936,4.757901790944167,True
milano,45.63138888888889,8.727777777777778,MXP,edinburgh,55.95,-3.3725,EDI,1423.9118980701924,4.756686805532933,True
málaga,36.67361111111111,-4.498888888888889,AGP,nürnberg,49.49861111111111,11.078055555555554,NUE,1898.6774616976086,4.7547809640365575,True
london,51.4775,-0.4613888888888889,LHR,málaga,36.67361111111111,-4.498888888888889,AGP,1676.7512192034792,4.754591568230616,True
london,51.885,0.23500000000000001,STN,stockholm,58.78861111111111,16.911944444444444,NYO,1298.675095289203,4.754439839392734,True
frankfurt am main,50.02638888888889,8.543055555555556,FRA,málaga,36.67361111111111,-4.498888888888889,AGP,1815.4246764234804,4.752637915695566,True
rome,41.812777777777775,12.253055555555555,FCO,manchester,53.353611111111114,-2.274722222222222,MAN,1676.9480557787333,4.748800801317237,True
izmir,38.29222222222222,27.15694444444444,ADB,zürich,47.46472222222223,8.549166666666666,ZRH,1819.941316365395,4.747111734473129,True
amsterdam,52.308611111111105,4.763888888888889,AMS,sevilla,37.41777777777777,-5.893055555555555,SVQ,1852.090028793097,4.744926788543605,True
bucarest,44.57361111111111,26.103333333333335,OTP,amsterdam,52.308611111111105,4.763888888888889,AMS,1784.2079297459827,4.7444591201673845,True
paris,49.01277777777778,2.55,CDG,vilnius,54.6341,25.2858,VNO,1673.6506999786495,4.743322104784058,True
paris,49.01277777777778,2.55,CDG,riga,56.9236,23.9711,RIX,1672.0913232665032,4.741589463992785,True
dublin,53.42111111111111,-6.27,DUB,málaga,36.67361111111111,-4.498888888888889,AGP,1867.2788822064094,4.739595388003722,True
london,51.14805555555556,-0.19027777777777777,LGW,kraków,50.0775,19.784722222222225,KRK,1410.0703286323387,4.738960965793605,True
london,51.14805555555556,-0.19027777777777777,LGW,rome,41.812777777777775,12.253055555555555,FCO,1405.2469346193916,4.733601639112552,True
madrid,40.47222222222222,-3.560833333333333,MAD,vienna,48.11027777777778,16.56972222222222,VIE,1805.8139884003292,4.731448918720058,True
london,51.57138888888889,0.6955555555555556,SEN,barcelona,41.29694444444444,2.0783333333333336,BCN,1147.3131903089163,4.728604566397692,True
stockholm,59.651944444444446,17.91861111111111,ARN,birmingham,52.453611111111115,-1.7477777777777779,BHX,1451.532374656407,4.727059961803279,True
munich,48.353611111111114,11.785833333333333,MUC,helsinki,60.32,24.95611111111111,HEL,1574.5671108042736,4.72690757298384,True
málaga,36.67361111111111,-4.498888888888889,AGP,manchester,53.353611111111114,-2.274722222222222,MAN,1862.7199340062666,4.714828155490622,True
bucarest,44.57361111111111,26.103333333333335,OTP,brussels,50.90222222222222,4.498611111111111,BRU,1753.9012184348678,4.710784996488368,True
milano,45.63138888888889,8.727777777777778,MXP,dublin,53.42111111111111,-6.27,DUB,1381.6385194146794,4.709716384804585,True
athina,37.9364,23.9445,ATH,marseille,43.43555555555555,5.213611111111112,MRS,1688.9735909357628,4.705156986809875,True
málaga,36.67361111111111,-4.498888888888889,AGP,duisburg,51.28944444444444,6.766666666666667,DUS,1853.572310787937,4.704664129692478,True
málaga,36.67361111111111,-4.498888888888889,AGP,essen,51.28944444444444,6.766666666666667,DUS,1853.572310787937,4.704664129692478,True
madrid,40.47222222222222,-3.560833333333333,MAD,hamburg,53.63027777777778,9.988055555555555,HAM,1780.7336941858762,4.703581925148444,True
bucarest,44.57361111111111,26.103333333333335,OTP,brussels,50.45916666666667,4.453611111111111,CRL,1744.6900601787543,4.700550376203798,True
istanbul,40.97666666666667,28.82111111111111,IST,riga,56.9236,23.9711,RIX,1807.1131173715853,4.700458803258707,True
lisboa,38.78111111111111,-9.135833333333332,LIS,frankfurt am main,50.02638888888889,8.543055555555556,FRA,1871.8075216148827,4.699266341952596,True
athina,37.9364,23.9445,ATH,stuttgart,48.689722222222215,9.221944444444444,STR,1682.1464150227519,4.697571235795419,True
vienna,48.11027777777778,16.56972222222222,VIE,dublin,53.42111111111111,-6.27,DUB,1702.4394484693514,4.696272756561834,True
vienna,48.11027777777778,16.56972222222222,VIE,antalya,36.90138888888889,30.791666666666668,AYT,1701.2082465148258,4.694904754390139,True
milano,45.63138888888889,8.727777777777778,MXP,bucarest,44.57361111111111,26.103333333333335,OTP,1366.0982633239373,4.69244943359265,True
dublin,53.42111111111111,-6.27,DUB,kraków,50.0775,19.784722222222225,KRK,1820.9217865678463,4.688087503960875,True
lisboa,38.78111111111111,-9.135833333333332,LIS,düsseldorf,51.28944444444444,6.766666666666667,DUS,1861.7282358139564,4.688067135507121,True
lisboa,38.78111111111111,-9.135833333333332,LIS,essen,51.28944444444444,6.766666666666667,DUS,1861.7282358139564,4.688067135507121,True
lisboa,38.78111111111111,-9.135833333333332,LIS,duisburg,51.28944444444444,6.766666666666667,DUS,1861.7282358139564,4.688067135507121,True
ankara,40.128055555555555,32.995,ESB,vienna,48.11027777777778,16.56972222222222,VIE,1578.1648721151682,4.687964197763706,True
stockholm,59.651944444444446,17.91861111111111,ARN,manchester,53.353611111111114,-2.274722222222222,MAN,1415.274677225444,4.6867736313244315,True
marseille,43.43555555555555,5.213611111111112,MRS,göteborg,57.77472222222222,11.870277777777778,GSE,1660.2649707174173,4.686621244452825,True
düsseldorf,51.28944444444444,6.766666666666667,DUS,málaga,36.67361111111111,-4.498888888888889,AGP,1853.572310787937,4.685517091590869,True
rome,41.799166666666665,12.594722222222222,CIA,göteborg,57.77472222222222,11.870277777777778,GSE,1777.136134853223,4.681498808708905,True
berlin,52.559444444444445,13.2875,TXL,athina,37.9364,23.9445,ATH,1823.0630236594936,4.678773032388664,True
lisboa,38.78111111111111,-9.135833333333332,LIS,köln,50.865833333333335,7.1425,CGN,1850.448853142569,4.675534488094469,True
rome,41.799166666666665,12.594722222222222,CIA,porto,41.24805555555556,-8.681388888888888,OPO,1767.7658783415695,4.6710874125848445,True
lisboa,38.78111111111111,-9.135833333333332,LIS,amsterdam,52.308611111111105,4.763888888888889,AMS,1846.312115238671,4.670938112645693,True
madrid,40.47222222222222,-3.560833333333333,MAD,prague,50.100833333333334,14.26,PRG,1750.2776050856398,4.669741826148181,True
barcelona,41.29694444444444,2.0783333333333336,BCN,københavn,55.617777777777775,12.655833333333334,CPH,1768.5760978892142,4.668962680011026,True
london,51.87444444444444,-0.3683333333333333,LTN,madrid,40.47222222222222,-3.560833333333333,MAD,1291.147629414285,4.667773517605378,True
istanbul,40.97666666666667,28.82111111111111,IST,torino,45.20055555555556,7.649444444444444,TRN,1776.4580178585582,4.666397581577565,True
barcelona,41.29694444444444,2.0783333333333336,BCN,sofia,42.69499999999999,23.40611111111111,SOF,1764.6334221260852,4.664581929163105,True
london,51.14805555555556,-0.19027777777777777,LGW,zagreb,45.74277777777778,16.06861111111111,ZAG,1337.491654068485,4.65831799405599,True
warszawa,52.16555555555556,20.966944444444444,WAW,dublin,53.42111111111111,-6.27,DUB,1825.485386719921,4.657762586831857,True
zürich,47.46472222222223,8.549166666666666,ZRH,helsinki,60.32,24.95611111111111,HEL,1778.136651159939,4.6574255560959426,True
lisboa,38.78111111111111,-9.135833333333332,LIS,stuttgart,48.689722222222215,9.221944444444444,STR,1833.0418502561827,4.6561933737762615,True
vienna,48.11027777777778,16.56972222222222,VIE,valencia,39.48916666666667,-0.4813888888888889,VLC,1664.845800956417,4.654502037103018,True
istanbul,40.97666666666667,28.82111111111111,IST,zürich,47.46472222222223,8.549166666666666,ZRH,1762.422476342859,4.65080253544901,True
athina,37.9364,23.9445,ATH,zürich,47.46472222222223,8.549166666666666,ZRH,1639.4880354004943,4.650173036215133,True
oslo,59.3789,10.7856,RYG,manchester,53.353611111111114,-2.274722222222222,MAN,1043.7004793145338,4.649678676067707,True
istanbul,40.97666666666667,28.82111111111111,IST,stuttgart,48.689722222222215,9.221944444444444,STR,1760.1705798119192,4.64830042819241,True
rome,41.812777777777775,12.253055555555555,FCO,birmingham,52.453611111111115,-1.7477777777777779,BHX,1582.4646004002016,4.643819184229979,True
birmingham,52.453611111111115,-1.7477777777777779,BHX,málaga,36.67361111111111,-4.498888888888889,AGP,1767.8054419847058,4.6434672262991,True
dublin,53.42111111111111,-6.27,DUB,sevilla,37.41777777777777,-5.893055555555555,SVQ,1779.7261606007735,4.642314586219682,True
madrid,40.47222222222222,-3.560833333333333,MAD,edinburgh,55.95,-3.3725,EDI,1721.1052980678417,4.637328151683961,True
naples,40.88583333333333,14.290555555555555,NAP,manchester,53.353611111111114,-2.274722222222222,MAN,1859.9163820797219,4.636458515467538,True
budapest,47.43666666666666,19.255555555555556,BUD,manchester,53.353611111111114,-2.274722222222222,MAN,1653.6892238010107,4.630162405088534,True
london,51.4775,-0.4613888888888889,LHR,lisboa,38.78111111111111,-9.135833333333332,LIS,1564.637107860353,4.63002033340492,True
istanbul,40.8986,29.3092,SAW,rome,41.812777777777775,12.253055555555555,FCO,1424.8729079314585,4.62984637389811,True
london,51.885,0.23500000000000001,STN,barcelona,41.29694444444444,2.0783333333333336,BCN,1185.6297494156954,4.628833899533281,True
brussels,50.90222222222222,4.498611111111111,BRU,málaga,36.67361111111111,-4.498888888888889,AGP,1736.1503119170181,4.628817821449303,True
istanbul,40.97666666666667,28.82111111111111,IST,berlin,52.559444444444445,13.2875,TXL,1741.5407448199876,4.627600611534708,True
oslo,59.3789,10.7856,RYG,vilnius,54.6341,25.2858,VNO,1021.1605885538507,4.624634353000282,True
rotterdam,51.95722222222223,4.441666666666667,RTM,málaga,36.67361111111111,-4.498888888888889,AGP,1839.0211083018446,4.620666006659003,True
london,51.14805555555556,-0.19027777777777777,LGW,valencia,39.48916666666667,-0.4813888888888889,VLC,1296.6062824865162,4.612889803409358,True
stuttgart,48.689722222222215,9.221944444444444,STR,málaga,36.67361111111111,-4.498888888888889,AGP,1738.965955184224,4.612361966203174,True
lisboa,38.78111111111111,-9.135833333333332,LIS,frankfurt am main,49.94972222222222,7.263888888888889,HHN,1793.1165136433249,4.6118318886508645,True
rome,41.812777777777775,12.253055555555555,FCO,málaga,36.67361111111111,-4.498888888888889,AGP,1548.410112038945,4.6059808638285835,True
athina,37.9364,23.9445,ATH,warszawa,52.16555555555556,20.966944444444444,WAW,1599.0503510513104,4.605242275827151,True
budapest,47.43666666666666,19.255555555555556,BUD,bradford,53.865833333333335,-1.6605555555555556,LBA,1630.5436341497264,4.604445083253773,True
budapest,47.43666666666666,19.255555555555556,BUD,leeds,53.865833333333335,-1.6605555555555556,LBA,1630.5436341497264,4.604445083253773,True
istanbul,40.97666666666667,28.82111111111111,IST,leipzig,51.42388888888889,12.23611111111111,LEJ,1718.5872395184533,4.602096716755226,True
rome,41.799166666666665,12.594722222222222,CIA,vilnius,54.6341,25.2858,VNO,1703.3337230130767,4.5994961288865195,True
brussels,50.90222222222222,4.498611111111111,BRU,sevilla,37.41777777777777,-5.893055555555555,SVQ,1709.4638332189304,4.599166178451427,True
oslo,59.3789,10.7856,RYG,wroclaw,51.1025,16.885833333333334,WRO,997.2568580270164,4.598074652414911,True
paris,49.01277777777778,2.55,CDG,stockholm,59.651944444444446,17.91861111111111,ARN,1539.1614146835886,4.593889565567324,True
london,51.885,0.23500000000000001,STN,wroclaw,51.1025,16.885833333333334,WRO,1153.4809332459888,4.593112992678051,True
london,51.14805555555556,-0.19027777777777777,LGW,porto,41.24805555555556,-8.681388888888888,OPO,1278.2700526146175,4.592516214662804,True
rome,41.812777777777775,12.253055555555555,FCO,københavn,55.617777777777775,12.655833333333334,CPH,1535.3236091717793,4.591440305087288,True
rome,41.799166666666665,12.594722222222222,CIA,manchester,53.353611111111114,-2.274722222222222,MAN,1694.5815156858582,4.589771454078499,True
amsterdam,52.308611111111105,4.763888888888889,AMS,palermo,38.11083333333333,13.313333333333334,PMO,1712.070458306764,4.589349488003235,True
brussels,50.90222222222222,4.498611111111111,BRU,sofia,42.69499999999999,23.40611111111111,SOF,1696.6574900606813,4.584936908275595,True
london,51.505,0.05416666666666667,LCY,málaga,36.67361111111111,-4.498888888888889,AGP,1687.941693845625,4.583116729534092,True
istanbul,40.97666666666667,28.82111111111111,IST,milano,45.63138888888889,8.727777777777778,MXP,1701.0094038240816,4.582565788205924,True
stockholm,59.651944444444446,17.91861111111111,ARN,edinburgh,55.95,-3.3725,EDI,1320.252430194946,4.581193356846101,True
porto,41.24805555555556,-8.681388888888888,OPO,dortmund,51.518055555555556,7.612222222222222,DTM,1685.9982787026188,4.580509038393248,True
barcelona,41.29694444444444,2.0783333333333336,BCN,glasgow,55.871944444444445,-4.433055555555556,GLA,1688.1318541436306,4.579580186960378,True
london,51.885,0.23500000000000001,STN,zaragoza,41.66611111111111,-1.041388888888889,ZAZ,1140.389922460654,4.5785674251387904,True
stockholm,59.651944444444446,17.91861111111111,ARN,munich,48.353611111111114,11.785833333333333,MUC,1317.3413448804283,4.5779588176077475,True
izmir,38.29222222222222,27.15694444444444,ADB,munich,48.353611111111114,11.785833333333333,MUC,1666.9755040213447,4.577149720757517,True
amsterdam,52.308611111111105,4.763888888888889,AMS,palermo,38.17583333333333,13.090833333333334,PMO,1698.6709630716398,4.5744611599642075,True
london,51.885,0.23500000000000001,STN,poznan,52.42111111111111,16.82638888888889,POZ,1131.008151372631,4.568143235040987,True
barcelona,41.29694444444444,2.0783333333333336,BCN,edinburgh,55.95,-3.3725,EDI,1676.583820191386,4.56674903812455,True
london,51.14805555555556,-0.19027777777777777,LGW,vienna,48.11027777777778,16.56972222222222,VIE,1250.386482433204,4.561534470016789,True
london,51.87444444444444,-0.3683333333333333,LTN,wroclaw,51.1025,16.885833333333334,WRO,1194.9070713308668,4.560839564179358,True
sofia,42.69499999999999,23.40611111111111,SOF,amsterdam,52.308611111111105,4.763888888888889,AMS,1753.0991801867344,4.559620936100866,True
bucarest,44.57361111111111,26.103333333333335,OTP,essen,51.28944444444444,6.766666666666667,DUS,1615.8824455891267,4.557430804437545,True
bucarest,44.57361111111111,26.103333333333335,OTP,düsseldorf,51.28944444444444,6.766666666666667,DUS,1615.8824455891267,4.557430804437545,True
bucarest,44.57361111111111,26.103333333333335,OTP,duisburg,51.28944444444444,6.766666666666667,DUS,1615.8824455891267,4.557430804437545,True
athina,37.9364,23.9445,ATH,prague,50.100833333333334,14.26,PRG,1555.632832926887,4.557000589022236,True
london,51.87444444444444,-0.3683333333333333,LTN,barcelona,41.29694444444444,2.0783333333333336,BCN,1190.7505259234636,4.556221180393354,True
istanbul,40.97666666666667,28.82111111111111,IST,nürnberg,49.49861111111111,11.078055555555554,NUE,1675.0573262670787,4.553730146475921,True
barcelona,41.29694444444444,2.0783333333333336,BCN,poznan,52.42111111111111,16.82638888888889,POZ,1663.2272167040567,4.551908367583073,True
istanbul,40.97666666666667,28.82111111111111,IST,genova,44.411944444444444,8.841666666666667,GOA,1672.3572496557906,4.550730061352268,True
london,51.4775,-0.4613888888888889,LHR,budapest,47.43666666666666,19.255555555555556,BUD,1488.9417512102377,4.545914381571459,True
stockholm,59.651944444444446,17.91861111111111,ARN,brussels,50.90222222222222,4.498611111111111,BRU,1287.1127549354892,4.544371495446704,True
rome,41.799166666666665,12.594722222222222,CIA,sevilla,37.41777777777777,-5.893055555555555,SVQ,1653.2114881904417,4.543804756861369,True
porto,41.24805555555556,-8.681388888888888,OPO,frankfurt am main,50.02638888888889,8.543055555555556,FRA,1650.6596489482502,4.5412438942217275,True
barcelona,41.29694444444444,2.0783333333333336,BCN,glasgow,55.507777777777775,-4.586666666666666,PIK,1653.1452774363108,4.540706212841133,True
kraków,50.0775,19.784722222222225,KRK,edinburgh,55.95,-3.3725,EDI,1670.998638173714,4.539742064762877,True
paris,49.01277777777778,2.55,CDG,palermo,38.11083333333333,13.313333333333334,PMO,1487.336570935736,4.536306405847488,True
london,51.87444444444444,-0.3683333333333333,LTN,poznan,52.42111111111111,16.82638888888889,POZ,1172.032392642192,4.535423254525275,True
riga,56.9236,23.9711,RIX,manchester,53.353611111111114,-2.274722222222222,MAN,1703.2364159884237,4.534955761087846,True
london,51.14805555555556,-0.19027777777777777,LGW,oslo,60.193888888888885,11.100277777777777,OSL,1226.4409329162636,4.534928303886855,True
paris,49.01277777777778,2.55,CDG,málaga,36.67361111111111,-4.498888888888889,AGP,1485.9435086686906,4.534758558884104,True
lisboa,38.78111111111111,-9.135833333333332,LIS,zürich,47.46472222222223,8.549166666666666,ZRH,1723.5002049113687,4.534480434504246,True
marseille,43.43555555555555,5.213611111111112,MRS,edinburgh,55.95,-3.3725,EDI,1519.7195256849745,4.530459638861221,True
lisboa,38.78111111111111,-9.135833333333332,LIS,brussels,50.90222222222222,4.498611111111111,BRU,1718.233611323669,4.528628663851246,True
brussels,50.90222222222222,4.498611111111111,BRU,helsinki,60.32,24.95611111111111,HEL,1645.5886402336919,4.528193741801163,True
london,51.4775,-0.4613888888888889,LHR,warszawa,52.16555555555556,20.966944444444444,WAW,1469.4063248761445,4.524208352311355,True
milano,45.63138888888889,8.727777777777778,MXP,sofia,42.69499999999999,23.40611111111111,SOF,1213.5408579645953,4.522941205415602,True
london,51.14805555555556,-0.19027777777777777,LGW,madrid,40.47222222222222,-3.560833333333333,MAD,1215.160052013957,4.522393991773181,True
munich,48.353611111111114,11.785833333333333,MUC,valencia,39.48916666666667,-0.4813888888888889,VLC,1388.4655949689866,4.520128110944632,True
paris,49.01277777777778,2.55,CDG,palermo,38.17583333333333,13.090833333333334,PMO,1470.9409244663518,4.518089020881505,True
warszawa,52.16555555555556,20.966944444444444,WAW,glasgow,55.871944444444445,-4.433055555555556,GLA,1699.2207895356298,4.517468589960422,True
paris,49.01277777777778,2.55,CDG,lisboa,38.78111111111111,-9.135833333333332,LIS,1469.9752378691562,4.51701603577351,True
london,51.4775,-0.4613888888888889,LHR,stockholm,59.651944444444446,17.91861111111111,ARN,1461.9665429752265,4.515941927977002,True
athina,37.9364,23.9445,ATH,munich,48.353611111111114,11.785833333333333,MUC,1517.6773084095141,4.514827784002932,True
oslo,59.3789,10.7856,RYG,edinburgh,55.95,-3.3725,EDI,921.9923206064299,4.514447388614259,True
munich,48.353611111111114,11.785833333333333,MUC,dublin,53.42111111111111,-6.27,DUB,1381.267503267746,4.512130231276586,True
lisboa,38.78111111111111,-9.135833333333332,LIS,manchester,53.353611111111114,-2.274722222222222,MAN,1702.7178767668834,4.511388958788151,True
sevilla,37.41777777777777,-5.893055555555555,SVQ,palermo,38.11083333333333,13.313333333333334,PMO,1687.0601816630347,4.509071512013853,True
bucarest,44.57361111111111,26.103333333333335,OTP,dortmund,51.518055555555556,7.612222222222222,DTM,1570.2796295338414,4.506761008820561,True
vilnius,54.6341,25.2858,VNO,sheffield,53.4805,-1.0107,DSA,1711.0317475834738,4.5033887530294425,True
london,51.4775,-0.4613888888888889,LHR,rome,41.812777777777775,12.253055555555555,FCO,1443.9982156741232,4.495977119864664,True
london,51.885,0.23500000000000001,STN,oslo,59.3789,10.7856,RYG,1061.826060571971,4.491274245262476,True
bucarest,44.57361111111111,26.103333333333335,OTP,københavn,55.617777777777775,12.655833333333334,CPH,1552.6373038455786,4.487158424722491,True
sevilla,37.41777777777777,-5.893055555555555,SVQ,palermo,38.17583333333333,13.090833333333334,PMO,1667.2338838039486,4.4870422921704245,True
milano,45.445277777777775,9.276944444444446,LIN,stockholm,59.651944444444446,17.91861111111111,ARN,1681.0013309817539,4.486769066010842,True
paris,48.72527777777778,2.3594444444444447,ORY,stockholm,59.651944444444446,17.91861111111111,ARN,1573.4747402775454,4.486121546332743,True
valencia,39.48916666666667,-0.4813888888888889,VLC,prague,50.100833333333334,14.26,PRG,1651.1560997175952,4.4828516172054815,True
istanbul,40.8986,29.3092,SAW,vienna,48.11027777777778,16.56972222222222,VIE,1287.0138335678648,4.476669624605228,True
stockholm,59.651944444444446,17.91861111111111,ARN,frankfurt am main,50.02638888888889,8.543055555555556,FRA,1224.5323232543076,4.474837682467614,True
budapest,47.43666666666666,19.255555555555556,BUD,oslo,60.193888888888885,11.100277777777777,OSL,1513.51292671045,4.4744109638767995,True
london,51.885,0.23500000000000001,STN,genova,44.411944444444444,8.841666666666667,GOA,1046.446827092634,4.474186208063212,True
milano,45.63138888888889,8.727777777777778,MXP,manchester,53.353611111111114,-2.274722222222222,MAN,1167.3938433793521,4.471666744765332,True
zürich,47.46472222222223,8.549166666666666,ZRH,málaga,36.67361111111111,-4.498888888888889,AGP,1608.0186459556314,4.468405550313378,True
amsterdam,52.308611111111105,4.763888888888889,AMS,porto,41.24805555555556,-8.681388888888888,OPO,1594.9775530685688,4.459246259960795,True
brussels,50.90222222222222,4.498611111111111,BRU,palermo,38.11083333333333,13.313333333333334,PMO,1582.168394339253,4.457726801918453,True
rome,41.799166666666665,12.594722222222222,CIA,málaga,36.67361111111111,-4.498888888888889,AGP,1575.2382420005401,4.457167816650368,True
munich,48.353611111111114,11.785833333333333,MUC,edinburgh,55.95,-3.3725,EDI,1330.3375749850654,4.455541422073608,True
helsinki,60.32,24.95611111111111,HEL,duisburg,51.28944444444444,6.766666666666667,DUS,1507.6446387323874,4.454684293170126,True
helsinki,60.32,24.95611111111111,HEL,essen,51.28944444444444,6.766666666666667,DUS,1507.6446387323874,4.454684293170126,True
helsinki,60.32,24.95611111111111,HEL,düsseldorf,51.28944444444444,6.766666666666667,DUS,1507.6446387323874,4.454684293170126,True
milano,45.63138888888889,8.727777777777778,MXP,warszawa,52.16555555555556,20.966944444444444,WAW,1149.920487664663,4.452251905082344,True
london,51.885,0.23500000000000001,STN,oslo,59.18666666666666,10.258611111111112,TRF,1025.843330558883,4.451293434136823,True
porto,41.24805555555556,-8.681388888888888,OPO,frankfurt am main,49.94972222222222,7.263888888888889,HHN,1567.7620748475251,4.449135478554255,True
frankfurt am main,50.02638888888889,8.543055555555556,FRA,helsinki,60.32,24.95611111111111,HEL,1539.6154287586344,4.446183196067959,True
milano,45.63138888888889,8.727777777777778,MXP,københavn,55.617777777777775,12.655833333333334,CPH,1144.0138359711552,4.445688958756224,True
oslo,59.3789,10.7856,RYG,poznan,52.42111111111111,16.82638888888889,POZ,859.6372411889047,4.445163967039231,True
brussels,50.45916666666667,4.453611111111111,CRL,kraków,50.0775,19.784722222222225,KRK,1088.5485835277102,4.445029840792793,True
lisboa,38.78111111111111,-9.135833333333332,LIS,dublin,53.42111111111111,-6.27,DUB,1642.4751101617367,4.4444525514491,True
brussels,50.90222222222222,4.498611111111111,BRU,palermo,38.17583333333333,13.090833333333334,PMO,1567.925010425781,4.441900819792373,True
munich,48.353611111111114,11.785833333333333,MUC,oslo,60.193888888888885,11.100277777777777,OSL,1317.312790870197,4.441069439723755,True
istanbul,40.97666666666667,28.82111111111111,IST,munich,48.353611111111114,11.785833333333333,MUC,1572.0708297634096,4.439300705916288,True
berlin,52.559444444444445,13.2875,TXL,palermo,38.11083333333333,13.313333333333334,PMO,1606.6134940855234,4.438273555084253,True
valencia,39.48916666666667,-0.4813888888888889,VLC,dublin,53.42111111111111,-6.27,DUB,1610.0450715682648,4.437172697039559,True
budapest,47.43666666666666,19.255555555555556,BUD,helsinki,60.32,24.95611111111111,HEL,1479.144995462112,4.436224373600869,True
stockholm,59.651944444444446,17.91861111111111,ARN,köln,50.865833333333335,7.1425,CGN,1188.7826570249238,4.435115831101632,True
london,51.885,0.23500000000000001,STN,marseille,43.43555555555555,5.213611111111112,MRS,1010.217932910611,4.433931881194298,True
london,51.57138888888889,0.6955555555555556,SEN,berlin,52.38,13.5225,SXF,882.0008517213822,4.43381307907821,True
dublin,53.42111111111111,-6.27,DUB,wroclaw,51.1025,16.885833333333334,WRO,1589.5855365656005,4.431047226180602,True
berlin,52.559444444444445,13.2875,TXL,palermo,38.17583333333333,13.090833333333334,PMO,1599.4567856204735,4.4303216567897525,True
vienna,48.11027777777778,16.56972222222222,VIE,helsinki,60.32,24.95611111111111,HEL,1460.337093367249,4.4272701397817205,True
brussels,50.45916666666667,4.453611111111111,CRL,oslo,59.3789,10.7856,RYG,1070.0553823911148,4.424481839529909,True
köln,50.865833333333335,7.1425,CGN,palermo,38.11083333333333,13.313333333333334,PMO,1499.0616071125014,4.423053829500356,True
london,51.885,0.23500000000000001,STN,prague,50.100833333333334,14.26,PRG,999.7586414741163,4.422310446264859,True
brussels,50.45916666666667,4.453611111111111,CRL,zaragoza,41.66611111111111,-1.041388888888889,ZAZ,1064.9709302669833,4.418832448280874,True
kraków,50.0775,19.784722222222225,KRK,manchester,53.353611111111114,-2.274722222222222,MAN,1555.9626206865948,4.4119242675549675,True
london,51.4775,-0.4613888888888889,LHR,zagreb,45.74277777777778,16.06861111111111,ZAG,1368.1251070131982,4.41167366579697,True
london,51.885,0.23500000000000001,STN,göteborg,57.77472222222222,11.870277777777778,GSE,989.722140039286,4.411158778003937,True
köln,50.865833333333335,7.1425,CGN,palermo,38.17583333333333,13.090833333333334,PMO,1486.55436141393,4.409156889835277,True
berlin,52.559444444444445,13.2875,TXL,bilbao,43.30083333333333,-2.9105555555555553,BIO,1579.9133882249878,4.408606770794769,True
vienna,48.11027777777778,16.56972222222222,VIE,manchester,53.353611111111114,-2.274722222222222,MAN,1443.1601283155512,4.408184623057612,True
porto,41.24805555555556,-8.681388888888888,OPO,zürich,47.46472222222223,8.549166666666666,ZRH,1529.8530613212063,4.407014352413901,True
london,51.14805555555556,-0.19027777777777777,LGW,oslo,59.18666666666666,10.258611111111112,TRF,1110.5677946634041,4.406180372494789,True
stockholm,59.651944444444446,17.91861111111111,ARN,essen,51.28944444444444,6.766666666666667,DUS,1162.415681042941,4.405819191121651,True
stockholm,59.651944444444446,17.91861111111111,ARN,düsseldorf,51.28944444444444,6.766666666666667,DUS,1162.415681042941,4.405819191121651,True
stockholm,59.651944444444446,17.91861111111111,ARN,duisburg,51.28944444444444,6.766666666666667,DUS,1162.415681042941,4.405819191121651,True
istanbul,40.97666666666667,28.82111111111111,IST,vilnius,54.6341,25.2858,VNO,1540.9149839895567,4.404683099500897,True
london,51.14805555555556,-0.19027777777777777,LGW,barcelona,41.29694444444444,2.0783333333333336,BCN,1109.064427813356,4.404509964883624,True
london,51.885,0.23500000000000001,STN,bilbao,43.30083333333333,-2.9105555555555553,BIO,982.9823255869774,4.40367009527915,True
oslo,59.3789,10.7856,RYG,riga,56.9236,23.9711,RIX,818.7687517267884,4.399754534303546,True
barcelona,41.29694444444444,2.0783333333333336,BCN,budapest,47.43666666666666,19.255555555555556,BUD,1522.0823742928035,4.395080764903903,True
stockholm,59.651944444444446,17.91861111111111,ARN,amsterdam,52.308611111111105,4.763888888888889,AMS,1152.1714059388273,4.394436663228191,True
paris,49.01277777777778,2.55,CDG,oslo,60.193888888888885,11.100277777777777,OSL,1357.1879084186444,4.3916967808284975,True
lyon,45.726111111111116,5.090833333333333,LYS,göteborg,57.66277777777778,12.279722222222222,GOT,1414.8707659717631,4.390550395895645,True
oslo,59.18666666666666,10.258611111111112,TRF,københavn,55.617777777777775,12.655833333333334,CPH,421.95810003756145,4.390168638122232,True
london,51.87444444444444,-0.3683333333333333,LTN,prague,50.100833333333334,14.26,PRG,1040.867061731213,4.389683997957521,True
madrid,40.47222222222222,-3.560833333333333,MAD,munich,48.353611111111114,11.785833333333333,MUC,1496.8054161791783,4.388106060696557,True
munich,48.353611111111114,11.785833333333333,MUC,bilbao,43.30083333333333,-2.9105555555555553,BIO,1266.9599012122333,4.3851217845482395,True
dublin,53.42111111111111,-6.27,DUB,poznan,52.42111111111111,16.82638888888889,POZ,1545.583262731825,4.382155810809739,True
barcelona,41.29694444444444,2.0783333333333336,BCN,berlin,52.559444444444445,13.2875,TXL,1510.3834034292988,4.382081908388898,True
istanbul,40.97666666666667,28.82111111111111,IST,prague,50.100833333333334,14.26,PRG,1516.816683117117,4.377907209642631,True
amsterdam,52.308611111111105,4.763888888888889,AMS,helsinki,60.32,24.95611111111111,HEL,1521.090240518861,4.377149246016676,True
barcelona,41.29694444444444,2.0783333333333336,BCN,berlin,52.38,13.5225,SXF,1504.8984577507424,4.375987524301613,True
paris,49.01277777777778,2.55,CDG,warszawa,52.16555555555556,20.966944444444444,WAW,1342.4812680742734,4.375356069334751,True
bucarest,44.57361111111111,26.103333333333335,OTP,frankfurt am main,50.02638888888889,8.543055555555556,FRA,1451.7829499264851,4.375098031479054,True
london,51.14805555555556,-0.19027777777777777,LGW,göteborg,57.66277777777778,12.279722222222222,GOT,1081.4835202466127,4.3738645120316875,True
kraków,50.0775,19.784722222222225,KRK,leeds,53.865833333333335,-1.6605555555555556,LBA,1521.5860830384352,4.373728114612567,True
kraków,50.0775,19.784722222222225,KRK,bradford,53.865833333333335,-1.6605555555555556,LBA,1521.5860830384352,4.373728114612567,True
paris,48.72527777777778,2.3594444444444447,ORY,palermo,38.11083333333333,13.313333333333334,PMO,1471.859196456664,4.373215386531764,True
munich,48.353611111111114,11.785833333333333,MUC,riga,56.9236,23.9711,RIX,1254.9093794823655,4.371732315959497,True
milano,45.63138888888889,8.727777777777778,MXP,birmingham,52.453611111111115,-1.7477777777777779,BHX,1074.2942976922438,4.36822280511299,True
valencia,39.48916666666667,-0.4813888888888889,VLC,manchester,53.353611111111114,-2.274722222222222,MAN,1547.6429850006605,4.367837045297777,True
sheffield,53.4805,-1.0107,DSA,poznan,52.42111111111111,16.82638888888889,POZ,1197.61426720422,4.364793491934245,True
birmingham,52.453611111111115,-1.7477777777777779,BHX,kraków,50.0775,19.784722222222225,KRK,1515.3588927198157,4.362971060449221,True
barcelona,41.29694444444444,2.0783333333333336,BCN,hamburg,53.63027777777778,9.988055555555555,HAM,1492.5660993667348,4.362284903874938,True
madrid,40.47222222222222,-3.560833333333333,MAD,palermo,38.11083333333333,13.313333333333334,PMO,1473.3113405468519,4.362001532216194,True
rome,41.812777777777775,12.253055555555555,FCO,warszawa,52.16555555555556,20.966944444444444,WAW,1325.260258149612,4.3580365817293245,True
rome,41.812777777777775,12.253055555555555,FCO,hamburg,53.63027777777778,9.988055555555555,HAM,1324.7452268718862,4.357464324754074,True
paris,48.72527777777778,2.3594444444444447,ORY,palermo,38.17583333333333,13.090833333333334,PMO,1455.1950964337827,4.354699719839674,True
barcelona,41.29694444444444,2.0783333333333336,BCN,dublin,53.42111111111111,-6.27,DUB,1485.2030006953244,4.354103683128926,True
paris,48.72527777777778,2.3594444444444447,ORY,málaga,36.67361111111111,-4.498888888888889,AGP,1451.0823408822191,4.350129991449048,True
oslo,60.193888888888885,11.100277777777777,OSL,manchester,53.353611111111114,-2.274722222222222,MAN,1110.9501322061685,4.349909935982072,True
vienna,48.11027777777778,16.56972222222222,VIE,oslo,60.193888888888885,11.100277777777777,OSL,1388.873364927505,4.347865997070894,True
madrid,40.47222222222222,-3.560833333333333,MAD,amsterdam,52.308611111111105,4.763888888888889,AMS,1460.5649820044846,4.347838911613564,True
warszawa,52.4511,20.6518,WMI,brussels,50.45916666666667,4.453611111111111,CRL,1141.4302114897494,4.346512603566922,True
madrid,40.47222222222222,-3.560833333333333,MAD,dublin,53.42111111111111,-6.27,DUB,1454.1863753056434,4.340751570837074,True
wroclaw,51.1025,16.885833333333334,WRO,glasgow,55.507777777777775,-4.586666666666666,PIK,1501.2606243951916,4.339777664499659,True
madrid,40.47222222222222,-3.560833333333333,MAD,palermo,38.17583333333333,13.090833333333334,PMO,1452.631453929911,4.339023880419593,True
brussels,50.90222222222222,4.498611111111111,BRU,porto,41.24805555555556,-8.681388888888888,OPO,1474.2038967443739,4.337766249035253,True
london,51.885,0.23500000000000001,STN,torino,45.20055555555556,7.649444444444444,TRN,921.1535080489869,4.334971409125827,True
paris,48.72527777777778,2.3594444444444447,ORY,lisboa,38.78111111111111,-9.135833333333332,LIS,1437.2600996098708,4.334771945590883,True
london,51.4775,-0.4613888888888889,LHR,porto,41.24805555555556,-8.681388888888888,OPO,1298.7552904854374,4.334596091877236,True
london,51.885,0.23500000000000001,STN,københavn,55.617777777777775,12.655833333333334,CPH,914.3017015111267,4.327358290750427,True
zürich,47.46472222222223,8.549166666666666,ZRH,riga,56.9236,23.9711,RIX,1480.5478493886667,4.32677133190564,True
madrid,40.47222222222222,-3.560833333333333,MAD,duisburg,51.28944444444444,6.766666666666667,DUS,1441.1849747552394,4.3263055702255135,True
madrid,40.47222222222222,-3.560833333333333,MAD,düsseldorf,51.28944444444444,6.766666666666667,DUS,1441.1849747552394,4.3263055702255135,True
madrid,40.47222222222222,-3.560833333333333,MAD,essen,51.28944444444444,6.766666666666667,DUS,1441.1849747552394,4.3263055702255135,True
rome,41.812777777777775,12.253055555555555,FCO,amsterdam,52.308611111111105,4.763888888888889,AMS,1296.0068664298294,4.3255328131517885,True
london,51.885,0.23500000000000001,STN,munich,48.353611111111114,11.785833333333333,MUC,911.0009343073184,4.323690771635084,True
sofia,42.69499999999999,23.40611111111111,SOF,dortmund,51.518055555555556,7.612222222222222,DTM,1540.7244112064311,4.323648970567196,True
stockholm,59.651944444444446,17.91861111111111,ARN,prague,50.100833333333334,14.26,PRG,1087.1028097246456,4.322138222990212,True
madrid,40.47222222222222,-3.560833333333333,MAD,manchester,53.353611111111114,-2.274722222222222,MAN,1435.6103531430522,4.320111546211972,True
london,51.885,0.23500000000000001,STN,berlin,52.38,13.5225,SXF,907.3320765555718,4.319614263022032,True
paris,48.72527777777778,2.3594444444444447,ORY,sevilla,37.41777777777777,-5.893055555555555,SVQ,1422.8796107871894,4.318793624676792,True
paris,49.01277777777778,2.55,CDG,naples,40.88583333333333,14.290555555555555,NAP,1289.6047463562606,4.31660437853696,True
brussels,50.90222222222222,4.498611111111111,BRU,vilnius,54.6341,25.2858,VNO,1452.6298815236023,4.313795121012174,True
london,51.14805555555556,-0.19027777777777777,LGW,prague,50.100833333333334,14.26,PRG,1024.2990609043106,4.310326223873574,True
london,51.4775,-0.4613888888888889,LHR,vienna,48.11027777777778,16.56972222222222,VIE,1275.163691659643,4.30838320429302,True
bucarest,44.57361111111111,26.103333333333335,OTP,zürich,47.46472222222223,8.549166666666666,ZRH,1389.7862337062747,4.306212791234375,True
budapest,47.43666666666666,19.255555555555556,BUD,stockholm,59.651944444444446,17.91861111111111,ARN,1361.0754313699802,4.305035969054055,True
stockholm,59.651944444444446,17.91861111111111,ARN,kraków,50.0775,19.784722222222225,KRK,1071.1963973374573,4.304464431448891,True
madrid,40.47222222222222,-3.560833333333333,MAD,frankfurt am main,50.02638888888889,8.543055555555556,FRA,1419.9788339139207,4.3027431915129375,True
london,51.505,0.05416666666666667,LCY,stockholm,59.651944444444446,17.91861111111111,ARN,1434.8870768852657,4.3019449329114705,True
london,51.87444444444444,-0.3683333333333333,LTN,milano,45.63138888888889,8.727777777777778,MXP,961.2037730753749,4.301169232784368,True
rome,41.812777777777775,12.253055555555555,FCO,rotterdam,51.95722222222223,4.441666666666667,RTM,1272.9716491428005,4.299938127277311,True
rome,41.812777777777775,12.253055555555555,FCO,hague,51.95722222222223,4.441666666666667,RTM,1272.9716491428005,4.299938127277311,True
madrid,40.47222222222222,-3.560833333333333,MAD,hague,51.95722222222223,4.441666666666667,RTM,1415.7297053685595,4.2980219375736475,True
madrid,40.47222222222222,-3.560833333333333,MAD,rotterdam,51.95722222222223,4.441666666666667,RTM,1415.7297053685595,4.2980219375736475,True
valencia,39.48916666666667,-0.4813888888888889,VLC,amsterdam,52.308611111111105,4.763888888888889,AMS,1481.1245028729095,4.293927620711386,True
brussels,50.90222222222222,4.498611111111111,BRU,riga,56.9236,23.9711,RIX,1433.4110600069573,4.292440874882568,True
london,51.14805555555556,-0.19027777777777777,LGW,genova,44.411944444444444,8.841666666666667,GOA,1006.7429461916569,4.290819429748403,True
barcelona,41.29694444444444,2.0783333333333336,BCN,bradford,53.865833333333335,-1.6605555555555556,LBA,1424.9397456107863,4.287144510812773,True
barcelona,41.29694444444444,2.0783333333333336,BCN,leeds,53.865833333333335,-1.6605555555555556,LBA,1424.9397456107863,4.287144510812773,True
london,51.87444444444444,-0.3683333333333333,LTN,berlin,52.38,13.5225,SXF,948.4392146874802,4.286986390131151,True
london,51.505,0.05416666666666667,LCY,rome,41.812777777777775,12.253055555555555,FCO,1420.372762169404,4.2858179165605135,True
paris,48.72527777777778,2.3594444444444447,ORY,oslo,60.193888888888885,11.100277777777777,OSL,1392.0106063015414,4.28449473080385,True
dublin,53.42111111111111,-6.27,DUB,prague,50.100833333333334,14.26,PRG,1454.7380017684015,4.281216631961492,True
oslo,60.193888888888885,11.100277777777777,OSL,vilnius,54.6341,25.2858,VNO,1047.152575211118,4.279023761543127,True
london,51.4775,-0.4613888888888889,LHR,madrid,40.47222222222222,-3.560833333333333,MAD,1246.6493049107755,4.276700552349833,True
rome,41.812777777777775,12.253055555555555,FCO,bilbao,43.30083333333333,-2.9105555555555553,BIO,1251.2076809525,4.2757559403992,True
barcelona,41.29694444444444,2.0783333333333336,BCN,dresden,51.1325,13.766944444444444,DRS,1412.436554784251,4.273252076561067,True
berlin,52.38,13.5225,SXF,dublin,53.42111111111111,-6.27,DUB,1328.2656793514748,4.271784970485081,True
warszawa,52.16555555555556,20.966944444444444,WAW,sheffield,53.4805,-1.0107,DSA,1478.015372687578,4.271684793462587,True
munich,48.353611111111114,11.785833333333333,MUC,vilnius,54.6341,25.2858,VNO,1163.4806466205607,4.270144835001936,True
paris,49.01277777777778,2.55,CDG,budapest,47.43666666666666,19.255555555555556,BUD,1247.277555068126,4.269574165994587,True
paris,49.01277777777778,2.55,CDG,kraków,50.0775,19.784722222222225,KRK,1246.2841391626032,4.268470370544007,True
frankfurt am main,50.02638888888889,8.543055555555556,FRA,palermo,38.11083333333333,13.313333333333334,PMO,1377.9334525298368,4.2665365558137385,True
london,51.14805555555556,-0.19027777777777777,LGW,københavn,55.617777777777775,12.655833333333334,CPH,984.1758071657648,4.265744830830745,True
zürich,47.46472222222223,8.549166666666666,ZRH,oslo,60.193888888888885,11.100277777777777,OSL,1425.0163939755519,4.2650697147799566,True
izmir,38.29222222222222,27.15694444444444,ADB,vienna,48.11027777777778,16.56972222222222,VIE,1385.899631476404,4.2648431957075825,True
lyon,45.726111111111116,5.090833333333333,LYS,sevilla,37.41777777777777,-5.893055555555555,SVQ,1297.0456228708185,4.259633570227929,True
oslo,60.193888888888885,11.100277777777777,OSL,essen,51.28944444444444,6.766666666666667,DUS,1026.0632586871493,4.255591187627606,True
oslo,60.193888888888885,11.100277777777777,OSL,düsseldorf,51.28944444444444,6.766666666666667,DUS,1026.0632586871493,4.255591187627606,True
oslo,60.193888888888885,11.100277777777777,OSL,duisburg,51.28944444444444,6.766666666666667,DUS,1026.0632586871493,4.255591187627606,True
frankfurt am main,50.02638888888889,8.543055555555556,FRA,palermo,38.17583333333333,13.090833333333334,PMO,1366.1733093333646,4.253469730039881,True
paris,49.01277777777778,2.55,CDG,porto,41.24805555555556,-8.681388888888888,OPO,1231.1411697582937,4.251644848983663,True
munich,48.353611111111114,11.785833333333333,MUC,palermo,38.11083333333333,13.313333333333334,PMO,1145.582805333609,4.250258344683101,True
sofia,42.69499999999999,23.40611111111111,SOF,frankfurt am main,49.94972222222222,7.263888888888889,HHN,1474.167474313583,4.249696818464031,True
athina,37.9364,23.9445,ATH,vienna,48.11027777777778,16.56972222222222,VIE,1278.8920046244705,4.249510779797329,True
istanbul,40.8986,29.3092,SAW,budapest,47.43666666666666,19.255555555555556,BUD,1080.77358062022,4.247513787996734,True
lyon,45.726111111111116,5.090833333333333,LYS,málaga,36.67361111111111,-4.498888888888889,AGP,1285.251930548383,4.246529467647445,True
berlin,52.38,13.5225,SXF,sofia,42.69499999999999,23.40611111111111,SOF,1305.1785136368871,4.246132564135539,True
valencia,39.48916666666667,-0.4813888888888889,VLC,hague,51.95722222222223,4.441666666666667,RTM,1437.2422296570053,4.245169539360382,True
valencia,39.48916666666667,-0.4813888888888889,VLC,rotterdam,51.95722222222223,4.441666666666667,RTM,1437.2422296570053,4.245169539360382,True
lyon,45.726111111111116,5.090833333333333,LYS,edinburgh,55.95,-3.3725,EDI,1280.64184565299,4.241407151097008,True
munich,48.353611111111114,11.785833333333333,MUC,palermo,38.17583333333333,13.090833333333334,PMO,1136.592193171699,4.240268775614312,True
milano,45.63138888888889,8.727777777777778,MXP,bilbao,43.30083333333333,-2.9105555555555553,BIO,958.2487521959323,4.239283310117088,True
barcelona,41.29694444444444,2.0783333333333336,BCN,manchester,53.353611111111114,-2.274722222222222,MAN,1379.5404115861581,4.236700806340964,True
porto,41.24805555555556,-8.681388888888888,OPO,lille,50.56166666666666,3.0894444444444447,LIL,1375.8067838401291,4.235851821879371,True
madrid,40.47222222222222,-3.560833333333333,MAD,rome,41.799166666666665,12.594722222222222,CIA,1358.9638988392069,4.2349488192077,True
valencia,39.48916666666667,-0.4813888888888889,VLC,duisburg,51.28944444444444,6.766666666666667,DUS,1427.3042654669277,4.234127356926963,True
valencia,39.48916666666667,-0.4813888888888889,VLC,essen,51.28944444444444,6.766666666666667,DUS,1427.3042654669277,4.234127356926963,True
valencia,39.48916666666667,-0.4813888888888889,VLC,düsseldorf,51.28944444444444,6.766666666666667,DUS,1427.3042654669277,4.234127356926963,True
vienna,48.11027777777778,16.56972222222222,VIE,stockholm,59.651944444444446,17.91861111111111,ARN,1286.348171500436,4.233949115485261,True
munich,48.353611111111114,11.785833333333333,MUC,manchester,53.353611111111114,-2.274722222222222,MAN,1130.0254296397168,4.232972371689888,True
london,51.885,0.23500000000000001,STN,leipzig,51.42388888888889,12.23611111111111,LEJ,828.5472597654377,4.2320755776996615,True
london,51.4775,-0.4613888888888889,LHR,oslo,60.193888888888885,11.100277777777777,OSL,1204.919607540048,4.230334221937914,True
london,51.14805555555556,-0.19027777777777777,LGW,berlin,52.38,13.5225,SXF,952.1039325444336,4.230109414584821,True
istanbul,40.97666666666667,28.82111111111111,IST,rome,41.812777777777775,12.253055555555555,FCO,1383.0029021488708,4.229225230789023,True
london,51.14805555555556,-0.19027777777777777,LGW,marseille,43.43555555555555,5.213611111111112,MRS,948.8755660966692,4.226522340753972,True
barcelona,41.29694444444444,2.0783333333333336,BCN,vienna,48.11027777777778,16.56972222222222,VIE,1369.707410844898,4.225775249961786,True
istanbul,40.97666666666667,28.82111111111111,IST,warszawa,52.16555555555556,20.966944444444444,WAW,1379.519169176088,4.22535441637482,True
barcelona,41.29694444444444,2.0783333333333336,BCN,hannover,52.46083333333333,9.685,HAJ,1367.5929391114196,4.223425836924587,True
barcelona,41.29694444444444,2.0783333333333336,BCN,leipzig,51.42388888888889,12.23611111111111,LEJ,1366.738272571288,4.222476207435553,True
london,51.14805555555556,-0.19027777777777777,LGW,milano,45.445277777777775,9.276944444444446,LIN,943.4109851639009,4.220450584162007,True
rome,41.812777777777775,12.253055555555555,FCO,hannover,52.46083333333333,9.685,HAJ,1199.6333788395043,4.218451160273649,True
berlin,52.38,13.5225,SXF,naples,40.88583333333333,14.290555555555555,NAP,1279.4180066520282,4.217509778596807,True
bordeaux,44.82833333333333,-0.7155555555555555,BOD,palermo,38.11083333333333,13.313333333333334,PMO,1384.185622775301,4.216890149413903,True
barcelona,41.29694444444444,2.0783333333333336,BCN,prague,50.100833333333334,14.26,PRG,1358.0513910435764,4.212824116849206,True
dublin,53.42111111111111,-6.27,DUB,marseille,43.43555555555555,5.213611111111112,MRS,1393.0851994615914,4.212713518287258,True
london,51.885,0.23500000000000001,STN,nürnberg,49.49861111111111,11.078055555555554,NUE,807.646508642902,4.208852520896843,True
budapest,47.43666666666666,19.255555555555556,BUD,stockholm,58.78861111111111,16.911944444444444,NYO,1271.7331598372305,4.205766778462111,True
milano,45.445277777777775,9.276944444444446,LIN,dublin,53.42111111111111,-6.27,DUB,1426.7528277726833,4.204270729111874,True
madrid,40.47222222222222,-3.560833333333333,MAD,rome,41.812777777777775,12.253055555555555,FCO,1330.6756066479975,4.2035173834396895,True
munich,48.353611111111114,11.785833333333333,MUC,sofia,42.69499999999999,23.40611111111111,SOF,1100.562005604428,4.2002352338729,True
bordeaux,44.82833333333333,-0.7155555555555555,BOD,palermo,38.17583333333333,13.090833333333334,PMO,1364.3122602762112,4.194808635526025,True
milano,45.63138888888889,8.727777777777778,MXP,palermo,38.11083333333333,13.313333333333334,PMO,918.0048677890062,4.194567882998281,True
oslo,60.193888888888885,11.100277777777777,OSL,edinburgh,55.95,-3.3725,EDI,970.2445593484375,4.193570410584593,True
naples,40.88583333333333,14.290555555555555,NAP,amsterdam,52.308611111111105,4.763888888888889,AMS,1461.095594880845,4.193324307468785,True
madrid,40.47222222222222,-3.560833333333333,MAD,brussels,50.90222222222222,4.498611111111111,BRU,1316.1114033547447,4.187334935336075,True
london,51.14805555555556,-0.19027777777777777,LGW,munich,48.353611111111114,11.785833333333333,MUC,913.5303731796358,4.187249904179491,True
rome,41.812777777777775,12.253055555555555,FCO,brussels,50.90222222222222,4.498611111111111,BRU,1171.395491054644,4.187075729401582,True
london,51.885,0.23500000000000001,STN,bordeaux,44.82833333333333,-0.7155555555555555,BOD,787.7835530711692,4.186782570261585,True
rome,41.799166666666665,12.594722222222222,CIA,warszawa,52.4511,20.6518,WMI,1330.1679523044074,4.184867494765776,True
naples,40.88583333333333,14.290555555555555,NAP,hamburg,53.63027777777778,9.988055555555555,HAM,1453.1542443534204,4.184500584660536,True
budapest,47.43666666666666,19.255555555555556,BUD,göteborg,57.77472222222222,11.870277777777778,GSE,1251.3165763188565,4.183081685663918,True
prague,50.100833333333334,14.26,PRG,edinburgh,55.95,-3.3725,EDI,1341.2859762029059,4.182910822963259,True
dublin,53.42111111111111,-6.27,DUB,porto,41.24805555555556,-8.681388888888888,OPO,1365.517756241859,4.182083025820888,True
birmingham,52.453611111111115,-1.7477777777777779,BHX,porto,41.24805555555556,-8.681388888888888,OPO,1351.4567502367195,4.180857568801336,True
milano,45.63138888888889,8.727777777777778,MXP,palermo,38.17583333333333,13.090833333333334,PMO,903.8789492210384,4.178872417922761,True
rome,41.812777777777775,12.253055555555555,FCO,bucarest,44.57361111111111,26.103333333333335,OTP,1162.3864510183744,4.177065684916838,True
lisboa,38.78111111111111,-9.135833333333332,LIS,lyon,45.726111111111116,5.090833333333333,LYS,1399.4152334071712,4.174386021721805,True
warszawa,52.4511,20.6518,WMI,oslo,59.3789,10.7856,RYG,983.5173141604868,4.17105382875663,True
london,51.14805555555556,-0.19027777777777777,LGW,milano,45.63138888888889,8.727777777777778,MXP,898.7922608258473,4.1708742237863925,True
valencia,39.48916666666667,-0.4813888888888889,VLC,frankfurt am main,50.02638888888889,8.543055555555556,FRA,1369.0865261766437,4.169440979937758,True
lyon,45.726111111111116,5.090833333333333,LYS,porto,41.24805555555556,-8.681388888888888,OPO,1215.4370321656381,4.168957358333284,True
amsterdam,52.308611111111105,4.763888888888889,AMS,riga,56.9236,23.9711,RIX,1333.2371548174337,4.1684235952373125,True
london,51.885,0.23500000000000001,STN,lyon,45.726111111111116,5.090833333333333,LYS,771.2475999954111,4.1684092890662985,True
paris,49.01277777777778,2.55,CDG,göteborg,57.66277777777778,12.279722222222222,GOT,1156.159726266935,4.168332133993264,True
milano,45.63138888888889,8.727777777777778,MXP,hamburg,53.63027777777778,9.988055555555555,HAM,894.0166315722298,4.167914287201863,True
london,51.4775,-0.4613888888888889,LHR,barcelona,41.29694444444444,2.0783333333333336,BCN,1148.475109666311,4.1676181131893175,True
sofia,42.69499999999999,23.40611111111111,SOF,frankfurt am main,50.02638888888889,8.543055555555556,FRA,1397.845227211018,4.164894321683403,True
berlin,52.38,13.5225,SXF,glasgow,55.871944444444445,-4.433055555555556,GLA,1228.5970809866305,4.161042083413032,True
paris,48.72527777777778,2.3594444444444447,ORY,naples,40.88583333333333,14.290555555555555,NAP,1280.1615715210862,4.160218025492233,True
prague,50.100833333333334,14.26,PRG,helsinki,60.32,24.95611111111111,HEL,1319.8491860096876,4.159092167193016,True
munich,48.353611111111114,11.785833333333333,MUC,birmingham,52.453611111111115,-1.7477777777777779,BHX,1059.8063156110336,4.15495113388024,True
istanbul,40.8986,29.3092,SAW,diyarbakir,37.89361111111111,40.20055555555556,DIY,992.9009570211981,4.149877539553377,True
london,51.14805555555556,-0.19027777777777777,LGW,torino,45.20055555555556,7.649444444444444,TRN,879.5303517291959,4.1494721025678905,True
frankfurt am main,50.02638888888889,8.543055555555556,FRA,riga,56.9236,23.9711,RIX,1272.1982379840613,4.149052984096211,True
rome,41.812777777777775,12.253055555555555,FCO,düsseldorf,51.28944444444444,6.766666666666667,DUS,1133.4032021306214,4.144862075041557,True
rome,41.812777777777775,12.253055555555555,FCO,essen,51.28944444444444,6.766666666666667,DUS,1133.4032021306214,4.144862075041557,True
rome,41.812777777777775,12.253055555555555,FCO,duisburg,51.28944444444444,6.766666666666667,DUS,1133.4032021306214,4.144862075041557,True
madrid,40.47222222222222,-3.560833333333333,MAD,brussels,50.45916666666667,4.453611111111111,CRL,1272.5771593547704,4.138963553113881,True
paris,48.72527777777778,2.3594444444444447,ORY,budapest,47.43666666666666,19.255555555555556,BUD,1260.6806783817071,4.1385725886707005,True
poznan,52.42111111111111,16.82638888888889,POZ,edinburgh,55.95,-3.3725,EDI,1365.961324882342,4.137695210970399,True
berlin,52.559444444444445,13.2875,TXL,sofia,42.69499999999999,23.40611111111111,SOF,1330.7034593882743,4.131706849865087,True
london,51.87444444444444,-0.3683333333333333,LTN,zürich,47.46472222222223,8.549166666666666,ZRH,806.6825848140932,4.129479023605166,True
munich,48.353611111111114,11.785833333333333,MUC,göteborg,57.66277777777778,12.279722222222222,GOT,1035.6520929352725,4.12811310868495,True
brussels,50.45916666666667,4.453611111111111,CRL,edinburgh,55.95,-3.3725,EDI,801.7856643262411,4.126404375013382,True
munich,48.353611111111114,11.785833333333333,MUC,bordeaux,44.82833333333333,-0.7155555555555555,BOD,1031.038135822367,4.12298648967061,True
valencia,39.48916666666667,-0.4813888888888889,VLC,brussels,50.90222222222222,4.498611111111111,BRU,1326.9260683164796,4.122596026759798,True
london,51.885,0.23500000000000001,STN,stuttgart,48.689722222222215,9.221944444444444,STR,729.9652736645703,4.122540037587586,True
marseille,43.43555555555555,5.213611111111112,MRS,sevilla,37.41777777777777,-5.893055555555555,SVQ,1152.3255107442585,4.12224406670487,True
barcelona,41.29694444444444,2.0783333333333336,BCN,birmingham,52.453611111111115,-1.7477777777777779,BHX,1273.727321649893,4.11913070641178,True
frankfurt am main,50.02638888888889,8.543055555555556,FRA,vilnius,54.6341,25.2858,VNO,1243.7459617127977,4.117439343794807,True
rome,41.812777777777775,12.253055555555555,FCO,valencia,39.48916666666667,-0.4813888888888889,VLC,1103.800243648185,4.111969898949961,True
london,51.14805555555556,-0.19027777777777777,LGW,toulouse,43.62888888888889,1.363611111111111,TLS,844.183719015905,4.11019806621979,True
rome,41.812777777777775,12.253055555555555,FCO,bordeaux,44.82833333333333,-0.7155555555555555,BOD,1099.9780427478183,4.107723009060665,True
valencia,39.48916666666667,-0.4813888888888889,VLC,frankfurt am main,49.94972222222222,7.263888888888889,HHN,1312.6487276377775,4.106732314894573,True
paris,49.01277777777778,2.55,CDG,rome,41.812777777777775,12.253055555555555,FCO,1100.3821943197438,4.106357098496385,True
berlin,52.38,13.5225,SXF,rome,41.812777777777775,12.253055555555555,FCO,1178.8944214117594,4.10581690610762,True
brussels,50.45916666666667,4.453611111111111,CRL,marseille,43.43555555555555,5.213611111111112,MRS,783.1059898698439,4.105649181172941,True
london,51.505,0.05416666666666667,LCY,madrid,40.47222222222222,-3.560833333333333,MAD,1257.7685700505929,4.105146591984056,True
london,51.87444444444444,-0.3683333333333333,LTN,bordeaux,44.82833333333333,-0.7155555555555555,BOD,783.9092913042099,4.104175364149739,True
madrid,40.47222222222222,-3.560833333333333,MAD,zürich,47.46472222222223,8.549166666666666,ZRH,1240.0429344345187,4.102814414313602,True
dublin,53.42111111111111,-6.27,DUB,oslo,60.193888888888885,11.100277777777777,OSL,1291.8382725562333,4.10021693283686,True
budapest,47.43666666666666,19.255555555555556,BUD,rotterdam,51.95722222222223,4.441666666666667,RTM,1175.2393298857055,4.098551411849305,True
budapest,47.43666666666666,19.255555555555556,BUD,hague,51.95722222222223,4.441666666666667,RTM,1175.2393298857055,4.098551411849305,True
berlin,52.559444444444445,13.2875,TXL,naples,40.88583333333333,14.290555555555555,NAP,1300.2620875984162,4.097883103431911,True
milano,45.63138888888889,8.727777777777778,MXP,budapest,47.43666666666666,19.255555555555556,BUD,829.2294715509,4.095928553844829,True
rome,41.812777777777775,12.253055555555555,FCO,athina,37.9364,23.9445,ATH,1085.6388309637048,4.09179055152276,True
berlin,52.38,13.5225,SXF,edinburgh,55.95,-3.3725,EDI,1165.700692509991,4.0911572073278775,True
budapest,47.43666666666666,19.255555555555556,BUD,amsterdam,52.308611111111105,4.763888888888889,AMS,1168.4445494009135,4.091001655755092,True
paris,49.01277777777778,2.55,CDG,valencia,39.48916666666667,-0.4813888888888889,VLC,1085.9115360723417,4.0902785893326055,True
milano,45.445277777777775,9.276944444444446,LIN,bucarest,44.57361111111111,26.103333333333335,OTP,1323.9002617276144,4.089990100172908,True
berlin,52.559444444444445,13.2875,TXL,bucarest,44.57361111111111,26.103333333333335,OTP,1291.800555714858,4.088481401339069,True
rome,41.812777777777775,12.253055555555555,FCO,köln,50.865833333333335,7.1425,CGN,1079.740539127483,4.085236893926959,True
barcelona,41.29694444444444,2.0783333333333336,BCN,amsterdam,52.308611111111105,4.763888888888889,AMS,1241.15600849471,4.082940358461577,True
istanbul,40.97666666666667,28.82111111111111,IST,vienna,48.11027777777778,16.56972222222222,VIE,1251.1502581947568,4.08272229306223,True
paris,49.01277777777778,2.55,CDG,zagreb,45.74277777777778,16.06861111111111,ZAG,1079.1047128290356,4.082715452395599,True
marseille,43.43555555555555,5.213611111111112,MRS,málaga,36.67361111111111,-4.498888888888889,AGP,1116.0382651468635,4.081924904929987,True
london,51.4775,-0.4613888888888889,LHR,göteborg,57.66277777777778,12.279722222222222,GOT,1068.2586070889608,4.07848866588115,True
athina,37.9364,23.9445,ATH,budapest,47.43666666666666,19.255555555555556,BUD,1123.2066553179932,4.076527058345687,True
vienna,48.11027777777778,16.56972222222222,VIE,palermo,38.11083333333333,13.313333333333334,PMO,1142.5920758275952,4.074220120293217,True
kraków,50.0775,19.784722222222225,KRK,oslo,60.193888888888885,11.100277777777777,OSL,1250.602667565564,4.072635430753822,True
lisboa,38.78111111111111,-9.135833333333332,LIS,marseille,43.43555555555555,5.213611111111112,MRS,1306.641053115999,4.0713035991760576,True
vienna,48.11027777777778,16.56972222222222,VIE,palermo,38.17583333333333,13.090833333333334,PMO,1139.8254154805106,4.0711460532409,True
paris,48.72527777777778,2.3594444444444447,ORY,porto,41.24805555555556,-8.681388888888888,OPO,1199.909131152171,4.07104864730455,True
london,51.57138888888889,0.6955555555555556,SEN,edinburgh,55.95,-3.3725,EDI,555.2570398812996,4.070764399255896,True
barcelona,41.29694444444444,2.0783333333333336,BCN,zagreb,45.74277777777778,16.06861111111111,ZAG,1229.4411399767234,4.069923837886036,True
valencia,39.48916666666667,-0.4813888888888889,VLC,brussels,50.45916666666667,4.453611111111111,CRL,1279.3513633758114,4.069735243492389,True
bordeaux,44.82833333333333,-0.7155555555555555,BOD,edinburgh,55.95,-3.3725,EDI,1250.6940838268704,4.068566217248979,True
brussels,50.45916666666667,4.453611111111111,CRL,genova,44.411944444444444,8.841666666666667,GOA,748.7248105948055,4.067447870867342,True
hamburg,53.63027777777778,9.988055555555555,HAM,toulouse,43.62888888888889,1.363611111111111,TLS,1277.9297898245304,4.067444918620833,True
paris,49.01277777777778,2.55,CDG,madrid,40.47222222222222,-3.560833333333333,MAD,1064.4168619272327,4.066395618060262,True
rome,41.799166666666665,12.594722222222222,CIA,poznan,52.42111111111111,16.82638888888889,POZ,1223.2032847206601,4.066017864117168,True
bucarest,44.57361111111111,26.103333333333335,OTP,munich,48.353611111111114,11.785833333333333,MUC,1172.2008372156224,4.064451239578095,True
riga,56.9236,23.9711,RIX,essen,51.28944444444444,6.766666666666667,DUS,1279.615616239523,4.064265983589068,True
riga,56.9236,23.9711,RIX,duisburg,51.28944444444444,6.766666666666667,DUS,1279.615616239523,4.064265983589068,True
naples,40.88583333333333,14.290555555555555,NAP,brussels,50.90222222222222,4.498611111111111,BRU,1344.5763072957097,4.06385843237419,True
milano,45.63138888888889,8.727777777777778,MXP,amsterdam,52.308611111111105,4.763888888888889,AMS,796.5522607850455,4.0596205418827696,True
budapest,47.43666666666666,19.255555555555556,BUD,brussels,50.90222222222222,4.498611111111111,BRU,1137.5912322955016,4.056720192304635,True
brussels,50.45916666666667,4.453611111111111,CRL,bordeaux,44.82833333333333,-0.7155555555555555,BOD,735.7855936704449,4.053070963173608,True
london,51.4775,-0.4613888888888889,LHR,prague,50.100833333333334,14.26,PRG,1044.2673095393582,4.051831668603814,True
wroclaw,51.1025,16.885833333333334,WRO,sheffield,53.4805,-1.0107,DSA,1242.01638067602,4.051728504811691,True
naples,40.88583333333333,14.290555555555555,NAP,hannover,52.46083333333333,9.685,HAJ,1333.4832569916236,4.051532820925206,True
barcelona,41.29694444444444,2.0783333333333336,BCN,dortmund,51.518055555555556,7.612222222222222,DTM,1212.2714882694318,4.050846447100157,True
budapest,47.43666666666666,19.255555555555556,BUD,brussels,50.45916666666667,4.453611111111111,CRL,1129.7504573277772,4.048008220118274,True
düsseldorf,51.28944444444444,6.766666666666667,DUS,riga,56.9236,23.9711,RIX,1279.615616239523,4.04778743098152,True
paris,49.01277777777778,2.55,CDG,wroclaw,51.1025,16.885833333333334,WRO,1047.6429552612547,4.047757943986953,True
istanbul,40.97666666666667,28.82111111111111,IST,naples,40.88583333333333,14.290555555555555,NAP,1219.3061232201096,4.047339920868178,True
dublin,53.42111111111111,-6.27,DUB,københavn,55.617777777777775,12.655833333333334,CPH,1241.5382132180002,4.044327978016601,True
munich,48.353611111111114,11.785833333333333,MUC,toulouse,43.62888888888889,1.363611111111111,TLS,960.1177067255694,4.0441860128963905,True
dublin,53.42111111111111,-6.27,DUB,zürich,47.46472222222223,8.549166666666666,ZRH,1237.302672885946,4.039621822092097,True
dublin,53.42111111111111,-6.27,DUB,oslo,59.3789,10.7856,RYG,1235.705812233649,4.037847532478433,True
london,51.87444444444444,-0.3683333333333333,LTN,hamburg,53.63027777777778,9.988055555555555,HAM,723.0915637965919,4.036600111363497,True
madrid,40.47222222222222,-3.560833333333333,MAD,milano,45.445277777777775,9.276944444444446,LIN,1180.085143727234,4.036194646861063,True
oslo,60.193888888888885,11.100277777777777,OSL,riga,56.9236,23.9711,RIX,828.5382390666192,4.036118943604794,True
barcelona,41.29694444444444,2.0783333333333336,BCN,hague,51.95722222222223,4.441666666666667,RTM,1198.8558919568875,4.035940228975107,True
barcelona,41.29694444444444,2.0783333333333336,BCN,rotterdam,51.95722222222223,4.441666666666667,RTM,1198.8558919568875,4.035940228975107,True
stockholm,59.35416666666667,17.941388888888888,BMA,brussels,50.90222222222222,4.498611111111111,BRU,1265.6490376671502,4.035065900907411,True
paris,49.01277777777778,2.55,CDG,vienna,48.11027777777778,16.56972222222222,VIE,1035.0932957163723,4.033813877825972,True
sofia,42.69499999999999,23.40611111111111,SOF,zürich,47.46472222222223,8.549166666666666,ZRH,1278.7021983775114,4.032513178535063,True
dortmund,51.518055555555556,7.612222222222222,DTM,vilnius,54.6341,25.2858,VNO,1226.6440801717968,4.03166843329925,True
london,51.885,0.23500000000000001,STN,hannover,52.46083333333333,9.685,HAJ,647.133433306856,4.030504659412348,True
vienna,48.11027777777778,16.56972222222222,VIE,riga,56.9236,23.9711,RIX,1099.0760636141758,4.025868995611639,True
london,51.57138888888889,0.6955555555555556,SEN,dublin,53.42111111111111,-6.27,DUB,514.1698070001752,4.025111918276869,True
dublin,53.42111111111111,-6.27,DUB,toulouse,43.62888888888889,1.363611111111111,TLS,1223.7745984847381,4.024590628312977,True
milano,45.63138888888889,8.727777777777778,MXP,hannover,52.46083333333333,9.685,HAJ,762.5785697916333,4.021871996334533,True
budapest,47.43666666666666,19.255555555555556,BUD,riga,56.9236,23.9711,RIX,1102.149929136348,4.017340966572242,True
prague,50.100833333333334,14.26,PRG,manchester,53.353611111111114,-2.274722222222222,MAN,1191.7074749507224,4.0167124882386105,True
london,51.14805555555556,-0.19027777777777777,LGW,zürich,47.46472222222223,8.549166666666666,ZRH,753.7024837800071,4.009663360402126,True
naples,40.88583333333333,14.290555555555555,NAP,düsseldorf,51.28944444444444,6.766666666666667,DUS,1292.5772718657292,4.006081726340879,True
naples,40.88583333333333,14.290555555555555,NAP,essen,51.28944444444444,6.766666666666667,DUS,1292.5772718657292,4.006081726340879,True
naples,40.88583333333333,14.290555555555555,NAP,duisburg,51.28944444444444,6.766666666666667,DUS,1292.5772718657292,4.006081726340879,True
frankfurt am main,50.02638888888889,8.543055555555556,FRA,oslo,60.193888888888885,11.100277777777777,OSL,1141.9944196840952,4.004382074874026,True
porto,41.24805555555556,-8.681388888888888,OPO,marseille,43.43555555555555,5.213611111111112,MRS,1166.1448266722093,4.002894091692793,True
madrid,40.47222222222222,-3.560833333333333,MAD,milano,45.63138888888889,8.727777777777778,MXP,1149.7320462331556,4.002468982978754,True
milano,45.63138888888889,8.727777777777778,MXP,bordeaux,44.82833333333333,-0.7155555555555555,BOD,744.4412936564646,4.001719467295457,True
barcelona,41.29694444444444,2.0783333333333336,BCN,essen,51.28944444444444,6.766666666666667,DUS,1167.4255809169752,4.001017661152982,True
barcelona,41.29694444444444,2.0783333333333336,BCN,duisburg,51.28944444444444,6.766666666666667,DUS,1167.4255809169752,4.001017661152982,True
barcelona,41.29694444444444,2.0783333333333336,BCN,düsseldorf,51.28944444444444,6.766666666666667,DUS,1167.4255809169752,4.001017661152982,True
kraków,50.0775,19.784722222222225,KRK,helsinki,60.32,24.95611111111111,HEL,1184.3611981889662,3.9990337981131576,True
paris,49.01277777777778,2.55,CDG,københavn,55.617777777777775,12.655833333333334,CPH,1003.6852435651252,3.9989160421023646,True
dublin,53.42111111111111,-6.27,DUB,stuttgart,48.689722222222215,9.221944444444444,STR,1200.4870550913445,3.9987155800980947,True
london,51.14805555555556,-0.19027777777777777,LGW,hamburg,53.63027777777778,9.988055555555555,HAM,742.990805025713,3.9977614951195766,True
kraków,50.0775,19.784722222222225,KRK,oslo,59.3789,10.7856,RYG,1182.374895717116,3.9968267953666574,True
izmir,38.29222222222222,27.15694444444444,ADB,diyarbakir,37.89361111111111,40.20055555555556,DIY,1141.3815249352863,3.9931564106618964,True
london,51.4775,-0.4613888888888889,LHR,marseille,43.43555555555555,5.213611111111112,MRS,990.0697345389236,3.9916121408255543,True
prague,50.100833333333334,14.26,PRG,leeds,53.865833333333335,-1.6605555555555556,LBA,1164.7953615125555,3.986810139973981,True
prague,50.100833333333334,14.26,PRG,bradford,53.865833333333335,-1.6605555555555556,LBA,1164.7953615125555,3.986810139973981,True
berlin,52.559444444444445,13.2875,TXL,rome,41.812777777777775,12.253055555555555,FCO,1197.4953142075803,3.9836977996643164,True
rome,41.799166666666665,12.594722222222222,CIA,brussels,50.45916666666667,4.453611111111111,CRL,1147.7508236402634,3.9821817962500603,True
london,51.4775,-0.4613888888888889,LHR,milano,45.445277777777775,9.276944444444446,LIN,981.0888083647222,3.98163333396533,True
barcelona,41.29694444444444,2.0783333333333336,BCN,nürnberg,49.49861111111111,11.078055555555554,NUE,1149.575072692787,3.9811837631261064,True
london,51.4775,-0.4613888888888889,LHR,københavn,55.617777777777775,12.655833333333334,CPH,979.1443731349883,3.979472850376737,True
istanbul,40.97666666666667,28.82111111111111,IST,zagreb,45.74277777777778,16.06861111111111,ZAG,1157.3478823483265,3.978497431010641,True
dublin,53.42111111111111,-6.27,DUB,lyon,45.726111111111116,5.090833333333333,LYS,1181.840202759461,3.977996855284891,True
berlin,52.38,13.5225,SXF,manchester,53.353611111111114,-2.274722222222222,MAN,1063.6938911780512,3.9778163169590552,True
istanbul,40.8986,29.3092,SAW,gaziantep,36.948055555555555,37.47916666666667,GZT,831.6073712271441,3.9706624442266505,True
london,51.885,0.23500000000000001,STN,bremen,53.0475,8.786666666666667,BRE,593.1737822463339,3.9705494915673234,True
rome,41.799166666666665,12.594722222222222,CIA,bucarest,44.57361111111111,26.103333333333335,OTP,1136.318622416711,3.9694793504461128,True
london,51.14805555555556,-0.19027777777777777,LGW,lyon,45.726111111111116,5.090833333333333,LYS,717.3966232510589,3.969323515369961,True
amsterdam,52.308611111111105,4.763888888888889,AMS,bilbao,43.30083333333333,-2.9105555555555553,BIO,1152.5365738000569,3.967645171884671,True
göteborg,57.66277777777778,12.279722222222222,GOT,manchester,53.353611111111114,-2.274722222222222,MAN,1031.2769602729416,3.9666099725074213,True
rome,41.799166666666665,12.594722222222222,CIA,valencia,39.48916666666667,-0.4813888888888889,VLC,1131.5294337003797,3.9641580296501893,True
bucarest,44.57361111111111,26.103333333333335,OTP,prague,50.100833333333334,14.26,PRG,1081.604296901463,3.9637884170068065,True
oslo,60.193888888888885,11.100277777777777,OSL,helsinki,60.32,24.95611111111111,HEL,763.0797513491082,3.963387290585338,True
barcelona,41.29694444444444,2.0783333333333336,BCN,köln,50.865833333333335,7.1425,CGN,1132.752450430449,3.9624919606123976,True
berlin,52.559444444444445,13.2875,TXL,marseille,43.43555555555555,5.213611111111112,MRS,1177.3964147872396,3.9613656891972706,True
prague,50.100833333333334,14.26,PRG,oslo,60.193888888888885,11.100277777777777,OSL,1139.7830802900776,3.95901871639345,True
rome,41.799166666666665,12.594722222222222,CIA,bordeaux,44.82833333333333,-0.7155555555555555,BOD,1126.8036664731874,3.958907177175531,True
london,51.14805555555556,-0.19027777777777777,LGW,bordeaux,44.82833333333333,-0.7155555555555555,BOD,703.8023457404311,3.9542187625803744,True
rome,41.812777777777775,12.253055555555555,FCO,frankfurt am main,50.02638888888889,8.543055555555556,FRA,957.0222452072383,3.9488832340155753,True
paris,48.72527777777778,2.3594444444444447,ORY,rome,41.812777777777775,12.253055555555555,FCO,1089.2860253455297,3.9481340852971702,True
naples,40.88583333333333,14.290555555555555,NAP,köln,50.865833333333335,7.1425,CGN,1238.6508688011688,3.94616350071359,True
hamburg,53.63027777777778,9.988055555555555,HAM,helsinki,60.32,24.95611111111111,HEL,1168.4557732081194,3.945807122380376,True
milano,45.63138888888889,8.727777777777778,MXP,naples,40.88583333333333,14.290555555555555,NAP,693.4506998875771,3.945063251996693,True
dublin,53.42111111111111,-6.27,DUB,bilbao,43.30083333333333,-2.9105555555555553,BIO,1152.0320111288358,3.944876642361974,True
london,51.4775,-0.4613888888888889,LHR,berlin,52.559444444444445,13.2875,TXL,947.0240632823891,3.9437836172071825,True
köln,50.865833333333335,7.1425,CGN,oslo,60.193888888888885,11.100277777777777,OSL,1066.2377680526936,3.942138452767236,True
london,51.4775,-0.4613888888888889,LHR,munich,48.353611111111114,11.785833333333333,MUC,941.7572440351851,3.9379315958214,True
brussels,50.45916666666667,4.453611111111111,CRL,torino,45.20055555555556,7.649444444444444,TRN,631.371169462283,3.9370549362756506,True
brussels,50.90222222222222,4.498611111111111,BRU,oslo,60.193888888888885,11.100277777777777,OSL,1112.207860344833,3.9355484308135416,True
london,51.4775,-0.4613888888888889,LHR,milano,45.63138888888889,8.727777777777778,MXP,936.7615813303818,3.93238085948273,True
toulouse,43.62888888888889,1.363611111111111,TLS,bremen,53.0475,8.786666666666667,BRE,1180.846021295077,3.928761558529432,True
zagreb,45.74277777777778,16.06861111111111,ZAG,københavn,55.617777777777775,12.655833333333334,CPH,1123.7165854221764,3.925662178934713,True
rome,41.812777777777775,12.253055555555555,FCO,prague,50.100833333333334,14.26,PRG,934.4617067194761,3.923815969029173,True
budapest,47.43666666666666,19.255555555555556,BUD,københavn,55.617777777777775,12.655833333333334,CPH,1016.7693690249206,3.922473677559545,True
london,51.4775,-0.4613888888888889,LHR,bilbao,43.30083333333333,-2.9105555555555553,BIO,927.5668883051545,3.922164533899144,True
valencia,39.48916666666667,-0.4813888888888889,VLC,zürich,47.46472222222223,8.549166666666666,ZRH,1146.1870597199324,3.9217749060969673,True
barcelona,41.29694444444444,2.0783333333333336,BCN,munich,48.353611111111114,11.785833333333333,MUC,1094.62118969463,3.9201238931281543,True
warszawa,52.16555555555556,20.966944444444444,WAW,brussels,50.45916666666667,4.453611111111111,CRL,1160.7066820381249,3.919119581629861,True
barcelona,41.29694444444444,2.0783333333333336,BCN,frankfurt am main,50.02638888888889,8.543055555555556,FRA,1091.9888426322639,3.9171990630588587,True
milano,45.63138888888889,8.727777777777778,MXP,brussels,50.90222222222222,4.498611111111111,BRU,664.182376725439,3.9125428929276507,True
rome,41.799166666666665,12.594722222222222,CIA,wroclaw,51.1025,16.885833333333334,WRO,1084.9771086660298,3.912433224056467,True
rome,41.812777777777775,12.253055555555555,FCO,sofia,42.69499999999999,23.40611111111111,SOF,922.4775091963338,3.9105001940034594,True
london,51.885,0.23500000000000001,STN,glasgow,55.871944444444445,-4.433055555555556,GLA,538.4088444377056,3.9096995606688476,True
london,51.885,0.23500000000000001,STN,frankfurt am main,49.94972222222222,7.263888888888889,HHN,537.3890579579527,3.908566464580233,True
barcelona,41.29694444444444,2.0783333333333336,BCN,brussels,50.90222222222222,4.498611111111111,BRU,1084.0770200307593,3.908408149057187,True
amsterdam,52.308611111111105,4.763888888888889,AMS,zagreb,45.74277777777778,16.06861111111111,ZAG,1098.8499811083025,3.9079934022271665,True
paris,48.72527777777778,2.3594444444444447,ORY,valencia,39.48916666666667,-0.4813888888888889,VLC,1051.5523040754265,3.9062077283303887,True
stockholm,59.651944444444446,17.91861111111111,ARN,vilnius,54.6341,25.2858,VNO,712.4790539373033,3.9058896054487198,True
milano,45.63138888888889,8.727777777777778,MXP,vienna,48.11027777777778,16.56972222222222,VIE,656.3577689532852,3.903848884291924,True
warszawa,52.4511,20.6518,WMI,stockholm,58.78861111111111,16.911944444444444,NYO,742.5045988869945,3.9032619228971948,True
milano,45.445277777777775,9.276944444444446,LIN,københavn,55.617777777777775,12.655833333333334,CPH,1155.7114017051213,3.903113589036805,True
budapest,47.43666666666666,19.255555555555556,BUD,essen,51.28944444444444,6.766666666666667,DUS,999.0311774786082,3.9027645758414202,True
budapest,47.43666666666666,19.255555555555556,BUD,duisburg,51.28944444444444,6.766666666666667,DUS,999.0311774786082,3.9027645758414202,True
budapest,47.43666666666666,19.255555555555556,BUD,düsseldorf,51.28944444444444,6.766666666666667,DUS,999.0311774786082,3.9027645758414202,True
warszawa,52.16555555555556,20.966944444444444,WAW,brussels,50.90222222222222,4.498611111111111,BRU,1145.203564945492,3.90189389597138,True
rome,41.799166666666665,12.594722222222222,CIA,kraków,50.0775,19.784722222222225,KRK,1074.2396143331266,3.9005026747976856,True
rome,41.812777777777775,12.253055555555555,FCO,toulouse,43.62888888888889,1.363611111111111,TLS,911.4756942524027,3.8982759551768695,True
berlin,52.559444444444445,13.2875,TXL,helsinki,60.32,24.95611111111111,HEL,1118.8165305971074,3.896276928986013,True
madrid,40.47222222222222,-3.560833333333333,MAD,torino,45.20055555555556,7.649444444444444,TRN,1053.1061652556032,3.895106893003696,True
prague,50.100833333333334,14.26,PRG,sofia,42.69499999999999,23.40611111111111,SOF,1080.0728965990488,3.8926740678478624,True
milano,45.63138888888889,8.727777777777778,MXP,prague,50.100833333333334,14.26,PRG,645.6181048983356,3.891915924230869,True
milano,45.63138888888889,8.727777777777778,MXP,essen,51.28944444444444,6.766666666666667,DUS,645.4875739521545,3.891770889846223,True
milano,45.63138888888889,8.727777777777778,MXP,düsseldorf,51.28944444444444,6.766666666666667,DUS,645.4875739521545,3.891770889846223,True
milano,45.63138888888889,8.727777777777778,MXP,duisburg,51.28944444444444,6.766666666666667,DUS,645.4875739521545,3.891770889846223,True
paris,48.72527777777778,2.3594444444444447,ORY,københavn,55.617777777777775,12.655833333333334,CPH,1037.32693330845,3.890401760811526,True
frankfurt am main,50.02638888888889,8.543055555555556,FRA,edinburgh,55.95,-3.3725,EDI,1031.9824996469604,3.882146608166098,True
paris,48.72527777777778,2.3594444444444447,ORY,madrid,40.47222222222222,-3.560833333333333,MAD,1029.7089169594094,3.8819372982014806,True
paris,49.01277777777778,2.55,CDG,glasgow,55.871944444444445,-4.433055555555556,GLA,896.6274523400926,3.8799629407412173,True
amsterdam,52.308611111111105,4.763888888888889,AMS,kraków,50.0775,19.784722222222225,KRK,1073.5970085691897,3.879934543850374,True
milano,45.445277777777775,9.276944444444446,LIN,warszawa,52.16555555555556,20.966944444444444,WAW,1133.914794255037,3.878895136314489,True
london,51.885,0.23500000000000001,STN,edinburgh,55.95,-3.3725,EDI,509.8591601570948,3.8779776892459465,True
london,51.885,0.23500000000000001,STN,dortmund,51.518055555555556,7.612222222222222,DTM,509.8075536940294,3.8779203487314295,True
munich,48.353611111111114,11.785833333333333,MUC,københavn,55.617777777777775,12.655833333333334,CPH,809.9153046840526,3.877294455072483,True
vienna,48.11027777777778,16.56972222222222,VIE,rotterdam,51.95722222222223,4.441666666666667,RTM,964.4790357120769,3.8763167423870852,True
vienna,48.11027777777778,16.56972222222222,VIE,hague,51.95722222222223,4.441666666666667,RTM,964.4790357120769,3.8763167423870852,True
london,51.4775,-0.4613888888888889,LHR,toulouse,43.62888888888889,1.363611111111111,TLS,883.3303100888015,3.873012780325418,True
dublin,53.42111111111111,-6.27,DUB,frankfurt am main,50.02638888888889,8.543055555555556,FRA,1085.4507704035489,3.870897486000544,True
vienna,48.11027777777778,16.56972222222222,VIE,amsterdam,52.308611111111105,4.763888888888889,AMS,959.4826600976387,3.8707652139265982,True
milano,45.63138888888889,8.727777777777778,MXP,toulouse,43.62888888888889,1.363611111111111,TLS,623.543911870122,3.8673890430884095,True
berlin,52.38,13.5225,SXF,lyon,45.726111111111116,5.090833333333333,LYS,960.4424151565695,3.863092454712964,True
brussels,50.45916666666667,4.453611111111111,CRL,manchester,53.353611111111114,-2.274722222222222,MAN,562.3326791533776,3.860345502599089,True
birmingham,52.453611111111115,-1.7477777777777779,BHX,göteborg,57.66277777777778,12.279722222222222,GOT,1061.6012660461531,3.858795919700707,True
london,51.885,0.23500000000000001,STN,köln,50.865833333333335,7.1425,CGN,492.4500569349149,3.8586342412213024,True
budapest,47.43666666666666,19.255555555555556,BUD,köln,50.865833333333335,7.1425,CGN,958.4775300900263,3.8577049676318844,True
dublin,53.42111111111111,-6.27,DUB,hannover,52.46083333333333,9.685,HAJ,1072.1953427271646,3.856169233026784,True
istanbul,40.97666666666667,28.82111111111111,IST,budapest,47.43666666666666,19.255555555555556,BUD,1046.0828025573264,3.8548695645761963,True
toulouse,43.62888888888889,1.363611111111111,TLS,manchester,53.353611111111114,-2.274722222222222,MAN,1113.703072765006,3.8541582823849088,True
barcelona,41.29694444444444,2.0783333333333336,BCN,brussels,50.45916666666667,4.453611111111111,CRL,1035.1058123576736,3.853995696087092,True
budapest,47.43666666666666,19.255555555555556,BUD,dortmund,51.518055555555556,7.612222222222222,DTM,954.2903904720512,3.8530525902785793,True
warszawa,52.16555555555556,20.966944444444444,WAW,amsterdam,52.308611111111105,4.763888888888889,AMS,1101.1614451236867,3.8529582072804853,True
vienna,48.11027777777778,16.56972222222222,VIE,vilnius,54.6341,25.2858,VNO,943.1828298978346,3.8526542914823714,True
barcelona,41.29694444444444,2.0783333333333336,BCN,lille,50.56166666666666,3.0894444444444447,LIL,1033.1267162393608,3.8517967004000773,True
bilbao,43.30083333333333,-2.9105555555555553,BIO,frankfurt am main,50.02638888888889,8.543055555555556,FRA,1148.0556884521645,3.8490091508296738,True
paris,49.01277777777778,2.55,CDG,edinburgh,55.95,-3.3725,EDI,868.6791005959192,3.8489092165810246,True
bilbao,43.30083333333333,-2.9105555555555553,BIO,duisburg,51.28944444444444,6.766666666666667,DUS,1147.646262377313,3.848554232968728,True
bilbao,43.30083333333333,-2.9105555555555553,BIO,düsseldorf,51.28944444444444,6.766666666666667,DUS,1147.646262377313,3.848554232968728,True
bilbao,43.30083333333333,-2.9105555555555553,BIO,essen,51.28944444444444,6.766666666666667,DUS,1147.646262377313,3.848554232968728,True
london,51.87444444444444,-0.3683333333333333,LTN,dortmund,51.518055555555556,7.612222222222222,DTM,551.1831324647516,3.845590743217008,True
marseille,43.43555555555555,5.213611111111112,MRS,palermo,38.11083333333333,13.313333333333334,PMO,902.4166331195534,3.8445675360107536,True
istanbul,40.97666666666667,28.82111111111111,IST,diyarbakir,37.89361111111111,40.20055555555556,DIY,1034.7102270026603,3.8422333695154562,True
brussels,50.90222222222222,4.498611111111111,BRU,zagreb,45.74277777777778,16.06861111111111,ZAG,1028.197733442355,3.8422038453663436,True
barcelona,41.29694444444444,2.0783333333333336,BCN,naples,40.88583333333333,14.290555555555555,NAP,1023.6011041703629,3.84121268699008,True
barcelona,41.29694444444444,2.0783333333333336,BCN,palermo,38.11083333333333,13.313333333333334,PMO,1023.4053079896122,3.8409951356781344,True
hamburg,53.63027777777778,9.988055555555555,HAM,dublin,53.42111111111111,-6.27,DUB,1072.58861355968,3.839288056104332,True
paris,49.01277777777778,2.55,CDG,barcelona,41.29694444444444,2.0783333333333336,BCN,858.7534734104299,3.8378807419304812,True
london,51.885,0.23500000000000001,STN,dublin,53.42111111111111,-6.27,DUB,470.65498024378655,3.8344174893422704,True
milano,45.63138888888889,8.727777777777778,MXP,köln,50.865833333333335,7.1425,CGN,593.7230262843897,3.834254725770929,True
london,51.14805555555556,-0.19027777777777777,LGW,glasgow,55.871944444444445,-4.433055555555556,GLA,595.2400684004042,3.8335940099803443,True
vienna,48.11027777777778,16.56972222222222,VIE,brussels,50.90222222222222,4.498611111111111,BRU,923.9504885322659,3.8312850232984066,True
paris,49.01277777777778,2.55,CDG,prague,50.100833333333334,14.26,PRG,852.3717378421762,3.8307899246324215,True
paris,49.01277777777778,2.55,CDG,berlin,52.559444444444445,13.2875,TXL,850.4751206591094,3.828682572206792,True
warszawa,52.16555555555556,20.966944444444444,WAW,oslo,60.193888888888885,11.100277777777777,OSL,1079.1177674578846,3.828465232096261,True
brussels,50.90222222222222,4.498611111111111,BRU,bilbao,43.30083333333333,-2.9105555555555553,BIO,1013.2241396406206,3.825566518919972,True
marseille,43.43555555555555,5.213611111111112,MRS,palermo,38.17583333333333,13.090833333333334,PMO,883.3622843398347,3.8233960373666216,True
london,51.885,0.23500000000000001,STN,duisburg,51.28944444444444,6.766666666666667,DUS,455.9323796368386,3.8180590442234394,True
london,51.885,0.23500000000000001,STN,essen,51.28944444444444,6.766666666666667,DUS,455.9323796368386,3.8180590442234394,True
london,51.885,0.23500000000000001,STN,düsseldorf,51.28944444444444,6.766666666666667,DUS,455.9323796368386,3.8180590442234394,True
barcelona,41.29694444444444,2.0783333333333336,BCN,palermo,38.17583333333333,13.090833333333334,PMO,1002.6840108134805,3.8179714721490994,True
vilnius,54.6341,25.2858,VNO,bremen,53.0475,8.786666666666667,BRE,1094.127298916696,3.817939365621911,True
budapest,47.43666666666666,19.255555555555556,BUD,frankfurt am main,49.94972222222222,7.263888888888889,HHN,922.2730825933646,3.817477803746705,True
riga,56.9236,23.9711,RIX,bremen,53.0475,8.786666666666667,BRE,1057.4004713266286,3.8173602670191844,True
warszawa,52.16555555555556,20.966944444444444,WAW,sofia,42.69499999999999,23.40611111111111,SOF,1068.7771511038898,3.8169756583696,True
dublin,53.42111111111111,-6.27,DUB,bordeaux,44.82833333333333,-0.7155555555555555,BOD,1036.6704678420813,3.8166971498211355,True
bilbao,43.30083333333333,-2.9105555555555553,BIO,manchester,53.353611111111114,-2.274722222222222,MAN,1118.7937013935946,3.816495831875707,True
vienna,48.11027777777778,16.56972222222222,VIE,lyon,45.726111111111116,5.090833333333333,LYS,910.2346399670586,3.816045191559287,True
lyon,45.726111111111116,5.090833333333333,LYS,birmingham,52.453611111111115,-1.7477777777777779,BHX,897.7695693195745,3.8159935107265466,True
prague,50.100833333333334,14.26,PRG,marseille,43.43555555555555,5.213611111111112,MRS,1010.51525704475,3.8153878016764193,True
rome,41.812777777777775,12.253055555555555,FCO,budapest,47.43666666666666,19.255555555555556,BUD,834.8752045211928,3.8131642999199693,True
rome,41.799166666666665,12.594722222222222,CIA,frankfurt am main,49.94972222222222,7.263888888888889,HHN,995.2054756413695,3.812686965140178,True
london,51.14805555555556,-0.19027777777777777,LGW,edinburgh,55.95,-3.3725,EDI,573.6957872422842,3.809655919804656,True
barcelona,41.29694444444444,2.0783333333333336,BCN,stuttgart,48.689722222222215,9.221944444444444,STR,994.6598219817183,3.8090557067804744,True
london,51.87444444444444,-0.3683333333333333,LTN,glasgow,55.871944444444445,-4.433055555555556,GLA,518.0536279111091,3.8087801826018493,True
barcelona,41.29694444444444,2.0783333333333336,BCN,lisboa,38.78111111111111,-9.135833333333332,LIS,993.9862998154919,3.808307348818001,True
bilbao,43.30083333333333,-2.9105555555555553,BIO,stuttgart,48.689722222222215,9.221944444444444,STR,1110.414387582004,3.8071854831961622,True
munich,48.353611111111114,11.785833333333333,MUC,marseille,43.43555555555555,5.213611111111112,MRS,746.285329545959,3.8065944826968234,True
istanbul,40.8986,29.3092,SAW,adana,37.00194444444445,35.42583333333333,ADA,683.4398691933383,3.8060318864113105,True
naples,40.88583333333333,14.290555555555555,NAP,frankfurt am main,50.02638888888889,8.543055555555556,FRA,1110.031078844472,3.8032526229839267,True
zürich,47.46472222222223,8.549166666666666,ZRH,manchester,53.353611111111114,-2.274722222222222,MAN,1006.6223228195215,3.800187413495478,True
istanbul,40.8986,29.3092,SAW,adana,36.981944444444444,35.280277777777776,ADA,675.2495726265586,3.7969315568926665,True
amsterdam,52.308611111111105,4.763888888888889,AMS,toulouse,43.62888888888889,1.363611111111111,TLS,997.4941086003693,3.7953757661072407,True
prague,50.100833333333334,14.26,PRG,riga,56.9236,23.9711,RIX,992.0079671189209,3.7948241462032755,True
birmingham,52.453611111111115,-1.7477777777777779,BHX,københavn,55.617777777777775,12.655833333333334,CPH,1001.9732566440806,3.7925425759206264,True
bucarest,44.57361111111111,26.103333333333335,OTP,warszawa,52.16555555555556,20.966944444444444,WAW,924.9566719694269,3.7897355004156554,True
dublin,53.42111111111111,-6.27,DUB,frankfurt am main,49.94972222222222,7.263888888888889,HHN,1007.6995088045522,3.7845071953349922,True
amsterdam,52.308611111111105,4.763888888888889,AMS,marseille,43.43555555555555,5.213611111111112,MRS,987.2034888457335,3.7839417441576453,True
london,51.87444444444444,-0.3683333333333333,LTN,edinburgh,55.95,-3.3725,EDI,493.93744604762446,3.7819844249757555,True
berlin,52.559444444444445,13.2875,TXL,birmingham,52.453611111111115,-1.7477777777777779,BHX,1015.8301644954173,3.7818476333174686,True
vienna,48.11027777777778,16.56972222222222,VIE,københavn,55.617777777777775,12.655833333333334,CPH,876.6341336657619,3.7787112956689577,True
palermo,38.17583333333333,13.090833333333334,PMO,genova,44.411944444444444,8.841666666666667,GOA,778.7299198515365,3.7776802247144263,True
dublin,53.42111111111111,-6.27,DUB,bremen,53.0475,8.786666666666667,BRE,1001.0944566303895,3.7771682484748115,True
london,51.57138888888889,0.6955555555555556,SEN,amsterdam,52.308611111111105,4.763888888888889,AMS,290.6374901402657,3.7767426773214137,True
berlin,52.38,13.5225,SXF,oslo,60.193888888888885,11.100277777777777,OSL,881.4778888008511,3.7753540920954993,True
warszawa,52.16555555555556,20.966944444444444,WAW,zürich,47.46472222222223,8.549166666666666,ZRH,1030.9759449549751,3.774974318204139,True
rome,41.812777777777775,12.253055555555555,FCO,stuttgart,48.689722222222215,9.221944444444444,STR,800.4735851805128,3.774940278430325,True
warszawa,52.16555555555556,20.966944444444444,WAW,oslo,59.18666666666666,10.258611111111112,TRF,1027.2340307846216,3.7708166357926354,True
helsinki,60.32,24.95611111111111,HEL,københavn,55.617777777777775,12.655833333333334,CPH,891.966774944295,3.7705977778500244,True
london,51.505,0.05416666666666667,LCY,milano,45.445277777777775,9.276944444444446,LIN,955.824381632587,3.769653049297383,True
london,51.4775,-0.4613888888888889,LHR,zürich,47.46472222222223,8.549166666666666,ZRH,788.4264612521237,3.7675640593957764,True
london,51.505,0.05416666666666667,LCY,dresden,51.1325,13.766944444444444,DRS,952.4780778842791,3.7659349340214856,True
torino,45.20055555555556,7.649444444444444,TRN,palermo,38.11083333333333,13.313333333333334,PMO,917.5338537436944,3.765428557551473,True
lisboa,38.78111111111111,-9.135833333333332,LIS,toulouse,43.62888888888889,1.363611111111111,TLS,1029.3891744194098,3.7632459561798477,True
paris,49.01277777777778,2.55,CDG,dublin,53.42111111111111,-6.27,DUB,784.9534947237854,3.7558807656119875,True
københavn,55.617777777777775,12.655833333333334,CPH,edinburgh,55.95,-3.3725,EDI,1000.6314149924297,3.7551193156284666,True
amsterdam,52.308611111111105,4.763888888888889,AMS,oslo,60.193888888888885,11.100277777777777,OSL,959.1778679610999,3.752802165396941,True
köln,50.865833333333335,7.1425,CGN,edinburgh,55.95,-3.3725,EDI,895.8002970261332,3.7527634849599467,True
rome,41.812777777777775,12.253055555555555,FCO,vienna,48.11027777777778,16.56972222222222,VIE,777.9521520617153,3.7499164638538836,True
lyon,45.726111111111116,5.090833333333333,LYS,prague,50.100833333333334,14.26,PRG,837.8594128196111,3.7494266701710317,True
københavn,55.617777777777775,12.655833333333334,CPH,manchester,53.353611111111114,-2.274722222222222,MAN,994.5712091316725,3.748385753560959,True
izmir,38.29222222222222,27.15694444444444,ADB,gaziantep,36.948055555555555,37.47916666666667,GZT,920.8212288955646,3.7480894150622057,True
torino,45.20055555555556,7.649444444444444,TRN,palermo,38.17583333333333,13.090833333333334,PMO,901.8672973224154,3.748021272638941,True
bordeaux,44.82833333333333,-0.7155555555555555,BOD,málaga,36.67361111111111,-4.498888888888889,AGP,960.8414012023271,3.746507680999487,True
berlin,52.38,13.5225,SXF,stockholm,59.651944444444446,17.91861111111111,ARN,853.0584463305411,3.7437769337951554,True
london,51.14805555555556,-0.19027777777777777,LGW,köln,50.865833333333335,7.1425,CGN,513.7954552228406,3.743099995338607,True
milano,45.63138888888889,8.727777777777778,MXP,rome,41.812777777777775,12.253055555555555,FCO,510.3192725753772,3.741583888316471,True
marseille,43.43555555555555,5.213611111111112,MRS,lille,50.56166666666666,3.0894444444444447,LIL,808.5030275783956,3.7402190854094672,True
madrid,40.47222222222222,-3.560833333333333,MAD,lyon,45.726111111111116,5.090833333333333,LYS,912.7034587624745,3.7391038857891084,True
zürich,47.46472222222223,8.549166666666666,ZRH,københavn,55.617777777777775,12.655833333333334,CPH,949.5996051425517,3.736828838298845,True
london,51.4775,-0.4613888888888889,LHR,lyon,45.726111111111116,5.090833333333333,LYS,758.2342640762637,3.734017173644821,True
naples,40.88583333333333,14.290555555555555,NAP,bucarest,44.57361111111111,26.103333333333335,OTP,1047.1139031023797,3.733344649937157,True
london,51.4775,-0.4613888888888889,LHR,stuttgart,48.689722222222215,9.221944444444444,STR,756.4924364886685,3.7320818096586037,True
frankfurt am main,50.02638888888889,8.543055555555556,FRA,toulouse,43.62888888888889,1.363611111111111,TLS,895.9976654763547,3.731052347976536,True
paris,49.01277777777778,2.55,CDG,bilbao,43.30083333333333,-2.9105555555555553,BIO,761.317765395394,3.729618844135997,True
dublin,53.42111111111111,-6.27,DUB,köln,50.865833333333335,7.1425,CGN,956.6639340985311,3.727801001217191,True
köln,50.865833333333335,7.1425,CGN,zagreb,45.74277777777778,16.06861111111111,ZAG,870.9237347977141,3.7251228602617035,True
paris,48.72527777777778,2.3594444444444447,ORY,berlin,52.38,13.5225,SXF,885.9051260789627,3.7221553083343175,True
stockholm,59.651944444444446,17.91861111111111,ARN,københavn,55.617777777777775,12.655833333333334,CPH,546.7755635504774,3.7217746161300242,True
budapest,47.43666666666666,19.255555555555556,BUD,frankfurt am main,50.02638888888889,8.543055555555556,FRA,835.878993920108,3.7214843718875312,True
leeds,53.865833333333335,-1.6605555555555556,LBA,københavn,55.617777777777775,12.655833333333334,CPH,937.563727609123,3.7198243198843715,True
warszawa,52.16555555555556,20.966944444444444,WAW,düsseldorf,51.28944444444444,6.766666666666667,DUS,981.2820653858706,3.7197588964606894,True
warszawa,52.16555555555556,20.966944444444444,WAW,essen,51.28944444444444,6.766666666666667,DUS,981.2820653858706,3.7197588964606894,True
warszawa,52.16555555555556,20.966944444444444,WAW,duisburg,51.28944444444444,6.766666666666667,DUS,981.2820653858706,3.7197588964606894,True
london,51.4775,-0.4613888888888889,LHR,hamburg,53.63027777777778,9.988055555555555,HAM,745.0956533662944,3.7194187173004107,True
milano,45.63138888888889,8.727777777777778,MXP,frankfurt am main,50.02638888888889,8.543055555555556,FRA,488.89576838704613,3.7177799947738808,True
frankfurt am main,50.02638888888889,8.543055555555556,FRA,göteborg,57.66277777777778,12.279722222222222,GOT,883.4622461392511,3.717124104268643,True
munich,48.353611111111114,11.785833333333333,MUC,amsterdam,52.308611111111105,4.763888888888889,AMS,664.1676498993421,3.7153526164228046,True
berlin,52.38,13.5225,SXF,milano,45.63138888888889,8.727777777777778,MXP,827.4592775649171,3.715333412944462,True
paris,48.72527777777778,2.3594444444444447,ORY,berlin,52.559444444444445,13.2875,TXL,879.3722953618727,3.714896607537551,True
london,51.87444444444444,-0.3683333333333333,LTN,dublin,53.42111111111111,-6.27,DUB,433.5327338998584,3.7148680781449044,True
amsterdam,52.308611111111105,4.763888888888889,AMS,bordeaux,44.82833333333333,-0.7155555555555555,BOD,923.6896537458649,3.7133708162689025,True
london,51.14805555555556,-0.19027777777777777,LGW,essen,51.28944444444444,6.766666666666667,DUS,484.60237271458027,3.710663236996096,True
london,51.14805555555556,-0.19027777777777777,LGW,duisburg,51.28944444444444,6.766666666666667,DUS,484.60237271458027,3.710663236996096,True
london,51.14805555555556,-0.19027777777777777,LGW,düsseldorf,51.28944444444444,6.766666666666667,DUS,484.60237271458027,3.710663236996096,True
london,51.14805555555556,-0.19027777777777777,LGW,dublin,53.42111111111111,-6.27,DUB,484.4355775067166,3.7104779089873583,True
hamburg,53.63027777777778,9.988055555555555,HAM,riga,56.9236,23.9711,RIX,956.1872382023267,3.7099531945961615,True
munich,48.353611111111114,11.785833333333333,MUC,rotterdam,51.95722222222223,4.441666666666667,RTM,658.502723584687,3.7090582538509658,True
munich,48.353611111111114,11.785833333333333,MUC,hague,51.95722222222223,4.441666666666667,RTM,658.502723584687,3.7090582538509658,True
göteborg,57.77472222222222,11.870277777777778,GSE,edinburgh,55.95,-3.3725,EDI,946.306096041664,3.7089039078485224,True
naples,40.88583333333333,14.290555555555555,NAP,prague,50.100833333333334,14.26,PRG,1024.6639924916735,3.708400304814151,True
paris,48.72527777777778,2.3594444444444447,ORY,prague,50.100833333333334,14.26,PRG,873.4264167759126,3.708290075775373,True
brussels,50.90222222222222,4.498611111111111,BRU,göteborg,57.66277777777778,12.279722222222222,GOT,904.4176983136546,3.704670473001121,True
paris,49.01277777777778,2.55,CDG,leipzig,51.42388888888889,12.23611111111111,LEJ,738.7715825881637,3.704567529905741,True
marseille,43.43555555555555,5.213611111111112,MRS,frankfurt am main,50.02638888888889,8.543055555555556,FRA,775.3484943461921,3.7033807151514635,True
warszawa,52.16555555555556,20.966944444444444,WAW,köln,50.865833333333335,7.1425,CGN,965.9355269972745,3.7027071871400272,True
barcelona,41.29694444444444,2.0783333333333336,BCN,porto,41.24805555555556,-8.681388888888888,OPO,898.6516093487995,3.7023799149661207,True
birmingham,52.453611111111115,-1.7477777777777779,BHX,zürich,47.46472222222223,8.549166666666666,ZRH,920.6811792225561,3.7022180454522657,True
hamburg,53.63027777777778,9.988055555555555,HAM,budapest,47.43666666666666,19.255555555555556,BUD,948.9586317323882,3.701921409629563,True
göteborg,57.66277777777778,12.279722222222222,GOT,essen,51.28944444444444,6.766666666666667,DUS,792.5513905602292,3.7013593394932967,True
göteborg,57.66277777777778,12.279722222222222,GOT,düsseldorf,51.28944444444444,6.766666666666667,DUS,792.5513905602292,3.7013593394932967,True
göteborg,57.66277777777778,12.279722222222222,GOT,duisburg,51.28944444444444,6.766666666666667,DUS,792.5513905602292,3.7013593394932967,True
essen,51.28944444444444,6.766666666666667,DUS,poznan,52.42111111111111,16.82638888888889,POZ,701.6577497933083,3.699939440698657,True
vienna,48.11027777777778,16.56972222222222,VIE,sofia,42.69499999999999,23.40611111111111,SOF,804.0012089314796,3.6980080459641993,True
lisboa,38.78111111111111,-9.135833333333332,LIS,bordeaux,44.82833333333333,-0.7155555555555555,BOD,968.1581770827938,3.6952115146947184,True
rome,41.812777777777775,12.253055555555555,FCO,munich,48.353611111111114,11.785833333333333,MUC,728.2279306585592,3.6946673289614878,True
prague,50.100833333333334,14.26,PRG,vilnius,54.6341,25.2858,VNO,900.90995811947,3.693604136203886,True
paris,49.01277777777778,2.55,CDG,hamburg,53.63027777777778,9.988055555555555,HAM,727.8305407463617,3.692410816748183,True
göteborg,57.66277777777778,12.279722222222222,GOT,helsinki,60.32,24.95611111111111,HEL,782.3959290676481,3.6900754933904287,True
oslo,60.193888888888885,11.100277777777777,OSL,københavn,55.617777777777775,12.655833333333334,CPH,517.034977491789,3.69000420852165,True
istanbul,40.8986,29.3092,SAW,kayseri,38.77027777777778,35.49527777777778,ASR,578.6188072081536,3.6895640397611054,True
budapest,47.43666666666666,19.255555555555556,BUD,zürich,47.46472222222223,8.549166666666666,ZRH,804.4120378963471,3.686521087416686,True
rome,41.812777777777775,12.253055555555555,FCO,lyon,45.726111111111116,5.090833333333333,LYS,720.6989721867419,3.6863018195483575,True
københavn,55.617777777777775,12.655833333333334,CPH,bradford,53.865833333333335,-1.6605555555555556,LBA,937.563727609123,3.6850441074247926,True
bucarest,44.57361111111111,26.103333333333335,OTP,vienna,48.11027777777778,16.56972222222222,VIE,829.9751997722113,3.684200531307638,True
dublin,53.42111111111111,-6.27,DUB,duisburg,51.28944444444444,6.766666666666667,DUS,915.0927642934856,3.6816108125449185,True
dublin,53.42111111111111,-6.27,DUB,essen,51.28944444444444,6.766666666666667,DUS,915.0927642934856,3.6816108125449185,True
dublin,53.42111111111111,-6.27,DUB,düsseldorf,51.28944444444444,6.766666666666667,DUS,915.0927642934856,3.6816108125449185,True
berlin,52.38,13.5225,SXF,oslo,59.3789,10.7856,RYG,796.5710519464301,3.681013162257254,True
vienna,48.11027777777778,16.56972222222222,VIE,duisburg,51.28944444444444,6.766666666666667,DUS,787.8305518585939,3.6800406492165485,True
vienna,48.11027777777778,16.56972222222222,VIE,essen,51.28944444444444,6.766666666666667,DUS,787.8305518585939,3.6800406492165485,True
vienna,48.11027777777778,16.56972222222222,VIE,düsseldorf,51.28944444444444,6.766666666666667,DUS,787.8305518585939,3.6800406492165485,True
ankara,40.128055555555555,32.995,ESB,diyarbakir,37.89361111111111,40.20055555555556,DIY,670.0577667376515,3.678956302899798,True
glasgow,55.871944444444445,-4.433055555555556,GLA,essen,51.28944444444444,6.766666666666667,DUS,896.2484837625486,3.6786812038535492,True
glasgow,55.871944444444445,-4.433055555555556,GLA,duisburg,51.28944444444444,6.766666666666667,DUS,896.2484837625486,3.6786812038535492,True
barcelona,41.29694444444444,2.0783333333333336,BCN,rome,41.799166666666665,12.594722222222222,CIA,876.3858070509506,3.677640134635177,True
istanbul,40.8986,29.3092,SAW,athina,37.9364,23.9445,ATH,566.2693531354175,3.675842424124732,True
warszawa,52.16555555555556,20.966944444444444,WAW,helsinki,60.32,24.95611111111111,HEL,939.2067612077997,3.673008558485055,True
london,51.4775,-0.4613888888888889,LHR,hannover,52.46083333333333,9.685,HAJ,703.0248295499416,3.672673357504463,True
athina,37.9364,23.9445,ATH,bucarest,44.57361111111111,26.103333333333335,OTP,759.6878004083075,3.672617219557148,True
sevilla,37.41777777777777,-5.893055555555555,SVQ,bordeaux,44.82833333333333,-0.7155555555555555,BOD,930.6801486890412,3.668649253153861,True
vienna,48.11027777777778,16.56972222222222,VIE,bremen,53.0475,8.786666666666667,BRE,775.9654591172693,3.666857212837299,True
paris,49.01277777777778,2.55,CDG,genova,44.411944444444444,8.841666666666667,GOA,700.8290535786946,3.662409164339664,True
brussels,50.90222222222222,4.498611111111111,BRU,wroclaw,51.1025,16.885833333333334,WRO,866.0422229578477,3.662031055939113,True
istanbul,40.97666666666667,28.82111111111111,IST,gaziantep,36.948055555555555,37.47916666666667,GZT,871.7433861794455,3.6611591019341065,True
sevilla,37.41777777777777,-5.893055555555555,SVQ,toulouse,43.62888888888889,1.363611111111111,TLS,922.9367500803603,3.660045476921993,True
frankfurt am main,50.02638888888889,8.543055555555556,FRA,manchester,53.353611111111114,-2.274722222222222,MAN,831.2645921379269,3.6591267109338386,True
london,51.885,0.23500000000000001,STN,amsterdam,52.308611111111105,4.763888888888889,AMS,312.8813306363697,3.6591134342229186,True
munich,48.353611111111114,11.785833333333333,MUC,kraków,50.0775,19.784722222222225,KRK,611.4363365220042,3.6567622682257626,True
birmingham,52.453611111111115,-1.7477777777777779,BHX,stuttgart,48.689722222222215,9.221944444444444,STR,879.2324692107586,3.656163923216935,True
paris,48.72527777777778,2.3594444444444447,ORY,barcelona,41.29694444444444,2.0783333333333336,BCN,826.2868797687729,3.655912812434107,True
rome,41.812777777777775,12.253055555555555,FCO,zürich,47.46472222222223,8.549166666666666,ZRH,693.2274697416426,3.6557779279426916,True
barcelona,41.29694444444444,2.0783333333333336,BCN,zürich,47.46472222222223,8.549166666666666,ZRH,856.5517806538702,3.65560232752731,True
kraków,50.0775,19.784722222222225,KRK,zürich,47.46472222222223,8.549166666666666,ZRH,872.1156485102541,3.6520942984701446,True
kraków,50.0775,19.784722222222225,KRK,dortmund,51.518055555555556,7.612222222222222,DTM,869.298965010486,3.6489646501370685,True
essen,51.28944444444444,6.766666666666667,DUS,manchester,53.353611111111114,-2.274722222222222,MAN,655.4078121721892,3.6485506211196364,True
barcelona,41.29694444444444,2.0783333333333336,BCN,rome,41.812777777777775,12.253055555555555,FCO,848.0754310849383,3.6461841613396078,True
paris,49.01277777777778,2.55,CDG,munich,48.353611111111114,11.785833333333333,MUC,681.5532631289548,3.6409916193955087,True
munich,48.353611111111114,11.785833333333333,MUC,brussels,50.90222222222222,4.498611111111111,BRU,596.1146693995444,3.6397381936452513,True
hamburg,53.63027777777778,9.988055555555555,HAM,edinburgh,55.95,-3.3725,EDI,892.9307138404405,3.639668167527399,True
toulouse,43.62888888888889,1.363611111111111,TLS,málaga,36.67361111111111,-4.498888888888889,AGP,919.4303673309898,3.6382997207915575,True
manchester,53.353611111111114,-2.274722222222222,MAN,hannover,52.46083333333333,9.685,HAJ,807.1981472320238,3.6364450607925036,True
brussels,50.90222222222222,4.498611111111111,BRU,toulouse,43.62888888888889,1.363611111111111,TLS,842.4378606678765,3.6358039867280345,True
budapest,47.43666666666666,19.255555555555556,BUD,stuttgart,48.689722222222215,9.221944444444444,STR,757.9441666931241,3.6348901194131042,True
vienna,48.11027777777778,16.56972222222222,VIE,köln,50.865833333333335,7.1425,CGN,746.0046695627334,3.6335674466655923,True
lyon,45.726111111111116,5.090833333333333,LYS,amsterdam,52.308611111111105,4.763888888888889,AMS,732.326700054319,3.6321681004318185,True
stockholm,59.651944444444446,17.91861111111111,ARN,riga,56.9236,23.9711,RIX,465.7212340066112,3.631714249970173,True
naples,40.88583333333333,14.290555555555555,NAP,stuttgart,48.689722222222215,9.221944444444444,STR,954.9684616073239,3.6309608260537622,True
essen,51.28944444444444,6.766666666666667,DUS,bradford,53.865833333333335,-1.6605555555555556,LBA,636.8917045352505,3.627977168189704,True
warszawa,52.16555555555556,20.966944444444444,WAW,frankfurt am main,50.02638888888889,8.543055555555556,FRA,898.339709782636,3.6276007235682064,True
munich,48.353611111111114,11.785833333333333,MUC,lyon,45.726111111111116,5.090833333333333,LYS,585.1416301661861,3.627545927830409,True
london,51.87444444444444,-0.3683333333333333,LTN,amsterdam,52.308611111111105,4.763888888888889,AMS,353.85582000113106,3.626338173812985,True
brussels,50.90222222222222,4.498611111111111,BRU,marseille,43.43555555555555,5.213611111111112,MRS,832.0017624665923,3.624208322059941,True
düsseldorf,51.28944444444444,6.766666666666667,DUS,glasgow,55.871944444444445,-4.433055555555556,GLA,896.2484837625486,3.621823950451548,True
amsterdam,52.308611111111105,4.763888888888889,AMS,oslo,59.18666666666666,10.258611111111112,TRF,837.890627515635,3.61803856490198,True
munich,48.353611111111114,11.785833333333333,MUC,poznan,52.42111111111111,16.82638888888889,POZ,576.135136020772,3.6175387121132823,True
london,51.4775,-0.4613888888888889,LHR,frankfurt am main,50.02638888888889,8.543055555555556,FRA,653.2269079786577,3.6173423335363695,True
rome,41.799166666666665,12.594722222222222,CIA,budapest,47.43666666666666,19.255555555555556,BUD,818.4503219758445,3.6162923499562614,True
madrid,40.47222222222222,-3.560833333333333,MAD,marseille,43.43555555555555,5.213611111111112,MRS,796.3647713456162,3.609838677548155,True
paris,49.01277777777778,2.55,CDG,marseille,43.43555555555555,5.213611111111112,MRS,653.0230133284535,3.609291341839396,True
essen,51.28944444444444,6.766666666666667,DUS,københavn,55.617777777777775,12.655833333333334,CPH,618.9836546862715,3.608079335024172,True
berlin,52.559444444444445,13.2875,TXL,oslo,60.193888888888885,11.100277777777777,OSL,859.4047498544047,3.6080416170496767,True
göteborg,57.66277777777778,12.279722222222222,GOT,riga,56.9236,23.9711,RIX,706.3487833014317,3.6055786647612993,True
barcelona,41.29694444444444,2.0783333333333336,BCN,sevilla,37.41777777777777,-5.893055555555555,SVQ,809.2705375006698,3.603067612912643,True
munich,48.353611111111114,11.785833333333333,MUC,bremen,53.0475,8.786666666666667,BRE,562.9307222830954,3.6028671412936415,True
paris,49.01277777777778,2.55,CDG,milano,45.445277777777775,9.276944444444446,LIN,644.0764278430767,3.5993506913000886,True
stockholm,59.651944444444446,17.91861111111111,ARN,oslo,59.18666666666666,10.258611111111112,TRF,436.1592177677826,3.5988675652603637,True
milano,45.63138888888889,8.727777777777778,MXP,munich,48.353611111111114,11.785833333333333,MUC,381.2738082231707,3.598200039036241,True
milano,45.445277777777775,9.276944444444446,LIN,palermo,38.11083333333333,13.313333333333334,PMO,881.2563602367834,3.598163542960874,True
amsterdam,52.308611111111105,4.763888888888889,AMS,torino,45.20055555555556,7.649444444444444,TRN,818.0228466560037,3.5959632528357233,True
berlin,52.559444444444445,13.2875,TXL,milano,45.445277777777775,9.276944444444446,LIN,843.0882552887234,3.589912178643364,True
milano,45.63138888888889,8.727777777777778,MXP,marseille,43.43555555555555,5.213611111111112,MRS,370.34673402556064,3.586058845483341,True
istanbul,40.8986,29.3092,SAW,bucarest,44.57361111111111,26.103333333333335,OTP,485.2321574217983,3.585801095554044,True
berlin,52.559444444444445,13.2875,TXL,stockholm,59.651944444444446,17.91861111111111,ARN,838.8084019431867,3.585156786037212,True
paris,49.01277777777778,2.55,CDG,hannover,52.46083333333333,9.685,HAJ,631.2735982013223,3.5851253250314725,True
berlin,52.559444444444445,13.2875,TXL,riga,56.9236,23.9711,RIX,838.6116932186177,3.584938220787691,True
berlin,52.559444444444445,13.2875,TXL,milano,45.63138888888889,8.727777777777778,MXP,838.4379027768089,3.5847451202967924,True
milano,45.445277777777775,9.276944444444446,LIN,palermo,38.17583333333333,13.090833333333334,PMO,867.659022874386,3.583055390335988,True
paris,49.01277777777778,2.55,CDG,bremen,53.0475,8.786666666666667,BRE,625.2558852748135,3.5784389773353515,True
warszawa,52.16555555555556,20.966944444444444,WAW,stockholm,59.651944444444446,17.91861111111111,ARN,853.6234594565059,3.5779160009836177,True
london,51.14805555555556,-0.19027777777777777,LGW,amsterdam,52.308611111111105,4.763888888888889,AMS,364.7040109442535,3.577442835029066,True
warszawa,52.16555555555556,20.966944444444444,WAW,göteborg,57.77472222222222,11.870277777777778,GSE,850.7238100191439,3.5746941682754376,True
stuttgart,48.689722222222215,9.221944444444444,STR,københavn,55.617777777777775,12.655833333333334,CPH,804.9437688302249,3.5745595369209533,True
kraków,50.0775,19.784722222222225,KRK,frankfurt am main,50.02638888888889,8.543055555555556,FRA,801.8889044627495,3.574064582861806,True
paris,49.01277777777778,2.55,CDG,nürnberg,49.49861111111111,11.078055555555554,NUE,620.9422305374065,3.573646027627122,True
vienna,48.11027777777778,16.56972222222222,VIE,hannover,52.46083333333333,9.685,HAJ,687.3939998865666,3.5684444803587403,True
berlin,52.559444444444445,13.2875,TXL,vilnius,54.6341,25.2858,VNO,823.5216013027509,3.5681714519922836,True
brussels,50.90222222222222,4.498611111111111,BRU,bordeaux,44.82833333333333,-0.7155555555555555,BOD,778.9234828555926,3.5652324558254964,True
paris,49.01277777777778,2.55,CDG,bradford,53.865833333333335,-1.6605555555555556,LBA,613.2409867894622,3.5650890901294057,True
paris,49.01277777777778,2.55,CDG,leeds,53.865833333333335,-1.6605555555555556,LBA,613.2409867894622,3.5650890901294057,True
hamburg,53.63027777777778,9.988055555555555,HAM,stockholm,59.651944444444446,17.91861111111111,ARN,825.525962611723,3.564773999495491,True
istanbul,40.8986,29.3092,SAW,antalya,36.90138888888889,30.791666666666668,AYT,462.591496066396,3.5606448051591526,True
dublin,53.42111111111111,-6.27,DUB,brussels,50.45916666666667,4.453611111111111,CRL,804.4641103910681,3.558690085986677,True
berlin,52.38,13.5225,SXF,budapest,47.43666666666666,19.255555555555556,BUD,685.6107722136785,3.5577239625541965,True
stockholm,59.651944444444446,17.91861111111111,ARN,helsinki,60.32,24.95611111111111,HEL,398.21633139174764,3.556708802620325,True
paris,49.01277777777778,2.55,CDG,toulouse,43.62888888888889,1.363611111111111,TLS,605.5321867538721,3.556523756756528,True
rome,41.812777777777775,12.253055555555555,FCO,marseille,43.43555555555555,5.213611111111112,MRS,603.3378547247193,3.5559005779238877,True
barcelona,41.29694444444444,2.0783333333333336,BCN,málaga,36.67361111111111,-4.498888888888889,AGP,766.0328467482774,3.555025734298874,True
milano,45.63138888888889,8.727777777777778,MXP,stuttgart,48.689722222222215,9.221944444444444,STR,342.1152326698221,3.5546905106436317,True
frankfurt am main,50.02638888888889,8.543055555555556,FRA,zagreb,45.74277777777778,16.06861111111111,ZAG,735.4373192593075,3.5526519632909284,True
stockholm,59.651944444444446,17.91861111111111,ARN,göteborg,57.66277777777778,12.279722222222222,GOT,393.8705192347258,3.551880122445856,True
london,51.505,0.05416666666666667,LCY,zürich,47.46472222222223,8.549166666666666,ZRH,759.7463167882655,3.551788532803693,True
porto,41.24805555555556,-8.681388888888888,OPO,bordeaux,44.82833333333333,-0.7155555555555555,BOD,759.4807269978627,3.5510450920546304,True
brussels,50.90222222222222,4.498611111111111,BRU,edinburgh,55.95,-3.3725,EDI,765.2501790990652,3.5500398960960218,True
izmir,38.29222222222222,27.15694444444444,ADB,adana,37.00194444444445,35.42583333333333,ADA,741.7451920677863,3.5491160408091185,True
kraków,50.0775,19.784722222222225,KRK,københavn,55.617777777777775,12.655833333333334,CPH,779.3645475658943,3.549037519643078,True
kraków,50.0775,19.784722222222225,KRK,stuttgart,48.689722222222215,9.221944444444444,STR,779.3182423145009,3.548986069363752,True
hamburg,53.63027777777778,9.988055555555555,HAM,manchester,53.353611111111114,-2.274722222222222,MAN,810.8070500716551,3.5484196522287488,True
paris,49.01277777777778,2.55,CDG,milano,45.63138888888889,8.727777777777778,MXP,598.1725411519071,3.5483463727543447,True
paris,48.72527777777778,2.3594444444444447,ORY,bilbao,43.30083333333333,-2.9105555555555553,BIO,727.2263673597986,3.5458455764241354,True
milano,45.445277777777775,9.276944444444446,LIN,amsterdam,52.308611111111105,4.763888888888889,AMS,831.0700769976074,3.5424010060284563,True
stockholm,59.651944444444446,17.91861111111111,ARN,oslo,60.193888888888885,11.100277777777777,OSL,384.5342565027823,3.541506497188141,True
birmingham,52.453611111111115,-1.7477777777777779,BHX,hannover,52.46083333333333,9.685,HAJ,773.842552232907,3.539064015463767,True
london,51.14805555555556,-0.19027777777777777,LGW,brussels,50.90222222222222,4.498611111111111,BRU,329.01844641907485,3.5377922077788675,True
ankara,40.128055555555555,32.995,ESB,izmir,38.29222222222222,27.15694444444444,ADB,542.6968074732039,3.537444125939301,True
dublin,53.42111111111111,-6.27,DUB,brussels,50.90222222222222,4.498611111111111,BRU,785.164805238402,3.537246413594825,True
brussels,50.90222222222222,4.498611111111111,BRU,københavn,55.617777777777775,12.655833333333334,CPH,753.6244575030134,3.537122427655964,True
paris,49.01277777777778,2.55,CDG,manchester,53.353611111111114,-2.274722222222222,MAN,587.9808113696827,3.537022228551873,True
izmir,38.29222222222222,27.15694444444444,ADB,adana,36.981944444444444,35.280277777777776,ADA,729.7230145138885,3.5357580657492322,True
bordeaux,44.82833333333333,-0.7155555555555555,BOD,zürich,47.46472222222223,8.549166666666666,ZRH,770.9691657353675,3.535538530480643,True
amsterdam,52.308611111111105,4.763888888888889,AMS,göteborg,57.66277777777778,12.279722222222222,GOT,763.530329864843,3.535416011956656,True
köln,50.865833333333335,7.1425,CGN,manchester,53.353611111111114,-2.274722222222222,MAN,699.3874924673889,3.534527035450231,True
izmir,38.29222222222222,27.15694444444444,ADB,kayseri,38.77027777777778,35.49527777777778,ASR,726.9952346729912,3.5327271992593463,True
hamburg,53.63027777777778,9.988055555555555,HAM,birmingham,52.453611111111115,-1.7477777777777779,BHX,794.4686837943801,3.530265911920665,True
birmingham,52.453611111111115,-1.7477777777777779,BHX,frankfurt am main,50.02638888888889,8.543055555555556,FRA,764.7147504726588,3.5289220135079353,True
barcelona,41.29694444444444,2.0783333333333336,BCN,milano,45.445277777777775,9.276944444444446,LIN,742.013473300545,3.528337541579171,True
naples,40.88583333333333,14.290555555555555,NAP,zürich,47.46472222222223,8.549166666666666,ZRH,862.4571725483709,3.5281705048771475,True
munich,48.353611111111114,11.785833333333333,MUC,genova,44.411944444444444,8.841666666666667,GOA,492.96110115871244,3.5251231178221047,True
berlin,52.559444444444445,13.2875,TXL,zagreb,45.74277777777778,16.06861111111111,ZAG,784.3449564188973,3.5246418465657796,True
istanbul,40.8986,29.3092,SAW,konya,37.97888888888889,32.56166666666666,KYA,428.2015585884771,3.52243376351702,True
paris,49.01277777777778,2.55,CDG,torino,45.20055555555556,7.649444444444444,TRN,573.0129004210953,3.520391216386776,True
lyon,45.726111111111116,5.090833333333333,LYS,düsseldorf,51.28944444444444,6.766666666666667,DUS,630.7668155486032,3.519323784314356,True
lyon,45.726111111111116,5.090833333333333,LYS,duisburg,51.28944444444444,6.766666666666667,DUS,630.7668155486032,3.519323784314356,True
lyon,45.726111111111116,5.090833333333333,LYS,essen,51.28944444444444,6.766666666666667,DUS,630.7668155486032,3.519323784314356,True
ankara,40.128055555555555,32.995,ESB,gaziantep,36.948055555555555,37.47916666666667,GZT,526.3089856625395,3.5192354350385626,True
naples,40.88583333333333,14.290555555555555,NAP,munich,48.353611111111114,11.785833333333333,MUC,853.5849054177481,3.518312430287567,True
munich,48.353611111111114,11.785833333333333,MUC,düsseldorf,51.28944444444444,6.766666666666667,DUS,485.8253506383507,3.5171945061328143,True
munich,48.353611111111114,11.785833333333333,MUC,duisburg,51.28944444444444,6.766666666666667,DUS,485.8253506383507,3.5171945061328143,True
munich,48.353611111111114,11.785833333333333,MUC,essen,51.28944444444444,6.766666666666667,DUS,485.8253506383507,3.5171945061328143,True
munich,48.353611111111114,11.785833333333333,MUC,hannover,52.46083333333333,9.685,HAJ,480.3018396019005,3.5110572716478696,True
berlin,52.38,13.5225,SXF,brussels,50.90222222222222,4.498611111111111,BRU,643.5384521671407,3.5109769402802655,True
munich,48.353611111111114,11.785833333333333,MUC,wroclaw,51.1025,16.885833333333334,WRO,477.10004332503433,3.5074997202291294,True
london,51.4775,-0.4613888888888889,LHR,glasgow,55.871944444444445,-4.433055555555556,GLA,554.0485316281216,3.5071441375913297,True
lille,50.56166666666666,3.0894444444444447,LIL,toulouse,43.62888888888889,1.363611111111111,TLS,781.8216099726949,3.5057308825395137,True
barcelona,41.29694444444444,2.0783333333333336,BCN,milano,45.63138888888889,8.727777777777778,MXP,720.8499158471976,3.504822477742118,True
torino,45.20055555555556,7.649444444444444,TRN,essen,51.28944444444444,6.766666666666667,DUS,680.187824305445,3.5017107470645294,True
torino,45.20055555555556,7.649444444444444,TRN,duisburg,51.28944444444444,6.766666666666667,DUS,680.187824305445,3.5017107470645294,True
torino,45.20055555555556,7.649444444444444,TRN,düsseldorf,51.28944444444444,6.766666666666667,DUS,680.187824305445,3.5017107470645294,True
vilnius,54.6341,25.2858,VNO,københavn,55.617777777777775,12.655833333333334,CPH,809.2531351357985,3.5014125169764694,True
munich,48.353611111111114,11.785833333333333,MUC,torino,45.20055555555556,7.649444444444444,TRN,471.1769550405184,3.5009185110241114,True
hamburg,53.63027777777778,9.988055555555555,HAM,vienna,48.11027777777778,16.56972222222222,VIE,767.4631361523112,3.500259747873922,True
bremen,53.0475,8.786666666666667,BRE,edinburgh,55.95,-3.3725,EDI,847.4617223152793,3.498860542580534,True
dublin,53.42111111111111,-6.27,DUB,amsterdam,52.308611111111105,4.763888888888889,AMS,750.1527771388371,3.4983441601508645,True
vienna,48.11027777777778,16.56972222222222,VIE,frankfurt am main,50.02638888888889,8.543055555555556,FRA,621.967717684828,3.495748611245698,True
warszawa,52.16555555555556,20.966944444444444,WAW,stockholm,58.78861111111111,16.911944444444444,NYO,779.1701773380388,3.4951901319630987,True
istanbul,40.97666666666667,28.82111111111111,IST,adana,37.00194444444445,35.42583333333333,ADA,721.5637662281459,3.4942928575437735,True
warszawa,52.16555555555556,20.966944444444444,WAW,munich,48.353611111111114,11.785833333333333,MUC,777.3426309584497,3.4931595248746663,True
frankfurt am main,50.02638888888889,8.543055555555556,FRA,københavn,55.617777777777775,12.655833333333334,CPH,680.0937636329384,3.4911591237060735,True
naples,40.88583333333333,14.290555555555555,NAP,budapest,47.43666666666666,19.255555555555556,BUD,828.7045963901393,3.4906676424791128,True
munich,48.353611111111114,11.785833333333333,MUC,dortmund,51.518055555555556,7.612222222222222,DTM,461.406190018861,3.4900621054444922,True
zürich,47.46472222222223,8.549166666666666,ZRH,wroclaw,51.1025,16.885833333333334,WRO,726.8320035732816,3.489309280999656,True
milano,45.63138888888889,8.727777777777778,MXP,lyon,45.726111111111116,5.090833333333333,LYS,282.7251329459104,3.4887015109503965,True
prague,50.100833333333334,14.26,PRG,rotterdam,51.95722222222223,4.441666666666667,RTM,716.3395055956478,3.4885258556218615,True
prague,50.100833333333334,14.26,PRG,hague,51.95722222222223,4.441666666666667,RTM,716.3395055956478,3.4885258556218615,True
london,51.4775,-0.4613888888888889,LHR,köln,50.865833333333335,7.1425,CGN,534.2248525166617,3.485117827467485,True
istanbul,40.97666666666667,28.82111111111111,IST,adana,36.981944444444444,35.280277777777776,ADA,713.1161178834116,3.4849065816051796,True
amsterdam,52.308611111111105,4.763888888888889,AMS,glasgow,55.871944444444445,-4.433055555555556,GLA,717.9580050368004,3.484780095481053,True
naples,40.88583333333333,14.290555555555555,NAP,vienna,48.11027777777778,16.56972222222222,VIE,823.304941676752,3.4846680261309047,True
hamburg,53.63027777777778,9.988055555555555,HAM,warszawa,52.16555555555556,20.966944444444444,WAW,753.4022260366437,3.4846365144120695,True
london,51.4775,-0.4613888888888889,LHR,edinburgh,55.95,-3.3725,EDI,532.821736345891,3.483558809499962,True
helsinki,60.32,24.95611111111111,HEL,vilnius,54.6341,25.2858,VNO,632.5482608151129,3.482354984373155,True
prague,50.100833333333334,14.26,PRG,amsterdam,52.308611111111105,4.763888888888889,AMS,705.0068657218192,3.475934033539829,True
vienna,48.11027777777778,16.56972222222222,VIE,zürich,47.46472222222223,8.549166666666666,ZRH,603.2177733508491,3.474915339763499,True
rome,41.812777777777775,12.253055555555555,FCO,torino,45.20055555555556,7.649444444444444,TRN,528.7421594425132,3.47301647205477,True
paris,49.01277777777778,2.55,CDG,bordeaux,44.82833333333333,-0.7155555555555555,BOD,527.1366478437404,3.469417602411937,True
manchester,53.353611111111114,-2.274722222222222,MAN,duisburg,51.28944444444444,6.766666666666667,DUS,655.4078121721892,3.4677891329482433,True
prague,50.100833333333334,14.26,PRG,brussels,50.90222222222222,4.498611111111111,BRU,695.5910837481947,3.4654720535691355,True
essen,51.28944444444444,6.766666666666667,DUS,dresden,51.1325,13.766944444444444,DRS,487.7564098526782,3.4622712852090682,True
hamburg,53.63027777777778,9.988055555555555,HAM,oslo,60.193888888888885,11.100277777777777,OSL,732.9290032399808,3.461888489082444,True
munich,48.353611111111114,11.785833333333333,MUC,köln,50.865833333333335,7.1425,CGN,435.7085187491467,3.461509137367032,True
munich,48.353611111111114,11.785833333333333,MUC,zagreb,45.74277777777778,16.06861111111111,ZAG,435.27823109569306,3.461031039974306,True
lyon,45.726111111111116,5.090833333333333,LYS,brussels,50.90222222222222,4.498611111111111,BRU,577.2156620289645,3.459822502625869,True
berlin,52.38,13.5225,SXF,amsterdam,52.308611111111105,4.763888888888889,AMS,594.6675516711331,3.4566759397291458,True
palermo,38.11083333333333,13.313333333333334,PMO,genova,44.411944444444444,8.841666666666667,GOA,793.8004967375358,3.4560700523580103,True
wroclaw,51.1025,16.885833333333334,WRO,duisburg,51.28944444444444,6.766666666666667,DUS,704.8639823969577,3.4548925067238434,True
wroclaw,51.1025,16.885833333333334,WRO,essen,51.28944444444444,6.766666666666667,DUS,704.8639823969577,3.4548925067238434,True
wroclaw,51.1025,16.885833333333334,WRO,düsseldorf,51.28944444444444,6.766666666666667,DUS,704.8639823969577,3.4548925067238434,True
lisboa,38.78111111111111,-9.135833333333332,LIS,valencia,39.48916666666667,-0.4813888888888889,VLC,750.2857718143341,3.45313106439643,True
brussels,50.90222222222222,4.498611111111111,BRU,torino,45.20055555555556,7.649444444444444,TRN,675.7072539939577,3.4505477570903467,True
valencia,39.48916666666667,-0.4813888888888889,VLC,porto,41.24805555555556,-8.681388888888888,OPO,721.3763389665859,3.449762994148805,True
london,51.4775,-0.4613888888888889,LHR,düsseldorf,51.28944444444444,6.766666666666667,DUS,501.839020153103,3.4491335692857534,True
london,51.4775,-0.4613888888888889,LHR,duisburg,51.28944444444444,6.766666666666667,DUS,501.839020153103,3.4491335692857534,True
london,51.4775,-0.4613888888888889,LHR,essen,51.28944444444444,6.766666666666667,DUS,501.839020153103,3.4491335692857534,True
bucarest,44.57361111111111,26.103333333333335,OTP,budapest,47.43666666666666,19.255555555555556,BUD,616.9751357113748,3.4475337934622643,True
paris,48.72527777777778,2.3594444444444447,ORY,milano,45.445277777777775,9.276944444444446,LIN,637.8240954827111,3.4465097187829272,True
berlin,52.559444444444445,13.2875,TXL,budapest,47.43666666666666,19.255555555555556,BUD,711.1349041569797,3.443297344052538,True
frankfurt am main,50.02638888888889,8.543055555555556,FRA,poznan,52.42111111111111,16.82638888888889,POZ,634.846296188287,3.4408841598786832,True
lyon,45.726111111111116,5.090833333333333,LYS,lille,50.56166666666666,3.0894444444444447,LIL,557.7609888403368,3.4382061990829493,True
paris,48.72527777777778,2.3594444444444447,ORY,marseille,43.43555555555555,5.213611111111112,MRS,627.9166851804919,3.4355014851137944,True
riga,56.9236,23.9711,RIX,københavn,55.617777777777775,12.655833333333334,CPH,712.6861473402895,3.4343443514788077,True
istanbul,40.8986,29.3092,SAW,izmir,38.29222222222222,27.15694444444444,ADB,343.48410530862697,3.4283032598727425,True
amsterdam,52.308611111111105,4.763888888888889,AMS,edinburgh,55.95,-3.3725,EDI,666.3622538903024,3.427451483096055,True
paris,49.01277777777778,2.55,CDG,stuttgart,48.689722222222215,9.221944444444444,STR,489.3338854096468,3.427414533040722,True
barcelona,41.29694444444444,2.0783333333333336,BCN,genova,44.411944444444444,8.841666666666667,GOA,650.7609711688488,3.426945872543953,True
paris,49.01277777777778,2.55,CDG,birmingham,52.453611111111115,-1.7477777777777779,BHX,487.5431656820824,3.4254248444545397,True
lisboa,38.78111111111111,-9.135833333333332,LIS,bilbao,43.30083333333333,-2.9105555555555553,BIO,724.2832765314536,3.4242394029710073,True
lyon,45.726111111111116,5.090833333333333,LYS,frankfurt am main,50.02638888888889,8.543055555555556,FRA,542.9386576364265,3.4217369421897157,True
budapest,47.43666666666666,19.255555555555556,BUD,munich,48.353611111111114,11.785833333333333,MUC,565.9209929173026,3.4215310374399697,True
athina,37.9364,23.9445,ATH,sofia,42.69499999999999,23.40611111111111,SOF,531.0939199123841,3.418624019006122,True
hamburg,53.63027777777778,9.988055555555555,HAM,zürich,47.46472222222223,8.549166666666666,ZRH,693.0366483077808,3.4175636502688884,True
sevilla,37.41777777777777,-5.893055555555555,SVQ,bilbao,43.30083333333333,-2.9105555555555553,BIO,701.1495641157119,3.413615270294606,True
paris,49.01277777777778,2.55,CDG,zürich,47.46472222222223,8.549166666666666,ZRH,476.3072391799871,3.4129404816744335,True
lille,50.56166666666666,3.0894444444444447,LIL,bordeaux,44.82833333333333,-0.7155555555555555,BOD,697.9950906029316,3.412590305461999,True
vienna,48.11027777777778,16.56972222222222,VIE,stuttgart,48.689722222222215,9.221944444444444,STR,546.0468914043394,3.41139213760071,True
warszawa,52.4511,20.6518,WMI,wroclaw,51.1025,16.885833333333334,WRO,299.30723234462965,3.410820404516789,True
rome,41.799166666666665,12.594722222222222,CIA,marseille,43.43555555555555,5.213611111111112,MRS,630.5381725603854,3.4075010728279738,True
bilbao,43.30083333333333,-2.9105555555555553,BIO,málaga,36.67361111111111,-4.498888888888889,AGP,749.1921939872058,3.4058274903130528,True
istanbul,40.8986,29.3092,SAW,ankara,40.128055555555555,32.995,ESB,323.12121412320414,3.4056778252222726,True
düsseldorf,51.28944444444444,6.766666666666667,DUS,poznan,52.42111111111111,16.82638888888889,POZ,701.6577497933083,3.405612023819059,True
frankfurt am main,50.02638888888889,8.543055555555556,FRA,wroclaw,51.1025,16.885833333333334,WRO,600.9437238531873,3.403214635061906,True
milano,45.63138888888889,8.727777777777778,MXP,zürich,47.46472222222223,8.549166666666666,ZRH,204.31428427344713,3.4015783457587707,True
poznan,52.42111111111111,16.82638888888889,POZ,duisburg,51.28944444444444,6.766666666666667,DUS,701.6577497933083,3.3995801275381394,True
milano,45.445277777777775,9.276944444444446,LIN,brussels,50.90222222222222,4.498611111111111,BRU,702.3137360490659,3.399338404974521,True
barcelona,41.29694444444444,2.0783333333333336,BCN,torino,45.20055555555556,7.649444444444444,TRN,625.8161560722837,3.3992294113255475,True
london,51.505,0.05416666666666667,LCY,frankfurt am main,50.02638888888889,8.543055555555556,FRA,618.8451800123069,3.3952317141637387,True
marseille,43.43555555555555,5.213611111111112,MRS,bordeaux,44.82833333333333,-0.7155555555555555,BOD,497.758746948463,3.39494766248732,True
amsterdam,52.308611111111105,4.763888888888889,AMS,københavn,55.617777777777775,12.655833333333334,CPH,633.3679274810675,3.3907911204191272,True
london,51.4775,-0.4613888888888889,LHR,dublin,53.42111111111111,-6.27,DUB,448.87679909392097,3.390286656997773,True
birmingham,52.453611111111115,-1.7477777777777779,BHX,köln,50.865833333333335,7.1425,CGN,637.6663079623665,3.3877570773853884,True
ankara,40.128055555555555,32.995,ESB,adana,37.00194444444445,35.42583333333333,ADA,406.7714786342539,3.386415982784912,True
ankara,40.128055555555555,32.995,ESB,antalya,36.90138888888889,30.791666666666668,AYT,406.7533061059334,3.386395791086778,True
berlin,52.559444444444445,13.2875,TXL,zürich,47.46472222222223,8.549166666666666,ZRH,659.6474239816442,3.3860890327466096,True
leeds,53.865833333333335,-1.6605555555555556,LBA,essen,51.28944444444444,6.766666666666667,DUS,636.8917045352505,3.3857442942467353,True
leeds,53.865833333333335,-1.6605555555555556,LBA,düsseldorf,51.28944444444444,6.766666666666667,DUS,636.8917045352505,3.3857442942467353,True
leeds,53.865833333333335,-1.6605555555555556,LBA,duisburg,51.28944444444444,6.766666666666667,DUS,636.8917045352505,3.3857442942467353,True
prague,50.100833333333334,14.26,PRG,københavn,55.617777777777775,12.655833333333334,CPH,622.7930172713816,3.3845853130393433,True
ankara,40.128055555555555,32.995,ESB,adana,36.981944444444444,35.280277777777776,ADA,402.2933909387395,3.381440329789896,True
istanbul,40.97666666666667,28.82111111111111,IST,kayseri,38.77027777777778,35.49527777777778,ASR,619.9308412808656,3.3813673853801287,True
paris,49.01277777777778,2.55,CDG,frankfurt am main,50.02638888888889,8.543055555555556,FRA,446.9196166527434,3.380287567755274,True
bremen,53.0475,8.786666666666667,BRE,manchester,53.353611111111114,-2.274722222222222,MAN,736.8183663547329,3.375923480402149,True
bradford,53.865833333333335,-1.6605555555555556,LBA,duisburg,51.28944444444444,6.766666666666667,DUS,636.8917045352505,3.3743412155391175,True
paris,48.72527777777778,2.3594444444444447,ORY,toulouse,43.62888888888889,1.363611111111111,TLS,571.8416037992221,3.3731958391346057,True
naples,40.88583333333333,14.290555555555555,NAP,torino,45.20055555555556,7.649444444444444,TRN,721.6674848145045,3.371737518506185,True
zürich,47.46472222222223,8.549166666666666,ZRH,bremen,53.0475,8.786666666666667,BRE,621.0051773350782,3.3717239185127634,True
warszawa,52.16555555555556,20.966944444444444,WAW,københavn,55.617777777777775,12.655833333333334,CPH,665.6033926333174,3.3690048156245194,True
valencia,39.48916666666667,-0.4813888888888889,VLC,marseille,43.43555555555555,5.213611111111112,MRS,646.0539112883505,3.3660714078396543,True
munich,48.353611111111114,11.785833333333333,MUC,leipzig,51.42388888888889,12.23611111111111,LEJ,342.91800318921094,3.3584085645226587,True
zagreb,45.74277777777778,16.06861111111111,ZAG,stuttgart,48.689722222222215,9.221944444444444,STR,611.8362868940503,3.356906291681239,True
amsterdam,52.308611111111105,4.763888888888889,AMS,zürich,47.46472222222223,8.549166666666666,ZRH,602.8314833920343,3.3568617380979795,True
berlin,52.559444444444445,13.2875,TXL,brussels,50.90222222222222,4.498611111111111,BRU,632.2461528818425,3.355643175969052,True
munich,48.353611111111114,11.785833333333333,MUC,dresden,51.1325,13.766944444444444,DRS,340.18093564395934,3.3553673783612683,True
düsseldorf,51.28944444444444,6.766666666666667,DUS,manchester,53.353611111111114,-2.274722222222222,MAN,655.4078121721892,3.354223204240038,True
rome,41.812777777777775,12.253055555555555,FCO,palermo,38.11083333333333,13.313333333333334,PMO,421.4289195763189,3.3537795388701097,True
zagreb,45.74277777777778,16.06861111111111,ZAG,zürich,47.46472222222223,8.549166666666666,ZRH,605.2243436141305,3.3495596880368836,True
torino,45.20055555555556,7.649444444444444,TRN,frankfurt am main,50.02638888888889,8.543055555555556,FRA,540.7615436032593,3.3467926573954343,True
birmingham,52.453611111111115,-1.7477777777777779,BHX,düsseldorf,51.28944444444444,6.766666666666667,DUS,598.3357827439045,3.3440564938093194,True
birmingham,52.453611111111115,-1.7477777777777779,BHX,essen,51.28944444444444,6.766666666666667,DUS,598.3357827439045,3.3440564938093194,True
birmingham,52.453611111111115,-1.7477777777777779,BHX,duisburg,51.28944444444444,6.766666666666667,DUS,598.3357827439045,3.3440564938093194,True
paris,49.01277777777778,2.55,CDG,lyon,45.726111111111116,5.090833333333333,LYS,412.4637934357888,3.3420033197364356,True
rome,41.812777777777775,12.253055555555555,FCO,palermo,38.17583333333333,13.090833333333334,PMO,410.65229196853926,3.341805508194799,True
milano,45.445277777777775,9.276944444444446,LIN,naples,40.88583333333333,14.290555555555555,NAP,649.6224055404526,3.340792482187173,True
vienna,48.11027777777778,16.56972222222222,VIE,leipzig,51.42388888888889,12.23611111111111,LEJ,482.1458930394102,3.3403910283063447,True
london,51.505,0.05416666666666667,LCY,glasgow,55.871944444444445,-4.433055555555556,GLA,568.1427378651639,3.33889566733358,True
lyon,45.726111111111116,5.090833333333333,LYS,bordeaux,44.82833333333333,-0.7155555555555555,BOD,465.04688539533737,3.3351905285885053,True
düsseldorf,51.28944444444444,6.766666666666667,DUS,bradford,53.865833333333335,-1.6605555555555556,LBA,636.8917045352505,3.3336497513101055,True
københavn,55.617777777777775,12.655833333333334,CPH,duisburg,51.28944444444444,6.766666666666667,DUS,618.9836546862715,3.3310662486216245,True
rome,41.812777777777775,12.253055555555555,FCO,genova,44.411944444444444,8.841666666666667,GOA,400.1915530692261,3.33018246497334,True
milano,45.445277777777775,9.276944444444446,LIN,prague,50.100833333333334,14.26,PRG,637.3824434090844,3.3271925242634306,True
paris,49.01277777777778,2.55,CDG,amsterdam,52.308611111111105,4.763888888888889,AMS,398.27286185008217,3.326235617974539,True
essen,51.28944444444444,6.766666666666667,DUS,nürnberg,49.49861111111111,11.078055555555554,NUE,364.6798572245946,3.3255195600667533,True
madrid,40.47222222222222,-3.560833333333333,MAD,bordeaux,44.82833333333333,-0.7155555555555555,BOD,537.2825981460189,3.321969596215269,True
madrid,40.47222222222222,-3.560833333333333,MAD,toulouse,43.62888888888889,1.363611111111111,TLS,536.9738871607834,3.3216265840094517,True
paris,49.01277777777778,2.55,CDG,duisburg,51.28944444444444,6.766666666666667,DUS,392.76205542007415,3.3201124997189746,True
paris,49.01277777777778,2.55,CDG,essen,51.28944444444444,6.766666666666667,DUS,392.76205542007415,3.3201124997189746,True
paris,49.01277777777778,2.55,CDG,düsseldorf,51.28944444444444,6.766666666666667,DUS,392.76205542007415,3.3201124997189746,True
milano,45.445277777777775,9.276944444444446,LIN,vienna,48.11027777777778,16.56972222222222,VIE,629.0892725219611,3.317977889944405,True
budapest,47.43666666666666,19.255555555555556,BUD,prague,50.100833333333334,14.26,PRG,470.7805845141493,3.315819472547577,True
hamburg,53.63027777777778,9.988055555555555,HAM,munich,48.353611111111114,11.785833333333333,MUC,600.0258224484438,3.3142182882029583,True
barcelona,41.29694444444444,2.0783333333333336,BCN,lyon,45.726111111111116,5.090833333333333,LYS,549.0532779484822,3.3139373245213233,True
düsseldorf,51.28944444444444,6.766666666666667,DUS,københavn,55.617777777777775,12.655833333333334,CPH,618.9836546862715,3.3137519181445736,True
london,51.505,0.05416666666666667,LCY,edinburgh,55.95,-3.3725,EDI,543.0782197484168,3.3110462027594165,True
munich,48.353611111111114,11.785833333333333,MUC,frankfurt am main,50.02638888888889,8.543055555555556,FRA,300.1735720757399,3.310914752174358,True
wroclaw,51.1025,16.885833333333334,WRO,københavn,55.617777777777775,12.655833333333334,CPH,574.9674454528952,3.3105630212304407,True
zürich,47.46472222222223,8.549166666666666,ZRH,hannover,52.46083333333333,9.685,HAJ,561.4320942664674,3.305531603992085,True
paris,49.01277777777778,2.55,CDG,london,51.87444444444444,-0.3683333333333333,LTN,379.34996305150946,3.305210174865014,True
london,51.4775,-0.4613888888888889,LHR,amsterdam,52.308611111111105,4.763888888888889,AMS,370.19372361835644,3.3028610175804793,True
zürich,47.46472222222223,8.549166666666666,ZRH,dresden,51.1325,13.766944444444444,DRS,556.0379786210111,3.2995381421638,True
prague,50.100833333333334,14.26,PRG,duisburg,51.28944444444444,6.766666666666667,DUS,543.828411023225,3.2968468616525026,True
prague,50.100833333333334,14.26,PRG,düsseldorf,51.28944444444444,6.766666666666667,DUS,543.828411023225,3.2968468616525026,True
prague,50.100833333333334,14.26,PRG,essen,51.28944444444444,6.766666666666667,DUS,543.828411023225,3.2968468616525026,True
brussels,50.90222222222222,4.498611111111111,BRU,manchester,53.353611111111114,-2.274722222222222,MAN,536.4078636531764,3.2957706567117007,True
berlin,52.559444444444445,13.2875,TXL,amsterdam,52.308611111111105,4.763888888888889,AMS,578.1740625572113,3.2955630756083507,True
madrid,40.47222222222222,-3.560833333333333,MAD,lisboa,38.78111111111111,-9.135833333333332,LIS,513.0403137842645,3.2950337247022086,True
istanbul,40.97666666666667,28.82111111111111,IST,athina,37.9364,23.9445,ATH,537.9685549965704,3.2902981783975784,True
amsterdam,52.308611111111105,4.763888888888889,AMS,nürnberg,49.49861111111111,11.078055555555554,NUE,541.6027546066008,3.2888298172252757,True
berlin,52.559444444444445,13.2875,TXL,göteborg,57.66277777777778,12.279722222222222,GOT,571.0561305685311,3.287654262287595,True
paris,48.72527777777778,2.3594444444444447,ORY,bordeaux,44.82833333333333,-0.7155555555555555,BOD,492.4424412609309,3.2849745474253935,True
vienna,48.11027777777778,16.56972222222222,VIE,nürnberg,49.49861111111111,11.078055555555554,NUE,430.6735103417417,3.283199491975602,True
london,51.4775,-0.4613888888888889,LHR,brussels,50.90222222222222,4.498611111111111,BRU,351.4614250123031,3.282047352462642,True
köln,50.865833333333335,7.1425,CGN,dresden,51.1325,13.766944444444444,DRS,464.3579859522735,3.273383139322325,True
london,51.4775,-0.4613888888888889,LHR,hague,51.95722222222223,4.441666666666667,RTM,341.8884508127067,3.271410714463091,True
london,51.4775,-0.4613888888888889,LHR,rotterdam,51.95722222222223,4.441666666666667,RTM,341.8884508127067,3.271410714463091,True
munich,48.353611111111114,11.785833333333333,MUC,prague,50.100833333333334,14.26,PRG,264.59448840396226,3.271382436983494,True
paris,49.01277777777778,2.55,CDG,london,51.4775,-0.4613888888888889,LHR,347.73960928729326,3.2700875595714405,True
amsterdam,52.308611111111105,4.763888888888889,AMS,leipzig,51.42388888888889,12.23611111111111,LEJ,522.1596226738552,3.2672263373000026,True
munich,48.353611111111114,11.785833333333333,MUC,zürich,47.46472222222223,8.549166666666666,ZRH,260.68030793379063,3.267033347572192,True
madrid,40.47222222222222,-3.560833333333333,MAD,barcelona,41.29694444444444,2.0783333333333336,BCN,482.760709915756,3.2613897204038658,True
hamburg,53.63027777777778,9.988055555555555,HAM,stuttgart,48.689722222222215,9.221944444444444,STR,551.9473359089928,3.260797747603568,True
berlin,52.559444444444445,13.2875,TXL,vienna,48.11027777777778,16.56972222222222,VIE,546.6871888403593,3.260577660367404,True
prague,50.100833333333334,14.26,PRG,zürich,47.46472222222223,8.549166666666666,ZRH,510.65027851473405,3.2599822699764016,True
prague,50.100833333333334,14.26,PRG,köln,50.865833333333335,7.1425,CGN,510.5126870394524,3.259829390559422,True
warszawa,52.16555555555556,20.966944444444444,WAW,riga,56.9236,23.9711,RIX,563.3004897520739,3.2553349235342486,True
amsterdam,52.308611111111105,4.763888888888889,AMS,stuttgart,48.689722222222215,9.221944444444444,STR,511.0224579963757,3.254851709880581,True
zürich,47.46472222222223,8.549166666666666,ZRH,leipzig,51.42388888888889,12.23611111111111,LEJ,514.4947467348868,3.253378995623662,True
berlin,52.559444444444445,13.2875,TXL,kraków,50.0775,19.784722222222225,KRK,528.8948212904578,3.2408083630897355,True
warszawa,52.16555555555556,20.966944444444444,WAW,vienna,48.11027777777778,16.56972222222222,VIE,548.9085020001834,3.2393438260321483,True
london,51.505,0.05416666666666667,LCY,dublin,53.42111111111111,-6.27,DUB,478.271348064643,3.239038567555223,True
lyon,45.726111111111116,5.090833333333333,LYS,toulouse,43.62888888888889,1.363611111111111,TLS,375.73878385832955,3.235959304658497,True
brussels,50.90222222222222,4.498611111111111,BRU,zürich,47.46472222222223,8.549166666666666,ZRH,482.3087284970841,3.235660506538265,True
berlin,52.559444444444445,13.2875,TXL,warszawa,52.16555555555556,20.966944444444444,WAW,523.0408785862711,3.234303982307306,True
istanbul,40.97666666666667,28.82111111111111,IST,sofia,42.69499999999999,23.40611111111111,SOF,487.48887551692053,3.2342096456424123,True
valencia,39.48916666666667,-0.4813888888888889,VLC,sevilla,37.41777777777777,-5.893055555555555,SVQ,524.3879924074777,3.2308870535275735,True
istanbul,40.97666666666667,28.82111111111111,IST,antalya,36.90138888888889,30.791666666666668,AYT,484.101919654201,3.2304463613505017,True
warszawa,52.16555555555556,20.966944444444444,WAW,budapest,47.43666666666666,19.255555555555556,BUD,539.9413418056492,3.229380314704888,True
naples,40.88583333333333,14.290555555555555,NAP,genova,44.411944444444444,8.841666666666667,GOA,593.3276837970951,3.2291377395979524,True
amsterdam,52.308611111111105,4.763888888888889,AMS,manchester,53.353611111111114,-2.274722222222222,MAN,486.70061905190795,3.227827444386728,True
berlin,52.559444444444445,13.2875,TXL,stuttgart,48.689722222222215,9.221944444444444,STR,516.9246003057445,3.2275081175511655,True
london,51.505,0.05416666666666667,LCY,düsseldorf,51.28944444444444,6.766666666666667,DUS,466.14182752016484,3.2255613225058033,True
london,51.505,0.05416666666666667,LCY,essen,51.28944444444444,6.766666666666667,DUS,466.14182752016484,3.2255613225058033,True
london,51.505,0.05416666666666667,LCY,duisburg,51.28944444444444,6.766666666666667,DUS,466.14182752016484,3.2255613225058033,True
paris,49.01277777777778,2.55,CDG,london,51.14805555555556,-0.19027777777777777,LGW,307.5376015918513,3.2254186621320606,True
barcelona,41.29694444444444,2.0783333333333336,BCN,bilbao,43.30083333333333,-2.9105555555555553,BIO,466.79301463101893,3.222537031946364,True
stuttgart,48.689722222222215,9.221944444444444,STR,bremen,53.0475,8.786666666666667,BRE,485.5220247564812,3.2196464879501265,True
brussels,50.90222222222222,4.498611111111111,BRU,birmingham,52.453611111111115,-1.7477777777777779,BHX,463.7583391133664,3.2150489627785785,True
madrid,40.47222222222222,-3.560833333333333,MAD,porto,41.24805555555556,-8.681388888888888,OPO,439.1125428490714,3.2128917569964384,True
warszawa,52.16555555555556,20.966944444444444,WAW,prague,50.100833333333334,14.26,PRG,520.99427386435,3.2083280169923336,True
barcelona,41.29694444444444,2.0783333333333336,BCN,bordeaux,44.82833333333333,-0.7155555555555555,BOD,453.481667159181,3.207746645866544,True
istanbul,40.97666666666667,28.82111111111111,IST,konya,37.97888888888889,32.56166666666666,KYA,462.7069583341793,3.206674182106033,True
helsinki,60.32,24.95611111111111,HEL,riga,56.9236,23.9711,RIX,381.93273837697865,3.203893292775228,True
madrid,40.47222222222222,-3.560833333333333,MAD,málaga,36.67361111111111,-4.498888888888889,AGP,430.17814878454334,3.202964652480296,True
amsterdam,52.308611111111105,4.763888888888889,AMS,leeds,53.865833333333335,-1.6605555555555556,LBA,462.4598872804461,3.2008932979739924,True
amsterdam,52.308611111111105,4.763888888888889,AMS,bradford,53.865833333333335,-1.6605555555555556,LBA,462.4598872804461,3.2008932979739924,True
berlin,52.38,13.5225,SXF,københavn,55.617777777777775,12.655833333333334,CPH,364.4456159989302,3.2008737889822543,True
istanbul,40.97666666666667,28.82111111111111,IST,bucarest,44.57361111111111,26.103333333333335,OTP,457.2895841379412,3.2006548774435464,True
london,51.4775,-0.4613888888888889,LHR,leeds,53.865833333333335,-1.6605555555555556,LBA,277.59571004509695,3.199974335832413,True
london,51.4775,-0.4613888888888889,LHR,bradford,53.865833333333335,-1.6605555555555556,LBA,277.59571004509695,3.199974335832413,True
vienna,48.11027777777778,16.56972222222222,VIE,munich,48.353611111111114,11.785833333333333,MUC,355.3101098364806,3.1994623803030895,True
dresden,51.1325,13.766944444444444,DRS,duisburg,51.28944444444444,6.766666666666667,DUS,487.7564098526782,3.196821656466443,True
köln,50.865833333333335,7.1425,CGN,zürich,47.46472222222223,8.549166666666666,ZRH,391.7518906769564,3.192709700127528,True
hamburg,53.63027777777778,9.988055555555555,HAM,prague,50.100833333333334,14.26,PRG,489.7744796166113,3.1917167961675887,True
munich,48.353611111111114,11.785833333333333,MUC,stuttgart,48.689722222222215,9.221944444444444,STR,192.47969753574117,3.191254891574359,True
milano,45.445277777777775,9.276944444444446,LIN,frankfurt am main,50.02638888888889,8.543055555555556,FRA,512.3371108777831,3.188253265895318,True
marseille,43.43555555555555,5.213611111111112,MRS,toulouse,43.62888888888889,1.363611111111111,TLS,311.0827789426597,3.1875299202586493,True
berlin,52.559444444444445,13.2875,TXL,munich,48.353611111111114,11.785833333333333,MUC,479.5690230188385,3.1860019205657144,True
lyon,45.726111111111116,5.090833333333333,LYS,zürich,47.46472222222223,8.549166666666666,ZRH,327.3581736949669,3.1822030711436495,True
hamburg,53.63027777777778,9.988055555555555,HAM,brussels,50.90222222222222,4.498611111111111,BRU,480.9784568375624,3.1819434375242013,True
zürich,47.46472222222223,8.549166666666666,ZRH,düsseldorf,51.28944444444444,6.766666666666667,DUS,444.4009973820509,3.175497051898289,True
zürich,47.46472222222223,8.549166666666666,ZRH,essen,51.28944444444444,6.766666666666667,DUS,444.4009973820509,3.175497051898289,True
zürich,47.46472222222223,8.549166666666666,ZRH,duisburg,51.28944444444444,6.766666666666667,DUS,444.4009973820509,3.175497051898289,True
berlin,52.559444444444445,13.2875,TXL,duisburg,51.28944444444444,6.766666666666667,DUS,468.7341484607918,3.1739631710567733,True
berlin,52.559444444444445,13.2875,TXL,düsseldorf,51.28944444444444,6.766666666666667,DUS,468.7341484607918,3.1739631710567733,True
berlin,52.559444444444445,13.2875,TXL,essen,51.28944444444444,6.766666666666667,DUS,468.7341484607918,3.1739631710567733,True
paris,48.72527777777778,2.3594444444444447,ORY,lyon,45.726111111111116,5.090833333333333,LYS,392.06006853038326,3.173438577724785,True
valencia,39.48916666666667,-0.4813888888888889,VLC,málaga,36.67361111111111,-4.498888888888889,AGP,470.7147939381068,3.1712501663393837,True
birmingham,52.453611111111115,-1.7477777777777779,BHX,amsterdam,52.308611111111105,4.763888888888889,AMS,442.1175145693513,3.1704806402820385,True
valencia,39.48916666666667,-0.4813888888888889,VLC,bilbao,43.30083333333333,-2.9105555555555553,BIO,469.7275298808952,3.170153206275815,True
düsseldorf,51.28944444444444,6.766666666666667,DUS,dresden,51.1325,13.766944444444444,DRS,487.7564098526782,3.16794386832947,True
berlin,52.559444444444445,13.2875,TXL,köln,50.865833333333335,7.1425,CGN,463.17072427110884,3.167781588623792,True
frankfurt am main,50.02638888888889,8.543055555555556,FRA,dresden,51.1325,13.766944444444444,DRS,388.7205617829754,3.167411121650559,True
brussels,50.90222222222222,4.498611111111111,BRU,stuttgart,48.689722222222215,9.221944444444444,STR,418.7528973958369,3.165042916425768,True
hamburg,53.63027777777778,9.988055555555555,HAM,nürnberg,49.49861111111111,11.078055555555554,NUE,465.5420978606179,3.1647919275498184,True
madrid,40.47222222222222,-3.560833333333333,MAD,sevilla,37.41777777777777,-5.893055555555555,SVQ,394.9740864300216,3.1638490276419384,True
paris,49.01277777777778,2.55,CDG,brussels,50.90222222222222,4.498611111111111,BRU,252.11600912338412,3.163839114944875,True
vienna,48.11027777777778,16.56972222222222,VIE,kraków,50.0775,19.784722222222225,KRK,320.33413017802116,3.1606001806825788,True
london,51.4775,-0.4613888888888889,LHR,manchester,53.353611111111114,-2.274722222222222,MAN,242.14763364619066,3.160587584278073,True
köln,50.865833333333335,7.1425,CGN,leipzig,51.42388888888889,12.23611111111111,LEJ,360.6228342355183,3.1581218596370415,True
stuttgart,48.689722222222215,9.221944444444444,STR,dresden,51.1325,13.766944444444444,DRS,423.77225475932966,3.151035632397736,True
stuttgart,48.689722222222215,9.221944444444444,STR,hannover,52.46083333333333,9.685,HAJ,420.59892160689134,3.1475097066728046,True
prague,50.100833333333334,14.26,PRG,frankfurt am main,50.02638888888889,8.543055555555556,FRA,408.06037248286475,3.145993485496547,True
paris,48.72527777777778,2.3594444444444447,ORY,london,51.4775,-0.4613888888888889,LHR,366.1813961427902,3.144684497294126,True
birmingham,52.453611111111115,-1.7477777777777779,BHX,glasgow,55.871944444444445,-4.433055555555556,GLA,418.298859807271,3.1440154683241714,True
athina,37.9364,23.9445,ATH,izmir,38.29222222222222,27.15694444444444,ADB,283.8002634499349,3.143853289603401,True
leipzig,51.42388888888889,12.23611111111111,LEJ,essen,51.28944444444444,6.766666666666667,DUS,379.99270554651673,3.1432047095142726,True
leipzig,51.42388888888889,12.23611111111111,LEJ,duisburg,51.28944444444444,6.766666666666667,DUS,379.99270554651673,3.1432047095142726,True
göteborg,57.66277777777778,12.279722222222222,GOT,oslo,60.193888888888885,11.100277777777777,OSL,289.4594062198949,3.142368245781814,True
lisboa,38.78111111111111,-9.135833333333332,LIS,málaga,36.67361111111111,-4.498888888888889,AGP,470.2527905580678,3.141983307445023,True
brussels,50.90222222222222,4.498611111111111,BRU,hannover,52.46083333333333,9.685,HAJ,397.23400830363005,3.1411330396566495,True
københavn,55.617777777777775,12.655833333333334,CPH,poznan,52.42111111111111,16.82638888888889,POZ,447.69216440316336,3.140742370529282,True
milano,45.445277777777775,9.276944444444446,LIN,rome,41.812777777777775,12.253055555555555,FCO,469.5170721816629,3.1406754451218513,True
berlin,52.559444444444445,13.2875,TXL,frankfurt am main,50.02638888888889,8.543055555555556,FRA,433.625897363266,3.1349540031706336,True
budapest,47.43666666666666,19.255555555555556,BUD,zagreb,45.74277777777778,16.06861111111111,ZAG,307.825919272405,3.134758733390083,True
munich,48.353611111111114,11.785833333333333,MUC,nürnberg,49.49861111111111,11.078055555555554,NUE,137.41655206386886,3.130073618827834,True
birmingham,52.453611111111115,-1.7477777777777779,BHX,edinburgh,55.95,-3.3725,EDI,402.8567385156717,3.1268575557779497,True
paris,48.72527777777778,2.3594444444444447,ORY,london,51.505,0.05416666666666667,LCY,350.03699414772797,3.126746272855168,True
izmir,38.29222222222222,27.15694444444444,ADB,antalya,36.90138888888889,30.791666666666668,AYT,355.5793697416097,3.120042904891145,True
vienna,48.11027777777778,16.56972222222222,VIE,prague,50.100833333333334,14.26,PRG,277.93018728398215,3.113484688578091,True
adana,37.00194444444445,35.42583333333333,ADA,antalya,36.90138888888889,30.791666666666668,AYT,411.90606555441843,3.109318455705246,True
frankfurt am main,50.02638888888889,8.543055555555556,FRA,bremen,53.0475,8.786666666666667,BRE,336.35394880754154,3.109225996122299,True
hamburg,53.63027777777778,9.988055555555555,HAM,frankfurt am main,50.02638888888889,8.543055555555556,FRA,412.8307930665401,3.106223811111954,True
lyon,45.726111111111116,5.090833333333333,LYS,marseille,43.43555555555555,5.213611111111112,MRS,254.8836156998268,3.1016757844823823,True
vienna,48.11027777777778,16.56972222222222,VIE,zagreb,45.74277777777778,16.06861111111111,ZAG,265.98842283603346,3.1002160614137035,True
istanbul,40.97666666666667,28.82111111111111,IST,ankara,40.128055555555555,32.995,ESB,365.00519048741046,3.09811666227629,True
bucarest,44.57361111111111,26.103333333333335,OTP,sofia,42.69499999999999,23.40611111111111,SOF,301.22162443845275,3.096696558714573,True
stuttgart,48.689722222222215,9.221944444444444,STR,leipzig,51.42388888888889,12.23611111111111,LEJ,372.4005142116994,3.093955920678147,True
amsterdam,52.308611111111105,4.763888888888889,AMS,frankfurt am main,50.02638888888889,8.543055555555556,FRA,365.7392051963655,3.093425873436125,True
barcelona,41.29694444444444,2.0783333333333336,BCN,marseille,43.43555555555555,5.213611111111112,MRS,350.5212365621908,3.093346167425444,True
københavn,55.617777777777775,12.655833333333334,CPH,hannover,52.46083333333333,9.685,HAJ,400.983636901483,3.088844006638526,True
stockholm,59.35416666666667,17.941388888888888,BMA,helsinki,60.32,24.95611111111111,HEL,406.14742380116513,3.080064107722983,True
london,51.505,0.05416666666666667,LCY,amsterdam,52.308611111111105,4.763888888888889,AMS,335.1508471571405,3.0800157887691095,True
madrid,40.47222222222222,-3.560833333333333,MAD,bilbao,43.30083333333333,-2.9105555555555553,BIO,319.0973002712884,3.079541487465568,True
göteborg,57.66277777777778,12.279722222222222,GOT,københavn,55.617777777777775,12.655833333333334,CPH,228.55261495955878,3.074694033270329,True
frankfurt am main,50.02638888888889,8.543055555555556,FRA,leipzig,51.42388888888889,12.23611111111111,LEJ,302.80890527690383,3.071953725532702,True
warszawa,52.16555555555556,20.966944444444444,WAW,vilnius,54.6341,25.2858,VNO,396.5125833943826,3.0700150275812583,True
manchester,53.353611111111114,-2.274722222222222,MAN,edinburgh,55.95,-3.3725,EDI,297.2070959870355,3.069788337186961,True
hamburg,53.63027777777778,9.988055555555555,HAM,amsterdam,52.308611111111105,4.763888888888889,AMS,379.3408887991336,3.069012806370391,True
berlin,52.559444444444445,13.2875,TXL,nürnberg,49.49861111111111,11.078055555555554,NUE,373.73604283858646,3.068409720365434,True
istanbul,40.97666666666667,28.82111111111111,IST,izmir,38.29222222222222,27.15694444444444,ADB,330.7528067192482,3.060058458089443,True
amsterdam,52.308611111111105,4.763888888888889,AMS,hannover,52.46083333333333,9.685,HAJ,334.35229707895377,3.0585515310834452,True
stuttgart,48.689722222222215,9.221944444444444,STR,duisburg,51.28944444444444,6.766666666666667,DUS,338.148660888336,3.05589830587441,True
stuttgart,48.689722222222215,9.221944444444444,STR,essen,51.28944444444444,6.766666666666667,DUS,338.148660888336,3.05589830587441,True
stuttgart,48.689722222222215,9.221944444444444,STR,düsseldorf,51.28944444444444,6.766666666666667,DUS,338.148660888336,3.05589830587441,True
frankfurt am main,50.02638888888889,8.543055555555556,FRA,zürich,47.46472222222223,8.549166666666666,ZRH,284.8446892324951,3.051993485483359,True
hamburg,53.63027777777778,9.988055555555555,HAM,köln,50.865833333333335,7.1425,CGN,363.2757200400714,3.0511626188603223,True
leipzig,51.42388888888889,12.23611111111111,LEJ,bremen,53.0475,8.786666666666667,BRE,296.20656728002433,3.050109000329281,True
london,51.505,0.05416666666666667,LCY,antwerpen,51.19,4.462777777777778,ANR,308.1351404236919,3.049998336843055,True
stockholm,59.35416666666667,17.941388888888888,BMA,göteborg,57.66277777777778,12.279722222222222,GOT,378.66255395584443,3.0495253634504045,True
frankfurt am main,50.02638888888889,8.543055555555556,FRA,hannover,52.46083333333333,9.685,HAJ,282.1178220805546,3.0489636330923138,True
düsseldorf,51.28944444444444,6.766666666666667,DUS,leipzig,51.42388888888889,12.23611111111111,LEJ,379.99270554651673,3.0482064191004015,True
london,51.505,0.05416666666666667,LCY,hague,51.95722222222223,4.441666666666667,RTM,306.2683958165009,3.0479241761683986,True
london,51.505,0.05416666666666667,LCY,rotterdam,51.95722222222223,4.441666666666667,RTM,306.2683958165009,3.0479241761683986,True
vienna,48.11027777777778,16.56972222222222,VIE,budapest,47.43666666666666,19.255555555555556,BUD,214.21863828172513,3.0426940785755834,True
madrid,40.47222222222222,-3.560833333333333,MAD,valencia,39.48916666666667,-0.4813888888888889,VLC,284.22011766998355,3.0407890623530074,True
dublin,53.42111111111111,-6.27,DUB,edinburgh,55.95,-3.3725,EDI,337.218153102646,3.039527911221763,True
torino,45.20055555555556,7.649444444444444,TRN,zürich,47.46472222222223,8.549166666666666,ZRH,261.0633259857655,3.0360168600426634,True
brussels,50.90222222222222,4.498611111111111,BRU,frankfurt am main,50.02638888888889,8.543055555555556,FRA,302.33852273504885,3.0356936112471145,True
berlin,52.559444444444445,13.2875,TXL,københavn,55.617777777777775,12.655833333333334,CPH,342.55344228288186,3.0337623864146512,True
düsseldorf,51.28944444444444,6.766666666666667,DUS,nürnberg,49.49861111111111,11.078055555555554,NUE,364.6798572245946,3.031192143187155,True
glasgow,55.871944444444445,-4.433055555555556,GLA,manchester,53.353611111111114,-2.274722222222222,MAN,312.5815110053463,3.0301623452344355,True
hamburg,53.63027777777778,9.988055555555555,HAM,essen,51.28944444444444,6.766666666666667,DUS,339.615831917444,3.024873854279625,True
hamburg,53.63027777777778,9.988055555555555,HAM,düsseldorf,51.28944444444444,6.766666666666667,DUS,339.615831917444,3.024873854279625,True
hamburg,53.63027777777778,9.988055555555555,HAM,duisburg,51.28944444444444,6.766666666666667,DUS,339.615831917444,3.024873854279625,True
dublin,53.42111111111111,-6.27,DUB,birmingham,52.453611111111115,-1.7477777777777779,BHX,321.520297996084,3.0220858499922496,True
köln,50.865833333333335,7.1425,CGN,amsterdam,52.308611111111105,4.763888888888889,AMS,229.63548691837047,3.0125803626179883,True
adana,36.981944444444444,35.280277777777776,ADA,antalya,36.90138888888889,30.791666666666668,AYT,398.97681437640955,3.010426463783081,True
zürich,47.46472222222223,8.549166666666666,ZRH,nürnberg,49.49861111111111,11.078055555555554,NUE,293.0360828336832,3.0073138135112134,True
dublin,53.42111111111111,-6.27,DUB,bradford,53.865833333333335,-1.6605555555555556,LBA,307.7823006410681,3.0068214084866765,True
dublin,53.42111111111111,-6.27,DUB,leeds,53.865833333333335,-1.6605555555555556,LBA,307.7823006410681,3.0068214084866765,True
amsterdam,52.308611111111105,4.763888888888889,AMS,bremen,53.0475,8.786666666666667,BRE,283.32975919422364,3.001859822322634,True
glasgow,55.871944444444445,-4.433055555555556,GLA,bradford,53.865833333333335,-1.6605555555555556,LBA,284.9655418932528,2.999477935109887,True
barcelona,41.29694444444444,2.0783333333333336,BCN,toulouse,43.62888888888889,1.363611111111111,TLS,265.8426879847412,2.999258891228278,True
dublin,53.42111111111111,-6.27,DUB,glasgow,55.871944444444445,-4.433055555555556,GLA,297.0186522844306,2.994861799201524,True
leeds,53.865833333333335,-1.6605555555555556,LBA,glasgow,55.871944444444445,-4.433055555555556,GLA,284.9655418932528,2.9947152246445157,True
nürnberg,49.49861111111111,11.078055555555554,NUE,duisburg,51.28944444444444,6.766666666666667,DUS,364.6798572245946,2.9874886733260793,True
bremen,53.0475,8.786666666666667,BRE,københavn,55.617777777777775,12.655833333333334,CPH,380.16451942756373,2.97964142826085,True
lisboa,38.78111111111111,-9.135833333333332,LIS,sevilla,37.41777777777777,-5.893055555555555,SVQ,321.6822697762162,2.9769049510207433,True
warszawa,52.16555555555556,20.966944444444444,WAW,wroclaw,51.1025,16.885833333333334,WRO,305.4080308544859,2.968787746981373,True
berlin,52.559444444444445,13.2875,TXL,prague,50.100833333333334,14.26,PRG,281.603837929897,2.9660406038002236,True
dublin,53.42111111111111,-6.27,DUB,manchester,53.353611111111114,-2.274722222222222,MAN,265.0259371674888,2.9593143379604774,True
hamburg,53.63027777777778,9.988055555555555,HAM,københavn,55.617777777777775,12.655833333333334,CPH,279.8409783103922,2.95845735027179,True
dublin,53.42111111111111,-6.27,DUB,glasgow,55.507777777777775,-4.586666666666666,PIK,256.24594974777546,2.949558796383018,True
frankfurt am main,50.02638888888889,8.543055555555556,FRA,nürnberg,49.49861111111111,11.078055555555554,NUE,191.29436086446978,2.948048676185553,True
frankfurt am main,50.02638888888889,8.543055555555556,FRA,düsseldorf,51.28944444444444,6.766666666666667,DUS,188.15152398035448,2.9445566352032024,True
frankfurt am main,50.02638888888889,8.543055555555556,FRA,essen,51.28944444444444,6.766666666666667,DUS,188.15152398035448,2.9445566352032024,True
frankfurt am main,50.02638888888889,8.543055555555556,FRA,duisburg,51.28944444444444,6.766666666666667,DUS,188.15152398035448,2.9445566352032024,True
warszawa,52.16555555555556,20.966944444444444,WAW,poznan,52.42111111111111,16.82638888888889,POZ,282.98539391552436,2.9438737059380826,True
riga,56.9236,23.9711,RIX,vilnius,54.6341,25.2858,VNO,267.51384402728706,2.939708458908805,True
lisboa,38.78111111111111,-9.135833333333332,LIS,porto,41.24805555555556,-8.681388888888888,OPO,277.02705406090934,2.9272880446704024,True
naples,40.88583333333333,14.290555555555555,NAP,palermo,38.11083333333333,13.313333333333334,PMO,319.7487086842245,2.9251611005836518,True
naples,40.88583333333333,14.290555555555555,NAP,palermo,38.17583333333333,13.090833333333334,PMO,318.41044746773315,2.9236741436764393,True
frankfurt am main,50.02638888888889,8.543055555555556,FRA,stuttgart,48.689722222222215,9.221944444444444,STR,156.55026211050156,2.9094441220144773,True
warszawa,52.16555555555556,20.966944444444444,WAW,kraków,50.0775,19.784722222222225,KRK,246.3978820459777,2.9032209149719197,True
amsterdam,52.308611111111105,4.763888888888889,AMS,essen,51.28944444444444,6.766666666666667,DUS,178.34230948701617,2.885207100425737,True
amsterdam,52.308611111111105,4.763888888888889,AMS,duisburg,51.28944444444444,6.766666666666667,DUS,178.34230948701617,2.885207100425737,True
amsterdam,52.308611111111105,4.763888888888889,AMS,düsseldorf,51.28944444444444,6.766666666666667,DUS,178.34230948701617,2.885207100425737,True
brussels,50.90222222222222,4.498611111111111,BRU,amsterdam,52.308611111111105,4.763888888888889,AMS,157.45243575132707,2.8747090701540903,True
zürich,47.46472222222223,8.549166666666666,ZRH,stuttgart,48.689722222222215,9.221944444444444,STR,145.09294945542152,2.842932554202034,True
naples,40.88583333333333,14.290555555555555,NAP,rome,41.812777777777775,12.253055555555555,FCO,198.86335956071616,2.790844046001976,True
