city1,city2,distance_km,estimated_time_in_trains,average_speed,distance_to_first_station_city1,distance_to_first_station_city2,scraped_travel_time,scraped_travel_time_minutes,additional_time_minutes,total_travel_time_minutes
paris,istanbul,2850.72,24.64,115.7,0.58,1.06,0,0,2.46,0.0
paris,london,453.97,3.74,121.25,0.58,0.12,"2 Std., 18 Min.",138,1.05,171.05
paris,madrid,1412.47,8.27,170.7,0.58,1.24,"10 Std., 46 Min.",646,2.73,680.73
paris,barcelona,1074.87,5.3,202.8,0.58,1.09,"7 Std., 7 Min.",427,2.5,461.5
paris,berlin,1037.61,6.94,149.53,0.58,1.44,"7 Std., 51 Min.",471,3.03,506.03
paris,milano,785.67,5.28,148.78,0.58,1.2,"7 Std., 28 Min.",448,2.67,482.67
paris,ankara,3395.41,27.95,121.46,0.58,1.26,0,0,2.76,0.0
paris,naples,1556.1,8.92,174.49,0.58,0.41,"12 Std., 33 Min.",753,1.48,786.48
paris,rome,1346.18,7.68,175.29,0.58,0.24,"11 Std., 3 Min.",663,1.23,696.23
paris,athina,2667.49,22.53,118.38,0.58,1.72,43 Std. 55 Min.,2635,3.45,2670.45
paris,izmir,3640.32,31.37,116.06,0.58,0.85,0,0,2.14,0.0
paris,bucarest,2356.28,17.7,133.09,0.58,3.02,30 Std.,1800,5.4,1837.4
paris,lisboa,1866.58,12.0,155.56,0.58,1.75,27 Std. 25 Min.,1645,3.5,1680.5
paris,hamburg,882.36,6.26,140.93,0.58,0.79,"7 Std., 40 Min.",460,2.06,494.06
paris,warszawa,1609.98,10.97,146.72,0.58,0.81,"15 Std., 5 Min.",905,2.08,939.08
paris,vienna,1260.07,7.26,173.67,0.58,1.09,"10 Std., 14 Min.",614,2.5,648.5
paris,budapest,1614.46,10.81,149.34,0.58,1.1,"12 Std., 44 Min.",764,2.52,798.52
paris,stockholm,2016.11,12.97,155.46,0.58,0.45,"19 Std., 44 Min.",1184,1.55,1217.55
paris,munich,840.78,4.38,192.03,0.58,0.52,"5 Std., 18 Min.",318,1.65,351.65
paris,valencia,1419.19,7.27,195.33,0.58,0.86,"11 Std., 8 Min.",668,2.16,702.16
paris,dublin,876.22,7.82,112.03,0.58,4.67,11 Std. 13 Min.,673,7.88,712.88
paris,lyon,433.02,1.77,244.24,0.58,0.5,"1 Std., 53 Min.",113,1.62,146.62
paris,prague,1122.84,7.92,141.71,0.58,0.91,"11 Std., 8 Min.",668,2.24,702.24
paris,brussels,314.04,2.15,146.12,0.58,1.08,"1 Std., 22 Min.",82,2.49,116.49
paris,rotterdam,451.92,3.23,139.77,0.58,0.45,"2 Std., 37 Min.",157,1.55,190.55
paris,sofia,2214.49,18.95,116.87,0.58,1.4,0,0,2.97,0.0
paris,adana,3875.91,31.77,121.99,0.58,1.88,0,0,3.69,0.0
paris,birmingham,636.85,5.34,119.29,0.58,0.19,"4 Std., 14 Min.",254,1.16,287.16
paris,köln,484.54,3.46,140.09,0.58,1.04,"3 Std., 20 Min.",200,2.43,234.43
paris,amsterdam,521.79,3.62,144.22,0.58,0.81,"3 Std., 24 Min.",204,2.08,238.08
paris,porto,1728.76,10.3,167.83,0.58,0.45,"26 Std., 34 Min.",1594,1.55,1627.55
paris,marseille,749.75,3.45,217.17,0.58,0.64,"3 Std., 4 Min.",184,1.83,217.83
paris,lille,227.87,0.93,243.88,0.58,0.94,"1 Std., 3 Min.",63,2.28,97.28
paris,sevilla,1832.84,8.93,205.22,0.58,0.73,"20 Std., 28 Min.",1228,1.97,1261.97
paris,torino,724.21,4.23,171.16,0.58,1.27,"6 Std., 57 Min.",417,2.78,451.78
paris,konya,3504.93,28.18,124.35,0.58,0.73,19 Std. 6 Min.,1146,1.97,1179.97
paris,kraków,1564.04,10.83,144.43,0.58,0.8,"16 Std., 32 Min.",992,2.07,1026.07
paris,hague,381.22,2.51,152.15,0.58,0.73,"3 Std., 6 Min.",186,1.97,219.97
paris,bilbao,1072.3,6.0,178.85,0.58,0.31,"8 Std., 10 Min.",490,1.33,523.33
paris,leeds,747.12,6.23,119.92,0.58,0.18,5 Std.,300,1.14,333.14
paris,frankfurt am main,587.91,3.28,179.36,0.58,1.47,"3 Std., 38 Min.",218,3.08,253.08
paris,zagreb,1407.6,9.54,147.61,0.58,1.2,"17 Std., 39 Min.",1059,2.67,1093.67
paris,bordeaux,552.77,2.07,266.84,0.58,2.37,"2 Std., 3 Min.",123,4.42,159.42
paris,toulouse,717.99,5.28,135.93,0.58,1.06,"4 Std., 33 Min.",273,2.46,307.46
paris,göteborg,1715.29,11.38,150.69,0.58,0.46,"18 Std., 26 Min.",1106,1.56,1139.56
paris,zürich,614.38,3.29,186.77,0.58,0.1,"4 Std., 4 Min.",244,1.02,277.02
paris,oslo,2051.42,13.47,152.3,0.58,0.12,"23 Std., 51 Min.",1431,1.05,1464.05
paris,zaragoza,1121.51,6.31,177.76,0.58,1.58,"9 Std., 16 Min.",556,3.24,591.24
paris,helsinki,2484.19,20.55,120.86,0.58,0.72,41 Std. 46 Min.,2506,1.95,2539.95
paris,wroclaw,1307.69,8.67,150.77,0.58,0.1,"13 Std., 30 Min.",810,1.02,843.02
paris,lodz,1528.54,11.06,138.18,0.58,0.2,"15 Std., 45 Min.",945,1.17,978.17
paris,stuttgart,609.4,2.97,205.36,0.58,0.3,"3 Std., 9 Min.",189,1.32,222.32
paris,palermo,1819.21,10.19,178.48,0.58,0.84,"24 Std., 9 Min.",1449,2.13,1483.13
paris,düsseldorf,502.95,3.78,133.13,0.58,1.13,"3 Std., 45 Min.",225,2.56,259.56
paris,glasgow,1095.18,10.83,101.16,0.58,0.45,"7 Std., 18 Min.",438,1.55,471.55
paris,leipzig,956.53,5.85,163.61,0.58,0.9,"7 Std., 3 Min.",423,2.22,457.22
paris,riga,2038.37,16.5,123.57,0.58,0.37,0,0,1.42,0.0
paris,dortmund,573.21,4.38,130.84,0.58,0.4,"4 Std., 43 Min.",283,1.47,316.47
paris,málaga,1766.11,8.78,201.07,0.58,0.7,"16 Std., 24 Min.",984,1.92,1017.92
paris,vilnius,1965.19,15.58,126.16,0.58,2.03,0,0,3.92,0.0
paris,essen,539.09,4.06,132.62,0.58,0.62,"4 Std., 13 Min.",253,1.8,286.8
paris,sheffield,708.63,6.1,116.2,0.58,0.41,"4 Std., 48 Min.",288,1.48,321.48
paris,kayseri,3753.25,30.75,122.06,0.58,0.36,0,0,1.41,0.0
paris,bremen,782.22,5.63,138.85,0.58,0.91,"7 Std., 20 Min.",440,2.24,474.24
paris,dresden,1072.72,6.68,160.67,0.58,1.12,"8 Std., 18 Min.",498,2.55,532.55
paris,genova,882.38,5.31,166.06,0.58,0.43,"3 Std., 11 Min.",191,1.52,224.52
paris,københavn,1386.3,9.54,145.38,0.58,0.18,"13 Std., 43 Min.",823,1.14,856.14
paris,manchester,747.82,5.93,126.07,0.58,0.6,"4 Std., 53 Min.",293,1.77,326.77
paris,poznan,1299.68,8.75,148.52,0.58,1.07,"13 Std., 12 Min.",792,2.48,826.48
paris,hannover,779.15,5.41,144.11,0.58,0.96,"6 Std., 22 Min.",382,2.31,416.31
paris,antwerpen,358.48,2.5,143.56,0.58,1.48,"2 Std., 2 Min.",122,3.09,157.09
paris,bradford,766.85,6.45,118.86,0.58,0.35,"5 Std., 17 Min.",317,1.4,350.4
paris,nürnberg,772.0,4.55,169.59,0.58,1.0,"6 Std., 5 Min.",365,2.37,399.37
paris,edinburgh,1079.72,9.34,115.59,0.58,0.14,"6 Std., 59 Min.",419,1.08,452.08
paris,duisburg,520.63,3.93,132.5,0.58,0.87,"3 Std., 59 Min.",239,2.17,273.17
istanbul,london,3140.01,27.32,114.94,1.06,0.12,"67 Std., 50 Min.",4070,1.77,4103.77
istanbul,madrid,3774.77,29.98,125.92,1.06,1.24,0,0,3.45,0.0
istanbul,barcelona,3119.92,26.81,116.39,1.06,1.09,0,0,3.23,0.0
istanbul,berlin,2305.83,22.5,102.46,1.06,1.44,0,0,3.75,0.0
istanbul,milano,2109.23,20.88,101.03,1.06,1.2,"63 Std., 9 Min.",3789,3.39,3824.39
istanbul,ankara,553.15,3.4,162.82,1.06,1.26,"4 Std., 11 Min.",251,3.48,286.48
istanbul,naples,2558.4,22.69,112.77,1.06,0.41,0,0,2.2,0.0
istanbul,rome,2348.48,21.45,109.49,1.06,0.24,"63 Std., 35 Min.",3815,1.95,3848.95
istanbul,athina,1037.12,8.52,121.76,1.06,1.72,0,0,4.17,0.0
istanbul,izmir,798.06,6.81,117.19,1.06,0.85,"13 Std., 50 Min.",830,2.86,864.86
istanbul,bucarest,808.36,8.81,91.74,1.06,3.02,"23 Std., 10 Min.",1390,6.12,1428.12
istanbul,lisboa,4455.78,37.45,118.97,1.06,1.75,0,0,4.22,0.0
istanbul,hamburg,2593.59,23.95,108.28,1.06,0.79,"61 Std., 35 Min.",3695,2.78,3729.78
istanbul,warszawa,2078.59,20.52,101.31,1.06,0.81,"59 Std., 13 Min.",3553,2.8,3587.8
istanbul,vienna,1670.25,15.77,105.92,1.06,1.09,"47 Std., 13 Min.",2833,3.23,2868.23
istanbul,budapest,1506.71,13.88,108.56,1.06,1.1,"39 Std., 43 Min.",2383,3.24,2418.24
istanbul,stockholm,3710.87,30.96,119.85,1.06,0.45,"75 Std., 13 Min.",4513,2.26,4547.26
istanbul,munich,2009.59,20.23,99.33,1.06,0.52,0,0,2.37,0.0
istanbul,valencia,3464.23,28.77,120.4,1.06,0.86,0,0,2.88,0.0
istanbul,dublin,3562.26,31.4,113.47,1.06,4.67,0,0,8.6,0.0
istanbul,lyon,2547.27,23.88,106.69,1.06,0.5,0,0,2.34,0.0
istanbul,prague,2008.95,19.11,105.1,1.06,0.91,"52 Std., 4 Min.",3124,2.96,3158.96
istanbul,brussels,2768.0,24.4,113.45,1.06,1.08,0,0,3.21,0.0
istanbul,rotterdam,2788.95,24.78,112.56,1.06,0.45,"64 Std., 33 Min.",3873,2.26,3907.26
istanbul,sofia,640.26,5.68,112.67,1.06,1.4,0,0,3.69,0.0
istanbul,adana,1033.65,7.22,143.25,1.06,1.88,"23 Std., 23 Min.",1403,4.41,1439.41
istanbul,birmingham,3322.89,28.91,114.93,1.06,0.19,0,0,1.88,0.0
istanbul,köln,2551.39,23.12,110.33,1.06,1.04,0,0,3.15,0.0
istanbul,amsterdam,2801.5,25.01,112.0,1.06,0.81,"64 Std., 22 Min.",3862,2.8,3896.8
istanbul,porto,4317.96,35.75,120.77,1.06,0.45,0,0,2.26,0.0
istanbul,marseille,2625.92,24.81,105.86,1.06,0.64,0,0,2.55,0.0
istanbul,lille,2874.49,25.35,113.41,1.06,0.94,0,0,3.0,0.0
istanbul,sevilla,4191.72,30.58,137.07,1.06,0.73,0,0,2.68,0.0
istanbul,torino,2245.22,21.37,105.08,1.06,1.27,"64 Std., 50 Min.",3890,3.5,3925.5
istanbul,konya,662.66,3.63,182.64,1.06,0.73,"4 Std., 47 Min.",287,2.68,321.68
istanbul,kraków,1883.32,19.35,97.32,1.06,0.8,"58 Std., 26 Min.",3506,2.79,3540.79
istanbul,hague,3212.26,26.88,119.52,1.06,0.73,"64 Std., 44 Min.",3884,2.68,3918.68
istanbul,bilbao,3661.51,31.45,116.43,1.06,0.31,0,0,2.06,0.0
istanbul,leeds,3433.16,29.8,115.19,1.06,0.18,"70 Std., 54 Min.",4254,1.86,4287.86
istanbul,frankfurt am main,2371.95,22.32,106.25,1.06,1.47,"54 Std., 30 Min.",3270,3.8,3305.8
istanbul,zagreb,1442.77,15.07,95.74,1.06,1.2,0,0,3.39,0.0
istanbul,bordeaux,3166.58,29.04,109.04,1.06,2.37,0,0,5.14,0.0
istanbul,toulouse,3023.36,26.51,114.04,1.06,1.06,0,0,3.18,0.0
istanbul,göteborg,3410.05,29.38,116.07,1.06,0.46,"73 Std., 20 Min.",4400,2.28,4434.28
istanbul,zürich,2248.71,22.2,101.3,1.06,0.1,0,0,1.74,0.0
istanbul,oslo,3746.18,31.46,119.06,1.06,0.12,"78 Std., 47 Min.",4727,1.77,4760.77
istanbul,zaragoza,3437.61,27.83,123.54,1.06,1.58,0,0,3.96,0.0
istanbul,helsinki,3175.72,30.69,103.48,1.06,0.72,0,0,2.67,0.0
istanbul,wroclaw,1978.0,19.28,102.59,1.06,0.1,0,0,1.74,0.0
istanbul,lodz,2077.63,21.01,98.89,1.06,0.2,0,0,1.89,0.0
istanbul,stuttgart,2247.83,21.68,103.66,1.06,0.3,0,0,2.04,0.0
istanbul,palermo,2821.51,23.96,117.75,1.06,0.84,0,0,2.85,0.0
istanbul,düsseldorf,2584.6,23.31,110.87,1.06,1.13,0,0,3.28,0.0
istanbul,glasgow,3781.22,34.4,109.92,1.06,0.45,"73 Std., 7 Min.",4387,2.26,4421.26
istanbul,leipzig,2267.22,21.53,105.28,1.06,0.9,0,0,2.94,0.0
istanbul,riga,2729.9,26.63,102.52,1.06,0.37,0,0,2.15,0.0
istanbul,dortmund,2607.16,24.52,106.34,1.06,0.4,0,0,2.19,0.0
istanbul,málaga,4124.99,30.43,135.54,1.06,0.7,0,0,2.64,0.0
istanbul,vilnius,2471.02,23.67,104.38,1.06,2.03,0,0,4.64,0.0
istanbul,essen,2618.9,23.68,110.57,1.06,0.62,0,0,2.52,0.0
istanbul,sheffield,3394.67,29.67,114.41,1.06,0.41,"70 Std., 48 Min.",4248,2.2,4282.2
istanbul,kayseri,910.99,6.19,147.09,1.06,0.36,"12 Std., 3 Min.",723,2.13,757.13
istanbul,bremen,2630.04,24.49,107.41,1.06,0.91,0,0,2.96,0.0
istanbul,dresden,2150.06,20.68,103.98,1.06,1.12,0,0,3.27,0.0
istanbul,genova,2233.24,21.72,102.83,1.06,0.43,"65 Std., 9 Min.",3909,2.24,3943.24
istanbul,københavn,3081.06,27.53,111.91,1.06,0.18,"68 Std., 38 Min.",4118,1.86,4151.86
istanbul,manchester,3433.86,29.51,116.38,1.06,0.6,"71 Std., 5 Min.",4265,2.49,4299.49
istanbul,poznan,2140.03,20.82,102.78,1.06,1.07,0,0,3.2,0.0
istanbul,hannover,2511.9,23.78,105.63,1.06,0.96,0,0,3.03,0.0
istanbul,antwerpen,2774.95,24.87,111.57,1.06,1.48,0,0,3.81,0.0
istanbul,bradford,3452.89,30.03,115.0,1.06,0.35,"71 Std., 14 Min.",4274,2.12,4308.12
istanbul,nürnberg,2149.98,20.86,103.07,1.06,1.0,0,0,3.09,0.0
istanbul,edinburgh,3765.76,32.91,114.41,1.06,0.14,0,0,1.8,0.0
istanbul,duisburg,2607.35,23.46,111.12,1.06,0.87,0,0,2.9,0.0
london,madrid,1866.44,12.01,155.47,0.12,1.24,"14 Std., 11 Min.",851,2.04,885.04
london,barcelona,1528.83,9.03,169.29,0.12,1.09,"10 Std., 32 Min.",632,1.82,665.82
london,berlin,1115.04,8.24,135.39,0.12,1.44,"9 Std., 35 Min.",575,2.34,609.34
london,milano,1220.35,9.58,127.32,0.12,1.2,"10 Std., 46 Min.",646,1.98,679.98
london,ankara,3685.06,30.67,120.17,0.12,1.26,0,0,2.07,0.0
london,naples,1984.62,12.24,162.21,0.12,0.41,"16 Std., 2 Min.",962,0.8,994.8
london,rome,1774.7,11.0,161.38,0.12,0.24,"14 Std., 24 Min.",864,0.54,896.54
london,athina,2957.14,25.24,117.14,0.12,1.72,46 Std. 49 Min.,2809,2.76,2843.76
london,izmir,3929.97,34.08,115.32,0.12,0.85,0,0,1.45,0.0
london,bucarest,2598.54,20.41,127.32,0.12,3.02,"38 Std., 11 Min.",2291,4.71,2327.71
london,lisboa,2320.54,15.73,147.52,0.12,1.75,31 Std. 36 Min.,1896,2.8,1930.8
london,hamburg,952.36,6.92,137.71,0.12,0.79,"8 Std., 35 Min.",515,1.36,548.36
london,warszawa,1687.41,12.27,137.52,0.12,0.81,"15 Std., 44 Min.",944,1.4,977.4
london,vienna,1502.32,9.96,150.81,0.12,1.09,"12 Std., 43 Min.",763,1.82,796.82
london,budapest,1856.71,13.52,137.37,0.12,1.1,"15 Std., 58 Min.",958,1.83,991.83
london,stockholm,2086.11,13.62,153.12,0.12,0.45,"21 Std., 34 Min.",1294,0.86,1326.86
london,munich,1134.67,8.71,130.33,0.12,0.52,"8 Std., 25 Min.",505,0.96,537.96
london,valencia,1873.15,11.0,170.34,0.12,0.86,14 Std. 53 Min.,893,1.47,926.47
london,dublin,431.6,5.27,81.85,0.12,4.67,8 Std. 25 Min.,505,7.18,544.18
london,lyon,886.98,5.5,161.16,0.12,0.5,"4 Std., 51 Min.",291,0.93,323.93
london,prague,1340.88,9.83,136.43,0.12,0.91,"13 Std., 6 Min.",786,1.55,819.55
london,brussels,374.29,2.71,138.02,0.12,1.08,"1 Std., 56 Min.",116,1.8,149.8
london,rotterdam,493.55,3.9,126.6,0.12,0.45,"3 Std., 16 Min.",196,0.86,228.86
london,sofia,2504.13,21.66,115.61,0.12,1.4,0,0,2.28,0.0
london,adana,4165.56,34.48,120.8,0.12,1.88,0,0,3.0,0.0
london,birmingham,189.26,2.5,75.7,0.12,0.19,"1 Std., 16 Min.",76,0.46,108.46
london,köln,591.14,4.3,137.59,0.12,1.04,4 Std.,240,1.74,273.74
london,amsterdam,563.42,4.28,131.55,0.12,0.81,"3 Std., 59 Min.",239,1.4,272.4
london,porto,2182.72,14.03,155.56,0.12,0.45,"29 Std., 47 Min.",1787,0.86,1819.86
london,marseille,1203.71,7.18,167.58,0.12,0.64,"6 Std., 14 Min.",374,1.14,407.14
london,lille,267.69,2.03,131.71,0.12,0.94,"1 Std., 22 Min.",82,1.59,115.59
london,sevilla,2286.8,12.66,180.61,0.12,0.73,"24 Std., 31 Min.",1471,1.27,1504.27
london,torino,1178.17,7.96,147.98,0.12,1.27,"10 Std., 22 Min.",622,2.08,656.08
london,konya,3794.57,30.9,122.81,0.12,0.73,22 Std. 29 Min.,1349,1.27,1382.27
london,kraków,1663.85,14.73,112.95,0.12,0.8,"20 Std., 17 Min.",1217,1.38,1250.38
london,hague,723.13,5.4,133.98,0.12,0.73,"3 Std., 45 Min.",225,1.27,258.27
london,bilbao,1526.26,9.73,156.92,0.12,0.31,"11 Std., 20 Min.",680,0.64,712.64
london,leeds,305.26,3.38,90.32,0.12,0.18,"2 Std., 12 Min.",132,0.45,164.45
london,frankfurt am main,770.32,5.04,152.79,0.12,1.47,"5 Std., 33 Min.",333,2.38,367.38
london,zagreb,1700.07,12.72,133.64,0.12,1.2,21 Std. 2 Min.,1262,1.98,1295.98
london,bordeaux,1006.73,5.8,173.5,0.12,2.37,"5 Std., 13 Min.",313,3.74,348.74
london,toulouse,1171.95,9.01,130.03,0.12,1.06,"7 Std., 47 Min.",467,1.77,500.77
london,göteborg,1785.3,12.04,148.3,0.12,0.46,"20 Std., 16 Min.",1216,0.87,1248.87
london,zürich,983.31,7.19,136.83,0.12,0.1,"6 Std., 55 Min.",415,0.33,447.33
london,oslo,2121.42,14.12,150.19,0.12,0.12,"25 Std., 41 Min.",1541,0.36,1573.36
london,zaragoza,1575.47,10.04,156.92,0.12,1.58,"12 Std., 41 Min.",761,2.55,795.55
london,helsinki,2561.62,21.85,117.23,0.12,0.72,43 Std. 39 Min.,2619,1.26,2652.26
london,wroclaw,1407.51,12.57,111.93,0.12,0.1,"15 Std., 12 Min.",912,0.33,944.33
london,lodz,1616.56,12.89,125.39,0.12,0.2,19 Std. 1 Min.,1141,0.48,1173.48
london,stuttgart,903.29,7.3,123.82,0.12,0.3,"6 Std., 3 Min.",363,0.63,395.63
london,palermo,2247.73,13.51,166.38,0.12,0.84,"27 Std., 30 Min.",1650,1.44,1683.44
london,düsseldorf,596.49,4.88,122.22,0.12,1.13,"4 Std., 49 Min.",289,1.88,322.88
london,glasgow,653.31,7.98,81.91,0.12,0.45,"4 Std., 30 Min.",270,0.86,302.86
london,leipzig,1059.21,9.43,112.31,0.12,0.9,"9 Std., 8 Min.",548,1.53,581.53
london,riga,2115.81,17.79,118.92,0.12,0.37,0,0,0.74,0.0
london,dortmund,649.57,5.33,121.95,0.12,0.4,"5 Std., 58 Min.",358,0.78,390.78
london,málaga,2220.07,12.51,177.4,0.12,0.7,"24 Std., 28 Min.",1468,1.23,1501.23
london,vilnius,2042.62,16.87,121.06,0.12,2.03,0,0,3.22,0.0
london,essen,615.44,5.01,122.83,0.12,0.62,"5 Std., 15 Min.",315,1.11,348.11
london,sheffield,261.21,3.22,81.01,0.12,0.41,"1 Std., 58 Min.",118,0.8,150.8
london,kayseri,4042.9,33.46,120.82,0.12,0.36,0,0,0.72,0.0
london,bremen,848.28,6.94,122.19,0.12,0.91,"7 Std., 59 Min.",479,1.55,512.55
london,dresden,1175.39,10.26,114.53,0.12,1.12,"10 Std., 23 Min.",623,1.86,656.86
london,genova,1322.69,10.36,127.72,0.12,0.43,"12 Std., 52 Min.",772,0.82,804.82
london,københavn,1456.31,10.19,142.91,0.12,0.18,"14 Std., 22 Min.",862,0.45,894.45
london,manchester,303.2,3.38,89.61,0.12,0.6,"2 Std., 6 Min.",126,1.08,159.08
london,poznan,1377.11,10.05,137.06,0.12,1.07,"13 Std., 14 Min.",794,1.78,827.78
london,hannover,856.58,6.7,127.78,0.12,0.96,"7 Std., 45 Min.",465,1.62,498.62
london,antwerpen,400.11,3.16,126.53,0.12,1.48,"2 Std., 51 Min.",171,2.4,205.4
london,bradford,324.99,3.6,90.24,0.12,0.35,"2 Std., 34 Min.",154,0.7,186.7
london,nürnberg,990.03,6.46,153.34,0.12,1.0,"7 Std., 44 Min.",464,1.68,497.68
london,edinburgh,637.86,6.49,98.27,0.12,0.14,"4 Std., 16 Min.",256,0.39,288.39
london,duisburg,596.99,4.87,122.47,0.12,0.87,"5 Std., 3 Min.",303,1.48,336.48
madrid,barcelona,667.62,3.76,177.41,1.24,1.09,"2 Std., 30 Min.",150,3.5,185.5
madrid,berlin,2449.98,15.21,161.07,1.24,1.44,"27 Std., 30 Min.",1650,4.02,1686.02
madrid,milano,1676.81,9.29,180.5,1.24,1.2,17 Std. 5 Min.,1025,3.66,1060.66
madrid,ankara,4319.83,33.33,129.61,1.24,1.26,0,0,3.75,0.0
madrid,naples,2262.62,13.55,167.01,1.24,0.41,"28 Std., 38 Min.",1718,2.48,1752.48
madrid,rome,2053.67,12.31,166.78,1.24,0.24,"27 Std., 15 Min.",1635,2.22,1669.22
madrid,athina,3591.91,27.91,128.7,1.24,1.72,58 Std. 25 Min.,3505,4.44,3541.44
madrid,izmir,4564.74,36.74,124.24,1.24,0.85,0,0,3.14,0.0
madrid,bucarest,3494.18,27.32,127.88,1.24,3.02,"49 Std., 6 Min.",2946,6.39,2984.39
madrid,lisboa,787.96,5.48,143.74,1.24,1.75,9 Std. 37 Min.,577,4.49,613.49
madrid,hamburg,2294.73,14.53,157.9,1.24,0.79,"27 Std., 14 Min.",1634,3.05,1669.05
madrid,warszawa,3004.99,18.63,161.29,1.24,0.81,"36 Std., 53 Min.",2213,3.08,2248.08
madrid,vienna,2475.41,15.6,158.63,1.24,1.09,"29 Std., 32 Min.",1772,3.5,1807.5
madrid,budapest,2657.06,17.77,149.54,1.24,1.1,"32 Std., 19 Min.",1939,3.51,1974.51
madrid,stockholm,3428.48,21.24,161.41,1.24,0.45,"39 Std., 56 Min.",2396,2.53,2430.53
madrid,munich,2056.13,12.73,161.55,1.24,0.52,"25 Std., 14 Min.",1514,2.64,1548.64
madrid,valencia,485.03,3.33,145.82,1.24,0.86,"1 Std., 52 Min.",112,3.15,147.15
madrid,dublin,2288.59,16.09,142.21,1.24,4.67,24 Std. 35 Min.,1475,8.86,1515.86
madrid,lyon,1298.09,6.71,193.38,1.24,0.5,"7 Std., 36 Min.",456,2.61,490.61
madrid,prague,2432.64,15.79,154.03,1.24,0.91,"31 Std., 23 Min.",1883,3.22,1918.22
madrid,brussels,1726.41,10.42,165.66,1.24,1.08,"19 Std., 43 Min.",1183,3.48,1218.48
madrid,rotterdam,1864.3,11.51,162.04,1.24,0.45,"21 Std., 2 Min.",1262,2.53,1296.53
madrid,sofia,3138.9,24.32,129.04,1.24,1.4,0,0,3.96,0.0
madrid,adana,4800.33,37.15,129.22,1.24,1.88,0,0,4.68,0.0
madrid,birmingham,2049.22,13.61,150.56,1.24,0.19,"22 Std., 48 Min.",1368,2.14,1402.14
madrid,köln,1896.91,11.73,161.7,1.24,1.04,"22 Std., 44 Min.",1364,3.42,1399.42
madrid,amsterdam,1934.17,11.89,162.67,1.24,0.81,"21 Std., 50 Min.",1310,3.08,1345.08
madrid,porto,673.87,4.73,142.53,1.24,0.45,"7 Std., 38 Min.",458,2.53,492.53
madrid,marseille,1166.84,6.03,193.58,1.24,0.64,"7 Std., 32 Min.",452,2.82,486.82
madrid,lille,1640.25,9.21,178.16,1.24,0.94,"15 Std., 51 Min.",951,3.27,986.27
madrid,sevilla,568.76,3.34,170.36,1.24,0.73,"2 Std., 33 Min.",153,2.96,187.96
madrid,torino,1535.08,8.71,176.25,1.24,1.27,"24 Std., 33 Min.",1473,3.76,1508.76
madrid,konya,4429.34,33.56,131.98,1.24,0.73,31 Std. 5 Min.,1865,2.96,1899.96
madrid,kraków,2897.55,19.65,147.45,1.24,0.8,"39 Std., 1 Min.",2341,3.06,2376.06
madrid,hague,1573.05,9.87,159.37,1.24,0.73,"21 Std., 31 Min.",1291,2.96,1325.96
madrid,bilbao,570.66,4.19,136.16,1.24,0.31,"4 Std., 40 Min.",280,2.33,314.33
madrid,leeds,2159.5,14.5,148.91,1.24,0.18,17 Std. 26 Min.,1046,2.13,1080.13
madrid,frankfurt am main,1963.87,11.22,175.05,1.24,1.47,"22 Std., 59 Min.",1379,4.06,1415.06
madrid,zagreb,2332.02,14.91,156.38,1.24,1.2,"38 Std., 23 Min.",2303,3.66,2338.66
madrid,bordeaux,859.71,6.2,138.6,1.24,2.37,"10 Std., 20 Min.",620,5.42,657.42
madrid,toulouse,978.52,7.22,135.5,1.24,1.06,"6 Std., 41 Min.",401,3.45,436.45
madrid,göteborg,3127.66,19.66,159.13,1.24,0.46,34 Std. 25 Min.,2065,2.55,2099.55
madrid,zürich,1732.66,10.22,169.47,1.24,0.1,"19 Std., 56 Min.",1196,2.01,1230.01
madrid,oslo,3463.79,21.74,159.31,1.24,0.12,39 Std. 49 Min.,2389,2.04,2423.04
madrid,zaragoza,339.44,2.29,147.92,1.24,1.58,"1 Std., 15 Min.",75,4.23,111.23
madrid,helsinki,3896.56,28.83,135.17,1.24,0.72,62 Std. 20 Min.,3740,2.94,3774.94
madrid,wroclaw,2683.65,16.61,161.53,1.24,0.1,29 Std. 3 Min.,1743,2.01,1777.01
madrid,lodz,2904.5,19.0,152.85,1.24,0.2,32 Std. 38 Min.,1958,2.16,1992.16
madrid,stuttgart,1914.11,11.33,168.94,1.24,0.3,"23 Std., 8 Min.",1388,2.31,1422.31
madrid,palermo,2530.89,15.06,168.06,1.24,0.84,"43 Std., 22 Min.",2602,3.12,2637.12
madrid,düsseldorf,1915.32,12.05,158.95,1.24,1.13,"23 Std., 20 Min.",1400,3.56,1435.56
madrid,glasgow,2507.55,19.1,131.29,1.24,0.45,26 Std.,1560,2.53,1594.53
madrid,leipzig,2332.49,13.79,169.18,1.24,0.9,"26 Std., 24 Min.",1584,3.21,1619.21
madrid,riga,3450.75,24.77,139.33,1.24,0.37,0,0,2.42,0.0
madrid,dortmund,1985.59,12.65,156.92,1.24,0.4,"24 Std., 14 Min.",1454,2.46,1488.46
madrid,málaga,499.76,3.17,157.64,1.24,0.7,"2 Std., 42 Min.",162,2.91,196.91
madrid,vilnius,3377.56,23.85,141.63,1.24,2.03,0,0,4.9,0.0
madrid,essen,1951.46,12.34,158.18,1.24,0.62,"23 Std., 50 Min.",1430,2.79,1464.79
madrid,sheffield,2121.01,14.37,147.59,1.24,0.41,"23 Std., 42 Min.",1422,2.48,1456.48
madrid,kayseri,4677.67,36.13,129.48,1.24,0.36,0,0,2.4,0.0
madrid,bremen,2194.59,13.91,157.82,1.24,0.91,"26 Std., 15 Min.",1575,3.22,1610.22
madrid,dresden,2448.68,14.62,167.52,1.24,1.12,"27 Std., 39 Min.",1659,3.54,1694.54
madrid,genova,1566.89,9.17,170.87,1.24,0.43,"22 Std., 28 Min.",1348,2.5,1382.5
madrid,københavn,2798.68,17.81,157.16,1.24,0.18,"34 Std., 12 Min.",2052,2.13,2086.13
madrid,manchester,2160.2,14.2,152.09,1.24,0.6,"23 Std., 44 Min.",1424,2.76,1458.76
madrid,poznan,2694.69,16.41,164.23,1.24,1.07,29 Std. 24 Min.,1764,3.46,1799.46
madrid,hannover,2191.52,13.68,160.21,1.24,0.96,"26 Std., 1 Min.",1561,3.3,1596.3
madrid,antwerpen,1770.85,10.77,164.44,1.24,1.48,"20 Std., 27 Min.",1227,4.08,1263.08
madrid,bradford,2179.23,14.72,148.01,1.24,0.35,"24 Std., 15 Min.",1455,2.38,1489.38
madrid,nürnberg,2081.79,12.42,167.59,1.24,1.0,"25 Std., 56 Min.",1556,3.36,1591.36
madrid,edinburgh,2492.1,17.61,141.49,1.24,0.14,"26 Std., 8 Min.",1568,2.07,1602.07
madrid,duisburg,1933.0,12.2,158.43,1.24,0.87,"23 Std., 43 Min.",1423,3.16,1458.16
barcelona,berlin,1827.7,11.45,159.68,1.09,1.44,"21 Std., 17 Min.",1277,3.8,1312.8
barcelona,milano,1021.96,6.12,167.05,1.09,1.2,"13 Std., 31 Min.",811,3.44,846.44
barcelona,ankara,3664.98,30.16,121.52,1.09,1.26,0,0,3.52,0.0
barcelona,naples,1607.77,10.38,154.95,1.09,0.41,"23 Std., 58 Min.",1438,2.25,1472.25
barcelona,rome,1398.82,9.14,153.02,1.09,0.24,"21 Std., 24 Min.",1284,2.0,1318.0
barcelona,athina,2937.06,24.74,118.73,1.09,1.72,54 Std. 46 Min.,3286,4.22,3322.22
barcelona,izmir,3909.89,33.57,116.47,1.09,0.85,0,0,2.91,0.0
barcelona,bucarest,2839.33,24.15,117.57,1.09,3.02,"46 Std., 26 Min.",2786,6.17,2824.17
barcelona,lisboa,1447.42,9.16,157.95,1.09,1.75,"29 Std., 55 Min.",1795,4.26,1831.26
barcelona,hamburg,1803.9,12.39,145.55,1.09,0.79,"17 Std., 17 Min.",1037,2.82,1071.82
barcelona,warszawa,2350.14,15.46,152.03,1.09,0.81,"29 Std., 36 Min.",1776,2.85,1810.85
barcelona,vienna,1820.56,12.43,146.43,1.09,1.09,"21 Std., 46 Min.",1306,3.27,1341.27
barcelona,budapest,2002.21,14.6,137.18,1.09,1.1,"24 Std., 43 Min.",1483,3.29,1518.29
barcelona,stockholm,2937.66,19.1,153.79,1.09,0.45,"33 Std., 14 Min.",1994,2.31,2028.31
barcelona,munich,1401.28,9.56,146.64,1.09,0.52,"14 Std., 54 Min.",894,2.42,928.42
barcelona,valencia,348.83,2.06,169.4,1.09,0.86,"2 Std., 52 Min.",172,2.92,206.92
barcelona,dublin,1951.08,13.12,148.68,1.09,4.67,21 Std. 2 Min.,1262,8.64,1302.64
barcelona,lyon,643.24,3.54,181.67,1.09,0.5,"5 Std., 1 Min.",301,2.39,335.39
barcelona,prague,1777.79,12.62,140.85,1.09,0.91,"25 Std., 4 Min.",1504,3.0,1539.0
barcelona,brussels,1381.05,8.94,154.56,1.09,1.08,"9 Std., 24 Min.",564,3.26,599.26
barcelona,rotterdam,1513.07,9.95,152.14,1.09,0.45,10 Std. 34 Min.,634,2.31,668.31
barcelona,sofia,2484.05,21.15,117.44,1.09,1.4,0,0,3.74,0.0
barcelona,adana,4145.48,33.98,122.01,1.09,1.88,0,0,4.46,0.0
barcelona,birmingham,1711.71,10.64,160.88,1.09,0.19,"12 Std., 37 Min.",757,1.92,790.92
barcelona,köln,1391.48,9.26,150.25,1.09,1.04,"12 Std., 23 Min.",743,3.2,778.2
barcelona,amsterdam,1562.52,10.94,142.83,1.09,0.81,"11 Std., 31 Min.",691,2.85,725.85
barcelona,porto,1325.27,8.46,156.62,1.09,0.45,"11 Std., 18 Min.",678,2.31,712.31
barcelona,marseille,511.99,2.86,179.28,1.09,0.64,"4 Std., 58 Min.",298,2.6,332.6
barcelona,lille,1290.15,5.93,217.53,1.09,0.94,"8 Std., 39 Min.",519,3.05,554.05
barcelona,sevilla,1084.58,4.37,248.47,1.09,0.73,"5 Std., 12 Min.",312,2.73,346.73
barcelona,torino,880.23,5.54,158.94,1.09,1.27,"13 Std., 27 Min.",807,3.54,842.54
barcelona,konya,3774.49,30.39,124.2,1.09,0.73,27 Std. 32 Min.,1652,2.73,1686.73
barcelona,kraków,2242.7,16.48,136.09,1.09,0.8,"27 Std., 52 Min.",1672,2.84,1706.84
barcelona,hague,1337.19,9.14,146.35,1.09,0.73,"11 Std., 12 Min.",672,2.73,706.73
barcelona,bilbao,670.9,4.16,161.12,1.09,0.31,"6 Std., 36 Min.",396,2.1,430.1
barcelona,leeds,1821.98,11.53,158.0,1.09,0.18,"13 Std., 34 Min.",814,1.9,847.9
barcelona,frankfurt am main,1309.02,8.05,162.67,1.09,1.47,"12 Std., 40 Min.",760,3.84,795.84
barcelona,zagreb,1677.17,11.74,142.86,1.09,1.2,"27 Std., 14 Min.",1634,3.44,1669.44
barcelona,bordeaux,648.89,3.85,168.67,1.09,2.37,"7 Std., 28 Min.",448,5.19,485.19
barcelona,toulouse,391.37,2.2,178.18,1.09,1.06,"4 Std., 7 Min.",247,3.23,282.23
barcelona,göteborg,2636.84,17.52,150.54,1.09,0.46,"31 Std., 16 Min.",1876,2.33,1910.33
barcelona,zürich,1077.81,7.05,152.83,1.09,0.1,"11 Std., 37 Min.",697,1.78,730.78
barcelona,oslo,2972.97,19.6,151.67,1.09,0.12,36 Std. 16 Min.,2176,1.82,2209.82
barcelona,zaragoza,330.47,1.61,205.06,1.09,1.58,"1 Std., 22 Min.",82,4.0,118.0
barcelona,helsinki,3263.42,24.63,132.47,1.09,0.72,58 Std. 54 Min.,3534,2.72,3568.72
barcelona,wroclaw,2028.8,13.44,150.93,1.09,0.1,"26 Std., 39 Min.",1599,1.78,1632.78
barcelona,lodz,2249.65,15.83,142.1,1.09,0.2,"30 Std., 14 Min.",1814,1.94,1847.94
barcelona,stuttgart,1259.26,8.16,154.35,1.09,0.3,"12 Std., 45 Min.",765,2.08,799.08
barcelona,palermo,1876.04,11.89,157.81,1.09,0.84,"34 Std., 43 Min.",2083,2.9,2117.9
barcelona,düsseldorf,1427.52,9.58,149.03,1.09,1.13,"13 Std., 1 Min.",781,3.33,816.33
barcelona,glasgow,2170.04,16.13,134.55,1.09,0.45,"15 Std., 54 Min.",954,2.31,988.31
barcelona,leipzig,1677.64,10.62,158.04,1.09,0.9,"20 Std., 29 Min.",1229,2.99,1263.99
barcelona,riga,2817.61,20.58,136.94,1.09,0.37,0,0,2.19,0.0
barcelona,dortmund,1486.07,10.12,146.79,1.09,0.4,"13 Std., 55 Min.",835,2.24,869.24
barcelona,málaga,1017.85,4.22,241.33,1.09,0.7,"5 Std., 26 Min.",326,2.68,360.68
barcelona,vilnius,2744.42,19.66,139.62,1.09,2.03,0,0,4.68,0.0
barcelona,essen,1461.81,9.95,146.9,1.09,0.62,"13 Std., 31 Min.",811,2.56,845.56
barcelona,sheffield,1783.49,11.4,156.45,1.09,0.41,"13 Std., 28 Min.",808,2.25,842.25
barcelona,kayseri,4022.82,32.95,122.07,1.09,0.36,0,0,2.18,0.0
barcelona,bremen,1712.5,11.43,149.77,1.09,0.91,"17 Std., 28 Min.",1048,3.0,1083.0
barcelona,dresden,1793.83,11.45,156.72,1.09,1.12,"22 Std., 24 Min.",1344,3.32,1379.32
barcelona,genova,912.04,6.0,152.05,1.09,0.43,"12 Std., 49 Min.",769,2.28,803.28
barcelona,københavn,2307.85,15.67,147.3,1.09,0.18,"27 Std., 47 Min.",1667,1.9,1700.9
barcelona,manchester,1822.68,11.23,162.26,1.09,0.6,"13 Std., 25 Min.",805,2.53,839.53
barcelona,poznan,2039.84,13.24,154.11,1.09,1.07,"27 Std., 12 Min.",1632,3.24,1667.24
barcelona,hannover,1640.34,9.7,169.04,1.09,0.96,"15 Std., 43 Min.",943,3.08,978.08
barcelona,antwerpen,1419.63,9.21,154.16,1.09,1.48,"10 Std., 8 Min.",608,3.86,643.86
barcelona,bradford,1841.71,11.75,156.7,1.09,0.35,"13 Std., 52 Min.",832,2.16,866.16
barcelona,nürnberg,1426.94,9.25,154.26,1.09,1.0,"16 Std., 23 Min.",983,3.14,1018.14
barcelona,edinburgh,2154.58,14.64,147.15,1.09,0.14,"15 Std., 46 Min.",946,1.84,979.84
barcelona,duisburg,1450.26,9.73,149.04,1.09,0.87,"13 Std., 24 Min.",804,2.94,838.94
berlin,milano,1109.02,7.8,142.13,1.44,1.2,"11 Std., 11 Min.",671,3.96,706.96
berlin,ankara,2850.88,25.85,110.27,1.44,1.26,0,0,4.05,0.0
berlin,naples,1706.01,10.82,157.64,1.44,0.41,"15 Std., 24 Min.",924,2.77,958.77
berlin,rome,1496.09,9.58,156.11,1.44,0.24,"14 Std., 1 Min.",841,2.52,875.52
berlin,athina,2122.95,20.43,103.9,1.44,1.72,46 Std. 34 Min.,2794,4.74,2830.74
berlin,izmir,3095.79,29.27,105.78,1.44,0.85,0,0,3.44,0.0
berlin,bucarest,1694.45,16.75,101.13,1.44,3.02,27 Std. 10 Min.,1630,6.69,1668.69
berlin,lisboa,2904.18,18.94,153.32,1.44,1.75,"62 Std., 38 Min.",3758,4.78,3794.78
berlin,hamburg,290.87,1.46,199.41,1.44,0.79,"1 Std., 45 Min.",105,3.34,140.34
berlin,warszawa,572.38,4.03,141.88,1.44,0.81,"4 Std., 57 Min.",297,3.38,332.38
berlin,vienna,695.38,6.64,104.66,1.44,1.09,"7 Std., 43 Min.",463,3.8,498.8
berlin,budapest,1026.96,10.19,100.79,1.44,1.1,"10 Std., 58 Min.",658,3.81,693.81
berlin,stockholm,1408.15,8.47,166.25,1.44,0.45,"12 Std., 57 Min.",777,2.84,811.84
berlin,munich,629.83,3.54,178.09,1.44,0.52,"3 Std., 50 Min.",230,2.94,264.94
berlin,valencia,2172.01,13.42,161.88,1.44,0.86,"23 Std., 12 Min.",1392,3.45,1427.45
berlin,dublin,1537.3,12.29,125.08,1.44,4.67,20 Std. 25 Min.,1225,9.16,1266.16
berlin,lyon,1185.84,7.92,149.64,1.44,0.5,"10 Std., 10 Min.",610,2.91,644.91
berlin,prague,381.48,2.97,128.61,1.44,0.91,"4 Std., 7 Min.",247,3.52,282.52
berlin,brussels,744.09,5.36,138.7,1.44,1.08,"6 Std., 49 Min.",409,3.78,444.78
berlin,rotterdam,668.19,4.65,143.84,1.44,0.45,"6 Std., 13 Min.",373,2.84,407.84
berlin,sofia,1669.95,16.85,99.13,1.44,1.4,0,0,4.26,0.0
berlin,adana,3331.38,29.67,112.28,1.44,1.88,"88 Std., 22 Min.",5302,4.98,5338.98
berlin,birmingham,1297.92,9.81,132.33,1.44,0.19,"11 Std., 42 Min.",702,2.44,736.44
berlin,köln,559.37,3.63,154.15,1.44,1.04,"4 Std., 3 Min.",243,3.72,278.72
berlin,amsterdam,636.83,4.46,142.8,1.44,0.81,"5 Std., 32 Min.",332,3.38,367.38
berlin,porto,2766.35,17.24,160.43,1.44,0.45,"35 Std., 50 Min.",2150,2.84,2184.84
berlin,marseille,1502.57,9.6,156.45,1.44,0.64,12 Std.,720,3.12,755.12
berlin,lille,851.18,6.23,136.58,1.44,0.94,"7 Std., 44 Min.",464,3.57,499.57
berlin,sevilla,2870.44,15.87,180.83,1.44,0.73,"30 Std., 12 Min.",1812,3.26,1847.26
berlin,torino,1208.53,8.61,140.34,1.44,1.27,"12 Std., 26 Min.",746,4.06,782.06
berlin,konya,2960.39,26.08,113.5,1.44,0.73,16 Std. 56 Min.,1016,3.26,1051.26
berlin,kraków,584.67,4.99,117.24,1.44,0.8,"6 Std., 48 Min.",408,3.36,443.36
berlin,hague,1365.47,9.06,150.77,1.44,0.73,"6 Std., 9 Min.",369,3.26,404.26
berlin,bilbao,2109.9,12.94,163.07,1.44,0.31,"19 Std., 59 Min.",1199,2.62,1233.62
berlin,leeds,1408.2,10.7,131.62,1.44,0.18,"12 Std., 46 Min.",766,2.43,800.43
berlin,frankfurt am main,520.4,3.45,150.84,1.44,1.47,"3 Std., 40 Min.",220,4.36,256.36
berlin,zagreb,1061.45,10.0,106.18,1.44,1.2,"14 Std., 9 Min.",849,3.96,884.96
berlin,bordeaux,1590.36,9.01,176.42,1.44,2.37,"11 Std., 39 Min.",699,5.72,736.72
berlin,toulouse,1723.28,12.86,134.05,1.44,1.06,"13 Std., 42 Min.",822,3.75,857.75
berlin,göteborg,1107.33,6.88,160.85,1.44,0.46,"10 Std., 29 Min.",629,2.85,663.85
berlin,zürich,872.06,5.83,149.5,1.44,0.1,"7 Std., 48 Min.",468,2.31,502.31
berlin,oslo,1443.45,8.97,160.91,1.44,0.12,"15 Std., 11 Min.",911,2.34,945.34
berlin,zaragoza,2145.39,12.47,172.02,1.44,1.58,"21 Std., 20 Min.",1280,4.53,1316.53
berlin,helsinki,1451.88,13.69,106.07,1.44,0.72,33 Std. 32 Min.,2012,3.24,2047.24
berlin,wroclaw,328.32,2.83,115.97,1.44,0.1,"3 Std., 46 Min.",226,2.31,260.31
berlin,lodz,501.52,4.66,107.72,1.44,0.2,"5 Std., 15 Min.",315,2.46,349.46
berlin,stuttgart,643.98,4.13,156.09,1.44,0.3,"5 Std., 38 Min.",338,2.61,372.61
berlin,palermo,1969.12,12.1,162.78,1.44,0.84,"27 Std., 27 Min.",1647,3.42,1682.42
berlin,düsseldorf,536.19,3.62,148.06,1.44,1.13,"4 Std., 21 Min.",261,3.85,296.85
berlin,glasgow,1756.25,15.3,114.82,1.44,0.45,15 Std.,900,2.84,934.84
berlin,leipzig,181.49,1.42,128.25,1.44,0.9,"1 Std., 13 Min.",73,3.51,108.51
berlin,riga,1006.06,9.63,104.49,1.44,0.37,0,0,2.72,0.0
berlin,dortmund,465.47,2.91,159.99,1.44,0.4,"3 Std., 24 Min.",204,2.76,238.76
berlin,málaga,2803.71,15.73,178.28,1.44,0.7,"30 Std., 47 Min.",1847,3.21,1882.21
berlin,vilnius,932.88,8.71,107.11,1.44,2.03,0,0,5.2,0.0
berlin,essen,500.47,3.25,154.03,1.44,0.62,"3 Std., 49 Min.",229,3.09,264.09
berlin,sheffield,1369.71,10.57,129.61,1.44,0.41,"12 Std., 3 Min.",723,2.77,757.77
berlin,kayseri,3208.72,28.65,112.0,1.44,0.36,"75 Std., 42 Min.",4542,2.7,4576.7
berlin,bremen,341.28,2.88,118.54,1.44,0.91,"2 Std., 47 Min.",167,3.52,202.52
berlin,dresden,190.13,1.38,137.33,1.44,1.12,"1 Std., 50 Min.",110,3.84,145.84
berlin,genova,1240.43,8.73,142.11,1.44,0.43,"13 Std., 4 Min.",784,2.8,818.8
berlin,københavn,778.34,5.04,154.54,1.44,0.18,"7 Std., 2 Min.",422,2.43,456.43
berlin,manchester,1408.9,10.4,135.46,1.44,0.6,"12 Std., 38 Min.",758,3.06,793.06
berlin,poznan,262.07,1.81,144.65,1.44,1.07,"2 Std., 27 Min.",147,3.76,182.76
berlin,hannover,262.43,1.63,160.96,1.44,0.96,"1 Std., 25 Min.",85,3.6,120.6
berlin,antwerpen,719.02,5.12,140.39,1.44,1.48,"7 Std., 3 Min.",423,4.38,459.38
berlin,bradford,1427.93,10.92,130.75,1.44,0.35,"13 Std., 12 Min.",792,2.68,826.68
berlin,nürnberg,457.0,2.67,171.36,1.44,1.0,"2 Std., 44 Min.",164,3.66,199.66
berlin,edinburgh,1740.8,13.81,126.05,1.44,0.14,"14 Std., 37 Min.",877,2.37,911.37
berlin,duisburg,518.65,3.36,154.21,1.44,0.87,"4 Std., 2 Min.",242,3.46,277.46
milano,ankara,2654.28,24.22,109.57,1.2,1.26,0,0,3.69,0.0
milano,naples,780.45,3.76,207.5,1.2,0.41,"4 Std., 23 Min.",263,2.42,297.42
milano,rome,570.53,2.52,226.15,1.2,0.24,"2 Std., 50 Min.",170,2.16,204.16
milano,athina,1926.35,18.8,102.45,1.2,1.72,30 Std. 45 Min.,1845,4.38,1881.38
milano,izmir,2899.19,27.64,104.9,1.2,0.85,0,0,3.08,0.0
milano,bucarest,1828.63,18.22,100.38,1.2,3.02,"29 Std., 31 Min.",1771,6.33,1809.33
milano,lisboa,2357.82,16.76,140.69,1.2,1.75,34 Std. 57 Min.,2097,4.42,2133.42
milano,hamburg,1147.18,7.52,152.56,1.2,0.79,"10 Std., 52 Min.",652,2.99,686.99
milano,warszawa,1507.03,11.92,126.4,1.2,0.81,"18 Std., 55 Min.",1135,3.01,1170.01
milano,vienna,850.39,6.81,124.94,1.2,1.09,"9 Std., 51 Min.",591,3.44,626.44
milano,budapest,991.5,8.66,114.46,1.2,1.1,"12 Std., 17 Min.",737,3.45,772.45
milano,stockholm,2280.93,14.23,160.32,1.2,0.45,"23 Std., 45 Min.",1425,2.48,1459.48
milano,munich,562.24,4.49,125.3,1.2,0.52,"6 Std., 52 Min.",412,2.58,446.58
milano,valencia,1366.26,8.08,169.1,1.2,0.86,"16 Std., 24 Min.",984,3.09,1019.09
milano,dublin,1642.6,13.65,120.3,1.2,4.67,21 Std. 47 Min.,1307,8.8,1347.8
milano,lyon,449.3,3.18,141.11,1.2,0.5,"7 Std., 12 Min.",432,2.55,466.55
milano,prague,966.38,9.01,107.22,1.2,0.91,"12 Std., 47 Min.",767,3.16,802.16
milano,brussels,900.81,6.14,146.8,1.2,1.08,"9 Std., 34 Min.",574,3.42,609.42
milano,rotterdam,1032.82,7.15,144.53,1.2,0.45,"10 Std., 52 Min.",652,2.48,686.48
milano,sofia,1473.35,15.22,96.81,1.2,1.4,0,0,3.9,0.0
milano,adana,3134.78,28.04,111.79,1.2,1.88,0,0,4.62,0.0
milano,birmingham,1403.22,11.17,125.61,1.2,0.19,"12 Std., 17 Min.",737,2.08,771.08
milano,köln,813.23,6.17,131.7,1.2,1.04,"8 Std., 5 Min.",485,3.36,520.36
milano,amsterdam,1066.16,8.19,130.1,1.2,0.81,"10 Std., 46 Min.",646,3.01,681.01
milano,porto,2219.99,15.06,147.4,1.2,0.45,"39 Std., 8 Min.",2348,2.48,2382.48
milano,marseille,541.6,4.31,125.73,1.2,0.64,"8 Std., 36 Min.",516,2.76,550.76
milano,lille,954.81,7.61,125.51,1.2,0.94,"9 Std., 15 Min.",555,3.21,590.21
milano,sevilla,2093.75,9.89,211.75,1.2,0.73,"1 Std., 47 Min.",107,2.9,141.9
milano,torino,147.25,0.67,218.4,1.2,1.27,51 Min.,51,3.7,86.7
milano,konya,2763.79,24.46,113.01,1.2,0.73,18 Std. 47 Min.,1127,2.9,1161.9
milano,kraków,1272.53,10.85,117.25,1.2,0.8,"17 Std., 35 Min.",1055,3.0,1090.0
milano,hague,1160.73,7.65,151.78,1.2,0.73,"11 Std., 8 Min.",668,2.9,702.9
milano,bilbao,1563.54,10.76,145.37,1.2,0.31,"21 Std., 38 Min.",1298,2.26,1332.26
milano,leeds,1513.5,12.06,125.47,1.2,0.18,"13 Std., 7 Min.",787,2.07,821.07
milano,frankfurt am main,650.23,4.48,145.17,1.2,1.47,"7 Std., 9 Min.",429,4.0,465.0
milano,zagreb,666.46,5.81,114.78,1.2,1.2,13 Std.,780,3.6,815.6
milano,bordeaux,1068.61,8.35,128.03,1.2,2.37,"10 Std., 31 Min.",631,5.36,668.36
milano,toulouse,925.39,5.82,159.01,1.2,1.06,"11 Std., 56 Min.",716,3.39,751.39
milano,göteborg,1980.11,12.64,156.63,1.2,0.46,"22 Std., 10 Min.",1330,2.49,1364.49
milano,zürich,268.39,2.03,132.22,1.2,0.1,"3 Std., 12 Min.",192,1.95,225.95
milano,oslo,2316.24,14.73,157.26,1.2,0.12,"27 Std., 35 Min.",1655,1.98,1688.98
milano,zaragoza,1339.64,7.13,187.77,1.2,1.58,"14 Std., 32 Min.",872,4.17,908.17
milano,helsinki,2544.74,20.99,121.23,1.2,0.72,44 Std. 57 Min.,2697,2.88,2731.88
milano,wroclaw,1269.3,12.87,98.61,1.2,0.1,"18 Std., 49 Min.",1129,1.95,1162.95
milano,lodz,1412.17,12.16,116.13,1.2,0.2,"20 Std., 48 Min.",1248,2.1,1282.1
milano,stuttgart,550.15,4.46,123.45,1.2,0.3,"6 Std., 22 Min.",382,2.25,416.25
milano,palermo,1043.57,5.04,207.21,1.2,0.84,"13 Std., 42 Min.",822,3.06,857.06
milano,düsseldorf,849.26,6.49,130.81,1.2,1.13,"8 Std., 26 Min.",506,3.5,541.5
milano,glasgow,1861.55,16.66,111.75,1.2,0.45,"16 Std., 3 Min.",963,2.48,997.48
milano,leipzig,958.96,6.97,137.54,1.2,0.9,"10 Std., 27 Min.",627,3.15,662.15
milano,riga,2098.93,16.93,123.96,1.2,0.37,0,0,2.35,0.0
milano,dortmund,906.72,6.82,132.95,1.2,0.4,"9 Std., 20 Min.",560,2.4,594.4
milano,málaga,2027.02,9.74,208.1,1.2,0.7,26 Std.,1560,2.85,1594.85
milano,vilnius,2000.65,16.27,122.97,1.2,2.03,0,0,4.84,0.0
milano,essen,883.56,6.86,128.71,1.2,0.62,"8 Std., 56 Min.",536,2.73,570.73
milano,sheffield,1475.01,11.93,123.63,1.2,0.41,"12 Std., 52 Min.",772,2.42,806.42
milano,kayseri,3012.12,27.02,111.47,1.2,0.36,0,0,2.34,0.0
milano,bremen,1103.66,6.94,158.96,1.2,0.91,"11 Std., 4 Min.",664,3.16,699.16
milano,dresden,1046.85,8.65,121.05,1.2,1.12,"11 Std., 55 Min.",715,3.48,750.48
milano,genova,148.91,1.22,122.02,1.2,0.43,"1 Std., 34 Min.",94,2.44,128.44
milano,københavn,1651.13,10.79,152.96,1.2,0.18,"17 Std., 21 Min.",1041,2.07,1075.07
milano,manchester,1514.2,11.76,128.72,1.2,0.6,"12 Std., 55 Min.",775,2.7,809.7
milano,poznan,1321.16,9.59,137.72,1.2,1.07,"16 Std., 59 Min.",1019,3.4,1054.4
milano,hannover,981.55,6.14,159.97,1.2,0.96,"9 Std., 34 Min.",574,3.24,609.24
milano,antwerpen,939.38,6.41,146.56,1.2,1.48,"10 Std., 17 Min.",617,4.02,653.02
milano,bradford,1533.23,12.28,124.82,1.2,0.35,19 Std. 5 Min.,1145,2.32,1179.32
milano,nürnberg,655.07,5.11,128.16,1.2,1.0,"8 Std., 19 Min.",499,3.3,534.3
milano,edinburgh,1846.1,15.17,121.67,1.2,0.14,"15 Std., 10 Min.",910,2.01,944.01
milano,duisburg,872.01,6.64,131.24,1.2,0.87,"8 Std., 43 Min.",523,3.1,558.1
ankara,naples,3103.1,26.01,119.32,1.26,0.41,0,0,2.5,0.0
ankara,rome,2893.17,24.77,116.81,1.26,0.24,0,0,2.25,0.0
ankara,athina,1581.82,11.84,133.64,1.26,1.72,0,0,4.47,0.0
ankara,izmir,737.45,5.82,126.73,1.26,0.85,"12 Std., 23 Min.",743,3.16,778.16
ankara,bucarest,1353.06,12.13,111.54,1.26,3.02,"28 Std., 2 Min.",1682,6.42,1720.42
ankara,lisboa,5000.48,40.77,122.65,1.26,1.75,0,0,4.51,0.0
ankara,hamburg,3138.29,27.27,115.08,1.26,0.79,"67 Std., 32 Min.",4052,3.08,4087.08
ankara,warszawa,2623.28,23.84,110.05,1.26,0.81,0,0,3.11,0.0
ankara,vienna,2214.95,19.09,116.04,1.26,1.09,"52 Std., 5 Min.",3125,3.52,3160.52
ankara,budapest,2051.41,17.2,119.28,1.26,1.1,"48 Std., 35 Min.",2915,3.54,2950.54
ankara,stockholm,4255.57,34.28,124.13,1.26,0.45,0,0,2.56,0.0
ankara,munich,2554.29,23.55,108.47,1.26,0.52,0,0,2.67,0.0
ankara,valencia,4008.92,32.09,124.92,1.26,0.86,0,0,3.18,0.0
ankara,dublin,4106.96,34.71,118.31,1.26,4.67,0,0,8.9,0.0
ankara,lyon,3091.97,27.2,113.7,1.26,0.5,0,0,2.64,0.0
ankara,prague,2553.64,22.43,113.83,1.26,0.91,0,0,3.26,0.0
ankara,brussels,3312.69,27.72,119.51,1.26,1.08,0,0,3.51,0.0
ankara,rotterdam,3333.65,28.1,118.65,1.26,0.45,"69 Std., 25 Min.",4165,2.56,4199.56
ankara,sofia,1184.95,9.0,131.65,1.26,1.4,0,0,3.99,0.0
ankara,adana,480.62,3.82,125.84,1.26,1.88,"18 Std., 33 Min.",1113,4.71,1149.71
ankara,birmingham,3867.59,32.23,120.0,1.26,0.19,0,0,2.17,0.0
ankara,köln,3096.08,26.44,117.08,1.26,1.04,0,0,3.45,0.0
ankara,amsterdam,3346.2,28.33,118.1,1.26,0.81,"69 Std., 14 Min.",4154,3.11,4189.11
ankara,porto,4862.66,39.07,124.45,1.26,0.45,0,0,2.56,0.0
ankara,marseille,3170.62,28.12,112.74,1.26,0.64,0,0,2.85,0.0
ankara,lille,3419.19,28.67,119.28,1.26,0.94,0,0,3.3,0.0
ankara,sevilla,4736.42,33.9,139.72,1.26,0.73,0,0,2.99,0.0
ankara,torino,2789.91,24.69,113.02,1.26,1.27,0,0,3.8,0.0
ankara,konya,309.21,1.44,214.1,1.26,0.73,"1 Std., 46 Min.",106,2.99,140.99
ankara,kraków,2428.01,22.67,107.1,1.26,0.8,0,0,3.09,0.0
ankara,hague,3756.96,30.2,124.42,1.26,0.73,"69 Std., 36 Min.",4176,2.99,4210.99
ankara,bilbao,4206.2,34.77,120.98,1.26,0.31,0,0,2.36,0.0
ankara,leeds,3977.86,33.12,120.1,1.26,0.18,0,0,2.16,0.0
ankara,frankfurt am main,2916.65,25.64,113.74,1.26,1.47,"59 Std., 22 Min.",3562,4.1,3598.1
ankara,zagreb,1987.46,18.39,108.08,1.26,1.2,0,0,3.69,0.0
ankara,bordeaux,3711.28,32.36,114.69,1.26,2.37,0,0,5.44,0.0
ankara,toulouse,3568.06,29.83,119.61,1.26,1.06,0,0,3.48,0.0
ankara,göteborg,3954.75,32.7,120.95,1.26,0.46,0,0,2.58,0.0
ankara,zürich,2793.4,25.52,109.47,1.26,0.1,0,0,2.04,0.0
ankara,oslo,4290.87,34.78,123.36,1.26,0.12,0,0,2.07,0.0
ankara,zaragoza,3982.3,31.15,127.86,1.26,1.58,0,0,4.26,0.0
ankara,helsinki,3720.41,34.01,109.4,1.26,0.72,0,0,2.97,0.0
ankara,wroclaw,2522.7,22.6,111.63,1.26,0.1,0,0,2.04,0.0
ankara,lodz,2622.33,24.33,107.79,1.26,0.2,0,0,2.19,0.0
ankara,stuttgart,2792.53,25.0,111.69,1.26,0.3,0,0,2.34,0.0
ankara,palermo,3366.21,27.28,123.39,1.26,0.84,0,0,3.15,0.0
ankara,düsseldorf,3129.3,26.63,117.51,1.26,1.13,0,0,3.58,0.0
ankara,glasgow,4325.91,37.72,114.69,1.26,0.45,0,0,2.56,0.0
ankara,leipzig,2811.92,24.85,113.14,1.26,0.9,0,0,3.24,0.0
ankara,riga,3274.6,29.95,109.34,1.26,0.37,0,0,2.44,0.0
ankara,dortmund,3151.86,27.84,113.23,1.26,0.4,0,0,2.49,0.0
ankara,málaga,4669.69,33.75,138.35,1.26,0.7,0,0,2.94,0.0
ankara,vilnius,3015.71,26.99,111.72,1.26,2.03,0,0,4.94,0.0
ankara,essen,3163.59,27.0,117.16,1.26,0.62,0,0,2.82,0.0
ankara,sheffield,3939.37,32.99,119.41,1.26,0.41,0,0,2.5,0.0
ankara,kayseri,357.96,2.8,127.97,1.26,0.36,"7 Std., 8 Min.",428,2.43,462.43
ankara,bremen,3174.74,27.81,114.18,1.26,0.91,0,0,3.26,0.0
ankara,dresden,2694.76,24.0,112.3,1.26,1.12,0,0,3.57,0.0
ankara,genova,2777.94,25.04,110.95,1.26,0.43,0,0,2.53,0.0
ankara,københavn,3625.76,30.85,117.53,1.26,0.18,0,0,2.16,0.0
ankara,manchester,3978.56,32.82,121.21,1.26,0.6,0,0,2.79,0.0
ankara,poznan,2684.73,24.14,111.22,1.26,1.07,0,0,3.5,0.0
ankara,hannover,3056.6,27.1,112.8,1.26,0.96,0,0,3.33,0.0
ankara,antwerpen,3319.64,28.19,117.76,1.26,1.48,0,0,4.11,0.0
ankara,bradford,3997.59,33.34,119.89,1.26,0.35,0,0,2.42,0.0
ankara,nürnberg,2694.68,24.18,111.45,1.26,1.0,0,0,3.39,0.0
ankara,edinburgh,4310.46,36.23,118.96,1.26,0.14,0,0,2.1,0.0
ankara,duisburg,3152.05,26.78,117.69,1.26,0.87,0,0,3.2,0.0
naples,rome,212.63,1.26,168.16,0.41,0.24,"1 Std., 6 Min.",66,0.97,98.97
naples,athina,2375.53,20.61,115.24,0.41,1.72,27 Std. 8 Min.,1628,3.2,1663.2
naples,izmir,3348.36,29.45,113.7,0.41,0.85,0,0,1.89,0.0
naples,bucarest,2277.8,20.03,113.73,0.41,3.02,"36 Std., 5 Min.",2165,5.14,2202.14
naples,lisboa,2943.64,21.02,140.04,0.41,1.75,44 Std. 32 Min.,2672,3.24,2707.24
naples,hamburg,1822.81,11.48,158.77,0.41,0.79,"15 Std., 49 Min.",949,1.8,982.8
naples,warszawa,1957.77,13.84,141.48,0.41,0.81,"22 Std., 45 Min.",1365,1.83,1398.83
naples,vienna,1301.14,8.72,149.18,0.41,1.09,"12 Std., 57 Min.",777,2.25,811.25
naples,budapest,1440.68,10.47,137.56,0.41,1.1,"15 Std., 44 Min.",944,2.26,978.26
naples,stockholm,2956.56,18.19,162.55,0.41,0.45,"28 Std., 10 Min.",1690,1.29,1723.29
naples,munich,1100.21,7.18,153.18,0.41,0.52,"10 Std., 25 Min.",625,1.4,658.4
naples,valencia,1952.08,12.34,158.19,0.41,0.86,"28 Std., 14 Min.",1694,1.9,1727.9
naples,dublin,2406.87,16.31,147.54,0.41,4.67,31 Std. 20 Min.,1880,7.62,1919.62
naples,lyon,1161.47,8.06,144.02,0.41,0.5,"12 Std., 47 Min.",767,1.36,800.36
naples,prague,1502.35,11.29,133.04,0.41,0.91,"16 Std., 20 Min.",980,1.98,1013.98
naples,brussels,1663.27,9.59,173.41,0.41,1.08,"14 Std., 17 Min.",857,2.24,891.24
naples,rotterdam,1795.29,10.6,169.35,0.41,0.45,"15 Std., 32 Min.",932,1.29,965.29
naples,sofia,1922.52,17.03,112.89,0.41,1.4,0,0,2.72,0.0
naples,adana,3583.95,29.85,120.05,0.41,1.88,0,0,3.44,0.0
naples,birmingham,2167.5,13.83,156.72,0.41,0.19,18 Std. 18 Min.,1098,0.9,1130.9
naples,köln,1575.69,9.63,163.62,0.41,1.04,"12 Std., 56 Min.",776,2.17,810.17
naples,amsterdam,1828.62,11.65,156.96,0.41,0.81,"15 Std., 44 Min.",944,1.83,977.83
naples,porto,2805.81,19.32,145.22,0.41,0.45,50 Std.,3000,1.29,3033.29
naples,marseille,1098.33,7.57,145.08,0.41,0.64,"13 Std., 33 Min.",813,1.58,846.58
naples,lille,1719.09,10.27,167.44,0.41,0.94,14 Std. 28 Min.,868,2.02,902.02
naples,sevilla,2679.57,14.15,189.39,0.41,0.73,"32 Std., 12 Min.",1932,1.71,1965.71
naples,torino,857.09,5.51,155.62,0.41,1.27,"5 Std., 21 Min.",321,2.52,355.52
naples,konya,3212.96,26.27,122.32,0.41,0.73,21 Std. 11 Min.,1271,1.71,1304.71
naples,kraków,1723.27,12.77,134.96,0.41,0.8,"20 Std., 45 Min.",1245,1.82,1278.82
naples,hague,1931.16,11.28,171.13,0.41,0.73,"16 Std., 6 Min.",966,1.71,999.71
naples,bilbao,2149.36,15.02,143.14,0.41,0.31,26 Std. 30 Min.,1590,1.08,1623.08
naples,leeds,2277.77,14.72,154.72,0.41,0.18,19 Std. 22 Min.,1162,0.88,1194.88
naples,frankfurt am main,1412.69,7.93,178.05,0.41,1.47,"11 Std., 59 Min.",719,2.82,753.82
naples,zagreb,1115.63,7.62,146.46,0.41,1.2,"16 Std., 53 Min.",1013,2.42,1047.42
naples,bordeaux,1768.74,11.73,150.78,0.41,2.37,"16 Std., 6 Min.",966,4.17,1002.17
naples,toulouse,1511.21,10.08,149.92,0.41,1.06,"17 Std., 10 Min.",1030,2.2,1064.2
naples,göteborg,2655.74,16.6,159.95,0.41,0.46,27 Std. 11 Min.,1631,1.31,1664.31
naples,zürich,1030.85,5.49,187.93,0.41,0.1,"7 Std., 46 Min.",466,0.76,498.76
naples,oslo,2991.87,18.69,160.08,0.41,0.12,"32 Std., 10 Min.",1930,0.8,1962.8
naples,zaragoza,1925.46,11.39,168.98,0.41,1.58,"26 Std., 22 Min.",1582,2.99,1616.99
naples,helsinki,3131.1,26.13,119.82,0.41,0.72,51 Std. 55 Min.,3115,1.69,3148.69
naples,wroclaw,1740.6,13.3,130.89,0.41,0.1,"22 Std., 10 Min.",1330,0.76,1362.76
naples,lodz,1862.92,14.08,132.35,0.41,0.2,"24 Std., 3 Min.",1443,0.92,1475.92
naples,stuttgart,1265.54,8.73,144.91,0.41,0.3,"11 Std., 2 Min.",662,1.06,695.06
naples,palermo,269.75,1.67,161.93,0.41,0.84,"9 Std., 5 Min.",545,1.88,578.88
naples,düsseldorf,1611.73,9.95,162.02,0.41,1.13,"13 Std., 24 Min.",804,2.31,838.31
naples,glasgow,2625.82,19.32,135.92,0.41,0.45,26 Std. 6 Min.,1566,1.29,1599.29
naples,leipzig,1555.95,9.99,155.82,0.41,0.9,"14 Std., 8 Min.",848,1.97,881.97
naples,riga,2685.28,22.07,121.66,0.41,0.37,0,0,1.17,0.0
naples,dortmund,1669.18,10.28,162.45,0.41,0.4,"14 Std., 12 Min.",852,1.22,885.22
naples,málaga,2612.84,14.0,186.62,0.41,0.7,"32 Std., 47 Min.",1967,1.66,2000.66
naples,vilnius,2451.4,18.18,134.81,0.41,2.03,0,0,3.66,0.0
naples,essen,1646.02,10.32,159.5,0.41,0.62,"13 Std., 53 Min.",833,1.55,866.55
naples,sheffield,2239.28,14.59,153.48,0.41,0.41,"17 Std., 54 Min.",1074,1.23,1107.23
naples,kayseri,3461.29,28.83,120.05,0.41,0.36,0,0,1.16,0.0
naples,bremen,1779.29,10.9,163.17,0.41,0.91,"15 Std., 38 Min.",938,1.98,971.98
naples,dresden,1625.06,12.13,134.01,0.41,1.12,"15 Std., 37 Min.",937,2.3,971.3
naples,genova,695.76,4.38,158.9,0.41,0.43,"5 Std., 43 Min.",343,1.26,376.26
naples,københavn,2326.76,14.76,157.69,0.41,0.18,"22 Std., 29 Min.",1349,0.88,1381.88
naples,manchester,2278.47,14.42,157.97,0.41,0.6,23 Std. 40 Min.,1420,1.52,1453.52
naples,poznan,1905.31,14.38,132.48,0.41,1.07,"21 Std., 19 Min.",1279,2.22,1313.22
naples,hannover,1657.18,10.1,164.12,0.41,0.96,"14 Std., 27 Min.",867,2.05,901.05
naples,antwerpen,1701.84,9.86,172.51,0.41,1.48,"14 Std., 57 Min.",897,2.84,931.84
naples,bradford,2297.5,14.94,153.75,0.41,0.35,23 Std. 53 Min.,1433,1.14,1466.14
naples,nürnberg,1252.06,8.12,154.1,0.41,1.0,"11 Std., 52 Min.",712,2.11,746.11
naples,edinburgh,2610.37,17.83,146.38,0.41,0.14,25 Std. 27 Min.,1527,0.82,1559.82
naples,duisburg,1634.47,10.1,161.84,0.41,0.87,"13 Std., 40 Min.",820,1.92,853.92
rome,athina,2165.6,19.38,111.77,0.24,1.72,27 Std. 15 Min.,1635,2.94,1669.94
rome,izmir,3138.44,28.21,111.25,0.24,0.85,0,0,1.63,0.0
rome,bucarest,2067.88,18.79,110.05,0.24,3.02,"31 Std., 41 Min.",1901,4.89,1937.89
rome,lisboa,2734.69,19.79,138.22,0.24,1.75,42 Std. 16 Min.,2536,2.99,2570.99
rome,hamburg,1612.89,10.24,157.47,0.24,0.79,"13 Std., 58 Min.",838,1.55,871.55
rome,warszawa,1747.85,12.6,138.72,0.24,0.81,"21 Std., 5 Min.",1265,1.58,1298.58
rome,vienna,1091.22,7.48,145.82,0.24,1.09,"11 Std., 27 Min.",687,2.0,721.0
rome,budapest,1230.75,9.23,133.28,0.24,1.1,"14 Std., 14 Min.",854,2.01,888.01
rome,stockholm,2746.64,16.95,162.04,0.24,0.45,26 Std. 48 Min.,1608,1.03,1641.03
rome,munich,890.29,5.94,149.78,0.24,0.52,"9 Std., 2 Min.",542,1.14,575.14
rome,valencia,1743.13,11.11,156.96,0.24,0.86,"26 Std., 54 Min.",1614,1.65,1647.65
rome,dublin,2196.94,15.07,145.74,0.24,4.67,24 Std. 52 Min.,1492,7.36,1531.36
rome,lyon,952.53,6.83,139.46,0.24,0.5,"11 Std., 18 Min.",678,1.11,711.11
rome,prague,1292.43,10.05,128.55,0.24,0.91,"14 Std., 57 Min.",897,1.72,930.72
rome,brussels,1453.35,8.35,173.99,0.24,1.08,"12 Std., 39 Min.",759,1.98,792.98
rome,rotterdam,1585.36,9.36,169.32,0.24,0.45,"14 Std., 12 Min.",852,1.03,885.03
rome,sofia,1712.6,15.79,108.45,0.24,1.4,0,0,2.46,0.0
rome,adana,3374.03,28.62,117.91,0.24,1.88,0,0,3.18,0.0
rome,birmingham,1957.57,12.59,155.46,0.24,0.19,16 Std. 49 Min.,1009,0.64,1041.64
rome,köln,1365.77,8.39,162.75,0.24,1.04,"11 Std., 27 Min.",687,1.92,720.92
rome,amsterdam,1618.7,10.41,155.47,0.24,0.81,"14 Std., 4 Min.",844,1.58,877.58
rome,porto,2596.87,18.09,143.58,0.24,0.45,"48 Std., 15 Min.",2895,1.03,2928.03
rome,marseille,889.38,6.34,140.37,0.24,0.64,"11 Std., 36 Min.",696,1.32,729.32
rome,lille,1509.16,9.03,167.16,0.24,0.94,"12 Std., 28 Min.",748,1.77,781.77
rome,sevilla,2470.62,12.91,191.32,0.24,0.73,"30 Std., 45 Min.",1845,1.45,1878.45
rome,torino,648.14,4.27,151.68,0.24,1.27,"4 Std., 5 Min.",245,2.26,279.26
rome,konya,3003.04,25.03,119.99,0.24,0.73,19 Std. 41 Min.,1181,1.45,1214.45
rome,kraków,1513.35,11.53,131.25,0.24,0.8,"19 Std., 20 Min.",1160,1.56,1193.56
rome,hague,1721.24,10.05,171.33,0.24,0.73,19 Std. 51 Min.,1191,1.45,1224.45
rome,bilbao,1940.41,13.78,140.8,0.24,0.31,"25 Std., 1 Min.",1501,0.82,1533.82
rome,leeds,2067.85,13.48,153.36,0.24,0.18,17 Std. 43 Min.,1063,0.63,1095.63
rome,frankfurt am main,1202.77,6.7,179.62,0.24,1.47,"10 Std., 14 Min.",614,2.56,648.56
rome,zagreb,905.71,6.38,141.98,0.24,1.2,"15 Std., 10 Min.",910,2.16,944.16
rome,bordeaux,1559.79,10.5,148.61,0.24,2.37,"13 Std., 36 Min.",816,3.92,851.92
rome,toulouse,1302.27,8.85,147.22,0.24,1.06,"15 Std., 54 Min.",954,1.95,987.95
rome,göteborg,2445.82,15.36,159.18,0.24,0.46,25 Std.,1500,1.05,1533.05
rome,zürich,820.93,4.25,193.31,0.24,0.1,"6 Std., 30 Min.",390,0.51,422.51
rome,oslo,2781.95,17.45,159.41,0.24,0.12,"30 Std., 25 Min.",1825,0.54,1857.54
rome,zaragoza,1716.51,10.16,168.94,0.24,1.58,"25 Std., 2 Min.",1502,2.73,1536.73
rome,helsinki,2921.18,24.89,117.35,0.24,0.72,50 Std. 20 Min.,3020,1.44,3053.44
rome,wroclaw,1530.68,12.06,126.92,0.24,0.1,"20 Std., 50 Min.",1250,0.51,1282.51
rome,lodz,1653.0,12.84,128.76,0.24,0.2,"22 Std., 43 Min.",1363,0.66,1395.66
rome,stuttgart,1055.62,7.49,140.85,0.24,0.3,"9 Std., 42 Min.",582,0.81,614.81
rome,palermo,477.33,2.56,186.78,0.24,0.84,"10 Std., 4 Min.",604,1.62,637.62
rome,düsseldorf,1401.8,8.71,160.96,0.24,1.13,"11 Std., 44 Min.",704,2.05,738.05
rome,glasgow,2415.9,18.08,133.62,0.24,0.45,24 Std. 41 Min.,1481,1.03,1514.03
rome,leipzig,1346.03,8.75,153.88,0.24,0.9,"12 Std., 45 Min.",765,1.71,798.71
rome,riga,2475.36,20.83,118.81,0.24,0.37,0,0,0.92,0.0
rome,dortmund,1459.26,9.04,161.48,0.24,0.4,"12 Std., 43 Min.",763,0.96,795.96
rome,málaga,2403.89,12.77,188.3,0.24,0.7,"31 Std., 20 Min.",1880,1.41,1913.41
rome,vilnius,2241.48,16.95,132.27,0.24,2.03,0,0,3.4,0.0
rome,essen,1436.1,9.08,158.13,0.24,0.62,"12 Std., 20 Min.",740,1.29,773.29
rome,sheffield,2029.36,13.35,151.99,0.24,0.41,17 Std. 25 Min.,1045,0.97,1077.97
rome,kayseri,3251.37,27.59,117.83,0.24,0.36,0,0,0.9,0.0
rome,bremen,1569.37,9.67,162.36,0.24,0.91,"14 Std., 12 Min.",852,1.72,885.72
rome,dresden,1415.13,10.89,129.97,0.24,1.12,"14 Std., 14 Min.",854,2.04,888.04
rome,genova,486.81,3.14,154.83,0.24,0.43,"4 Std., 1 Min.",241,1.0,274.0
rome,københavn,2116.84,13.52,156.6,0.24,0.18,"20 Std., 44 Min.",1244,0.63,1276.63
rome,manchester,2068.55,13.18,156.89,0.24,0.6,18 Std. 22 Min.,1102,1.26,1135.26
rome,poznan,1695.38,13.14,128.99,0.24,1.07,"19 Std., 44 Min.",1184,1.97,1217.97
rome,hannover,1447.26,8.86,163.37,0.24,0.96,"12 Std., 39 Min.",759,1.8,792.8
rome,antwerpen,1491.92,8.63,172.95,0.24,1.48,"13 Std., 37 Min.",817,2.58,851.58
rome,bradford,2087.58,13.7,152.32,0.24,0.35,18 Std. 23 Min.,1103,0.88,1135.88
rome,nürnberg,1042.14,6.89,151.33,0.24,1.0,"10 Std., 29 Min.",629,1.86,662.86
rome,edinburgh,2400.45,16.59,144.65,0.24,0.14,20 Std. 5 Min.,1205,0.57,1237.57
rome,duisburg,1424.55,8.86,160.77,0.24,0.87,"12 Std., 6 Min.",726,1.66,759.66
athina,izmir,1826.73,15.24,119.83,1.72,0.85,0,0,3.85,0.0
athina,bucarest,1077.55,10.99,98.02,1.72,3.02,0,0,7.11,0.0
athina,lisboa,4272.92,35.38,120.78,1.72,1.75,77 Std. 32 Min.,4652,5.2,4689.2
athina,hamburg,2410.72,21.88,110.18,1.72,0.79,50 Std. 1 Min.,3001,3.76,3036.76
athina,warszawa,1970.86,18.61,105.89,1.72,0.81,55 Std. 25 Min.,3325,3.8,3360.8
athina,vienna,1487.38,13.7,108.6,1.72,1.09,44 Std. 30 Min.,2670,4.22,2706.22
athina,budapest,1323.85,11.81,112.13,1.72,1.1,0,0,4.23,0.0
athina,stockholm,3528.0,28.89,122.11,1.72,0.45,61 Std. 59 Min.,3719,3.26,3754.26
athina,munich,1826.72,18.16,100.6,1.72,0.52,44 Std. 6 Min.,2646,3.36,2681.36
athina,valencia,3281.36,26.7,122.9,1.72,0.86,57 Std. 47 Min.,3467,3.87,3502.87
athina,dublin,3379.39,29.32,115.25,1.72,4.67,61 Std. 10 Min.,3670,9.58,3711.58
athina,lyon,2364.4,21.8,108.44,1.72,0.5,45 Std. 47 Min.,2747,3.33,2782.33
athina,prague,1826.08,17.04,107.15,1.72,0.91,48 Std. 40 Min.,2920,3.94,2955.94
athina,brussels,2585.13,22.33,115.79,1.72,1.08,49 Std. 9 Min.,2949,4.2,2985.2
athina,rotterdam,2606.08,22.7,114.78,1.72,0.45,50 Std. 27 Min.,3027,3.26,3062.26
athina,sofia,576.78,4.89,117.89,1.72,1.4,0,0,4.68,0.0
athina,adana,2062.32,15.65,131.77,1.72,1.88,0,0,5.4,0.0
athina,birmingham,3140.02,26.84,116.99,1.72,0.19,53 Std. 13 Min.,3193,2.86,3227.86
athina,köln,2368.52,21.05,112.51,1.72,1.04,47 Std. 14 Min.,2834,4.14,2870.14
athina,amsterdam,2618.63,22.94,114.14,1.72,0.81,50 Std. 50 Min.,3050,3.8,3085.8
athina,porto,4135.09,33.68,122.78,1.72,0.45,73 Std. 45 Min.,4425,3.26,4460.26
athina,marseille,2443.06,22.73,107.47,1.72,0.64,48 Std. 29 Min.,2909,3.54,2944.54
athina,lille,2691.62,23.27,115.65,1.72,0.94,49 Std. 5 Min.,2945,3.99,2980.99
athina,sevilla,4008.85,28.51,140.62,1.72,0.73,59 Std. 8 Min.,3548,3.68,3583.68
athina,torino,2062.35,19.29,106.89,1.72,1.27,34 Std. 33 Min.,2073,4.49,2109.49
athina,konya,1691.34,12.06,140.21,1.72,0.73,0,0,3.68,0.0
athina,kraków,1700.45,17.28,98.41,1.72,0.8,62 Std. 45 Min.,3765,3.78,3800.78
athina,hague,3029.39,24.8,122.13,1.72,0.73,50 Std. 56 Min.,3056,3.68,3091.68
athina,bilbao,3478.64,29.37,118.42,1.72,0.31,56 Std. 50 Min.,3410,3.04,3445.04
athina,leeds,3250.29,27.73,117.21,1.72,0.18,53 Std. 41 Min.,3221,2.85,3255.85
athina,frankfurt am main,2189.08,20.25,108.1,1.72,1.47,46 Std. 17 Min.,2777,4.78,2813.78
athina,zagreb,1259.9,13.0,96.94,1.72,1.2,47 Std. 58 Min.,2878,4.38,2914.38
athina,bordeaux,2983.71,26.97,110.65,1.72,2.37,50 Std. 39 Min.,3039,6.14,3077.14
athina,toulouse,2840.49,24.44,116.23,1.72,1.06,51 Std. 38 Min.,3098,4.17,3134.17
athina,göteborg,3227.18,27.31,118.19,1.72,0.46,60 Std. 45 Min.,3645,3.27,3680.27
athina,zürich,2065.84,20.13,102.65,1.72,0.1,36 Std. 52 Min.,2212,2.73,2246.73
athina,oslo,3563.31,29.39,121.24,1.72,0.12,72 Std. 10 Min.,4330,2.76,4364.76
athina,zaragoza,3254.74,25.75,126.38,1.72,1.58,54 Std. 48 Min.,3288,4.95,3324.95
athina,helsinki,3161.81,29.32,107.82,1.72,0.72,84 Std. 35 Min.,5075,3.66,5110.66
athina,wroclaw,1795.13,17.21,104.32,1.72,0.1,51 Std. 5 Min.,3065,2.73,3099.73
athina,lodz,1894.76,18.94,100.06,1.72,0.2,54 Std. 57 Min.,3297,2.88,3331.88
athina,stuttgart,2064.96,19.61,105.29,1.72,0.3,46 Std. 10 Min.,2770,3.03,2805.03
athina,palermo,2638.64,21.89,120.54,1.72,0.84,47 Std. 47 Min.,2867,3.84,2902.84
athina,düsseldorf,2401.74,21.24,113.08,1.72,1.13,47 Std. 38 Min.,2858,4.27,2894.27
athina,glasgow,3598.35,32.33,111.31,1.72,0.45,56 Std. 26 Min.,3386,3.26,3421.26
athina,leipzig,2084.35,19.46,107.1,1.72,0.9,47 Std. 35 Min.,2855,3.93,2890.93
athina,riga,2716.0,25.27,107.5,1.72,0.37,0,0,3.14,0.0
athina,dortmund,2424.29,22.45,108.01,1.72,0.4,48 Std. 39 Min.,2919,3.18,2954.18
athina,málaga,3942.12,28.36,139.0,1.72,0.7,60 Std. 8 Min.,3608,3.63,3643.63
athina,vilnius,2464.48,22.96,107.34,1.72,2.03,0,0,5.62,0.0
athina,essen,2436.03,21.61,112.72,1.72,0.62,48 Std. 15 Min.,2895,3.51,2930.51
athina,sheffield,3211.81,27.6,116.37,1.72,0.41,53 Std. 30 Min.,3210,3.2,3245.2
athina,kayseri,1939.66,14.63,132.6,1.72,0.36,0,0,3.12,0.0
athina,bremen,2447.17,22.41,109.18,1.72,0.91,50 Std. 15 Min.,3015,3.94,3050.94
athina,dresden,1967.19,18.6,105.74,1.72,1.12,49 Std. 22 Min.,2962,4.26,2998.26
athina,genova,2050.37,19.65,104.37,1.72,0.43,35 Std. 9 Min.,2109,3.22,2144.22
athina,københavn,2898.19,25.46,113.84,1.72,0.18,56 Std. 3 Min.,3363,2.85,3397.85
athina,manchester,3250.99,27.43,118.51,1.72,0.6,54 Std.,3240,3.48,3275.48
athina,poznan,1957.16,18.75,104.39,1.72,1.07,52 Std. 48 Min.,3168,4.19,3204.19
athina,hannover,2329.03,21.71,107.3,1.72,0.96,48 Std. 42 Min.,2922,4.02,2958.02
athina,antwerpen,2592.08,22.8,113.69,1.72,1.48,49 Std. 52 Min.,2992,4.8,3028.8
athina,bradford,3270.03,27.95,116.98,1.72,0.35,54 Std. 13 Min.,3253,3.1,3288.1
athina,nürnberg,1967.11,18.79,104.7,1.72,1.0,45 Std. 20 Min.,2720,4.08,2756.08
athina,edinburgh,3582.89,30.84,116.17,1.72,0.14,55 Std. 47 Min.,3347,2.79,3381.79
athina,duisburg,2424.48,21.39,113.34,1.72,0.87,48 Std. 1 Min.,2881,3.88,2916.88
izmir,bucarest,1597.97,15.54,102.84,0.85,3.02,"47 Std., 12 Min.",2832,5.81,2869.81
izmir,lisboa,5245.39,44.18,118.73,0.85,1.75,0,0,3.9,0.0
izmir,hamburg,3383.2,30.68,110.28,0.85,0.79,0,0,2.46,0.0
izmir,warszawa,2868.2,27.24,105.28,0.85,0.81,0,0,2.49,0.0
izmir,vienna,2459.86,22.5,109.35,0.85,1.09,0,0,2.91,0.0
izmir,budapest,2296.32,20.61,111.44,0.85,1.1,0,0,2.92,0.0
izmir,stockholm,4500.48,37.69,119.41,0.85,0.45,0,0,1.95,0.0
izmir,munich,2799.2,26.96,103.84,0.85,0.52,0,0,2.06,0.0
izmir,valencia,4253.84,35.5,119.83,0.85,0.86,0,0,2.56,0.0
izmir,dublin,4351.87,38.12,114.16,0.85,4.67,0,0,8.28,0.0
izmir,lyon,3336.88,30.6,109.04,0.85,0.5,0,0,2.02,0.0
izmir,prague,2798.56,25.84,108.3,0.85,0.91,0,0,2.64,0.0
izmir,brussels,3557.6,31.13,114.3,0.85,1.08,0,0,2.9,0.0
izmir,rotterdam,3578.56,31.5,113.59,0.85,0.45,0,0,1.95,0.0
izmir,sofia,1429.86,12.41,115.23,0.85,1.4,0,0,3.38,0.0
izmir,adana,1217.95,9.64,126.38,0.85,1.88,"30 Std., 53 Min.",1853,4.1,1889.1
izmir,birmingham,4112.5,35.64,115.39,0.85,0.19,0,0,1.56,0.0
izmir,köln,3340.99,29.85,111.92,0.85,1.04,0,0,2.84,0.0
izmir,amsterdam,3591.11,31.74,113.14,0.85,0.81,0,0,2.49,0.0
izmir,porto,5107.57,42.48,120.24,0.85,0.45,0,0,1.95,0.0
izmir,marseille,3415.53,31.53,108.32,0.85,0.64,0,0,2.24,0.0
izmir,lille,3664.1,32.07,114.24,0.85,0.94,0,0,2.68,0.0
izmir,sevilla,4981.33,37.31,133.52,0.85,0.73,0,0,2.37,0.0
izmir,torino,3034.83,28.09,108.03,0.85,1.27,0,0,3.18,0.0
izmir,konya,846.96,6.05,140.0,0.85,0.73,"12 Std., 56 Min.",776,2.37,810.37
izmir,kraków,2672.93,26.08,102.5,0.85,0.8,0,0,2.48,0.0
izmir,hague,4001.87,33.6,119.09,0.85,0.73,0,0,2.37,0.0
izmir,bilbao,4451.12,38.17,116.6,0.85,0.31,0,0,1.74,0.0
izmir,leeds,4222.77,36.53,115.6,0.85,0.18,0,0,1.55,0.0
izmir,frankfurt am main,3161.56,29.05,108.83,0.85,1.47,0,0,3.48,0.0
izmir,zagreb,2232.37,21.8,102.42,0.85,1.2,0,0,3.08,0.0
izmir,bordeaux,3956.19,35.77,110.61,0.85,2.37,0,0,4.83,0.0
izmir,toulouse,3812.97,33.24,114.71,0.85,1.06,0,0,2.86,0.0
izmir,göteborg,4199.66,36.1,116.32,0.85,0.46,0,0,1.97,0.0
izmir,zürich,3038.32,28.92,105.04,0.85,0.1,0,0,1.42,0.0
izmir,oslo,4535.78,38.19,118.77,0.85,0.12,0,0,1.45,0.0
izmir,zaragoza,4227.21,34.55,122.34,0.85,1.58,0,0,3.65,0.0
izmir,helsinki,3965.32,37.42,105.98,0.85,0.72,0,0,2.35,0.0
izmir,wroclaw,2767.61,26.01,106.42,0.85,0.1,0,0,1.42,0.0
izmir,lodz,2867.24,27.74,103.38,0.85,0.2,0,0,1.58,0.0
izmir,stuttgart,3037.44,28.41,106.91,0.85,0.3,0,0,1.72,0.0
izmir,palermo,3611.12,30.69,117.67,0.85,0.84,0,0,2.53,0.0
izmir,düsseldorf,3374.21,30.04,112.33,0.85,1.13,0,0,2.97,0.0
izmir,glasgow,4570.83,41.13,111.14,0.85,0.45,0,0,1.95,0.0
izmir,leipzig,3056.83,28.26,108.16,0.85,0.9,0,0,2.62,0.0
izmir,riga,3519.51,33.36,105.51,0.85,0.37,0,0,1.83,0.0
izmir,dortmund,3396.77,31.24,108.71,0.85,0.4,0,0,1.88,0.0
izmir,málaga,4914.6,37.16,132.26,0.85,0.7,0,0,2.32,0.0
izmir,vilnius,3260.63,30.4,107.25,0.85,2.03,0,0,4.32,0.0
izmir,essen,3408.5,30.41,112.08,0.85,0.62,0,0,2.2,0.0
izmir,sheffield,4184.28,36.4,114.96,0.85,0.41,0,0,1.89,0.0
izmir,kayseri,1095.29,8.62,127.14,0.85,0.36,"19 Std., 42 Min.",1182,1.82,1215.82
izmir,bremen,3419.65,31.21,109.56,0.85,0.91,0,0,2.64,0.0
izmir,dresden,2939.67,27.4,107.27,0.85,1.12,0,0,2.96,0.0
izmir,genova,3022.85,28.44,106.27,0.85,0.43,0,0,1.92,0.0
izmir,københavn,3870.67,34.26,112.99,0.85,0.18,0,0,1.55,0.0
izmir,manchester,4223.47,36.23,116.57,0.85,0.6,0,0,2.17,0.0
izmir,poznan,2929.64,27.55,106.35,0.85,1.07,0,0,2.88,0.0
izmir,hannover,3301.51,30.51,108.23,0.85,0.96,0,0,2.72,0.0
izmir,antwerpen,3564.55,31.6,112.81,0.85,1.48,0,0,3.5,0.0
izmir,bradford,4242.5,36.75,115.44,0.85,0.35,0,0,1.8,0.0
izmir,nürnberg,2939.59,27.59,106.56,0.85,1.0,0,0,2.78,0.0
izmir,edinburgh,4555.37,39.64,114.91,0.85,0.14,0,0,1.48,0.0
izmir,duisburg,3396.96,30.19,112.52,0.85,0.87,0,0,2.58,0.0
bucarest,lisboa,4166.92,33.39,124.78,3.02,1.75,91 Std.,5460,7.15,5499.15
bucarest,hamburg,1985.32,18.21,109.0,3.02,0.79,"28 Std., 13 Min.",1693,5.72,1730.72
bucarest,warszawa,1291.53,12.21,105.74,3.02,0.81,"28 Std., 35 Min.",1715,5.74,1752.74
bucarest,vienna,1103.04,10.58,104.3,3.02,1.09,"18 Std., 40 Min.",1120,6.17,1158.17
bucarest,budapest,995.96,9.94,100.16,3.02,1.1,"15 Std., 20 Min.",920,6.18,958.18
bucarest,stockholm,3102.6,25.22,123.0,3.02,0.45,"40 Std., 18 Min.",2418,5.2,2455.2
bucarest,munich,1515.51,13.33,113.7,3.02,0.52,"22 Std., 52 Min.",1372,5.31,1409.31
bucarest,valencia,3183.63,26.11,121.92,3.02,0.86,"53 Std., 22 Min.",3202,5.82,3239.82
bucarest,dublin,3020.79,24.49,123.36,3.02,4.67,49 Std. 27 Min.,2967,11.54,3010.54
bucarest,lyon,2266.68,21.22,106.83,3.02,0.5,"30 Std., 55 Min.",1855,5.28,1892.28
bucarest,prague,1426.58,13.98,102.06,3.02,0.91,"23 Std., 31 Min.",1411,5.9,1448.9
bucarest,brussels,2226.53,17.49,127.29,3.02,1.08,"30 Std., 7 Min.",1807,6.15,1845.15
bucarest,rotterdam,2247.48,17.87,125.77,3.02,0.45,"31 Std., 22 Min.",1882,5.2,1919.2
bucarest,sofia,501.18,6.11,82.02,3.02,1.4,0,0,6.63,0.0
bucarest,adana,1833.92,15.98,114.78,3.02,1.88,"49 Std., 56 Min.",2996,7.35,3035.35
bucarest,birmingham,2781.42,22.0,126.4,3.02,0.19,35 Std. 42 Min.,2142,4.81,2178.81
bucarest,köln,2009.92,16.22,123.94,3.02,1.04,"27 Std., 25 Min.",1645,6.09,1683.09
bucarest,amsterdam,2260.03,18.11,124.82,3.02,0.81,"31 Std., 49 Min.",1909,5.74,1946.74
bucarest,porto,4029.1,31.7,127.12,3.02,0.45,"56 Std., 38 Min.",3398,5.2,3435.2
bucarest,marseille,2345.33,22.15,105.9,3.02,0.64,"41 Std., 24 Min.",2484,5.49,2521.49
bucarest,lille,2333.02,18.44,126.53,3.02,0.94,"30 Std., 8 Min.",1808,5.94,1845.94
bucarest,sevilla,3911.12,27.92,140.08,3.02,0.73,"53 Std., 2 Min.",3182,5.62,3219.62
bucarest,torino,1964.62,18.71,105.02,3.02,1.27,"29 Std., 50 Min.",1790,6.44,1828.44
bucarest,konya,1462.93,12.39,118.06,3.02,0.73,"26 Std., 19 Min.",1579,5.62,1616.62
bucarest,kraków,1149.39,10.89,105.55,3.02,0.8,"26 Std., 55 Min.",1615,5.73,1652.73
bucarest,hague,2718.18,19.97,136.08,3.02,0.73,"32 Std., 4 Min.",1924,5.62,1961.62
bucarest,bilbao,3372.65,27.39,123.13,3.02,0.31,"44 Std., 41 Min.",2681,5.0,2718.0
bucarest,leeds,2891.69,22.9,126.3,3.02,0.18,37 Std. 10 Min.,2230,4.8,2266.8
bucarest,frankfurt am main,1830.49,15.42,118.74,3.02,1.47,"25 Std., 56 Min.",1556,6.74,1594.74
bucarest,zagreb,1162.17,12.41,93.64,3.02,1.2,"26 Std., 20 Min.",1580,6.33,1618.33
bucarest,bordeaux,2853.13,23.46,121.62,3.02,2.37,"31 Std., 10 Min.",1870,8.09,1910.09
bucarest,toulouse,2742.77,23.85,114.99,3.02,1.06,"34 Std., 12 Min.",2052,6.12,2090.12
bucarest,göteborg,2801.78,23.64,118.52,3.02,0.46,"40 Std., 5 Min.",2405,5.22,2442.22
bucarest,zürich,1840.77,15.84,116.24,3.02,0.1,"26 Std., 47 Min.",1607,4.68,1643.68
bucarest,oslo,3137.91,25.73,121.98,3.02,0.12,"44 Std., 30 Min.",2670,4.71,2706.71
bucarest,zaragoza,3157.01,25.17,125.44,3.02,1.58,"48 Std., 42 Min.",2922,6.9,2960.9
bucarest,helsinki,2388.66,22.39,106.7,3.02,0.72,0,0,5.61,0.0
bucarest,wroclaw,1366.14,13.92,98.15,3.02,0.1,"27 Std., 31 Min.",1651,4.68,1687.68
bucarest,lodz,1290.54,13.5,95.62,3.02,0.2,"28 Std., 53 Min.",1733,4.83,1769.83
bucarest,stuttgart,1753.75,14.78,118.64,3.02,0.3,"25 Std., 3 Min.",1503,4.98,1539.98
bucarest,palermo,2540.92,21.3,119.27,3.02,0.84,"50 Std., 50 Min.",3050,5.79,3087.79
bucarest,düsseldorf,2043.14,16.4,124.55,3.02,1.13,"27 Std., 56 Min.",1676,6.22,1714.22
bucarest,glasgow,3239.75,27.49,117.84,3.02,0.45,"41 Std., 45 Min.",2505,5.2,2542.2
bucarest,leipzig,1684.85,16.4,102.75,3.02,0.9,26 Std. 3 Min.,1563,5.88,1600.88
bucarest,riga,1942.84,18.33,106.01,3.02,0.37,0,0,5.08,0.0
bucarest,dortmund,2065.69,17.61,117.3,3.02,0.4,29 Std.,1740,5.13,1777.13
bucarest,málaga,3844.39,27.77,138.42,3.02,0.7,"53 Std., 37 Min.",3217,5.58,3254.58
bucarest,vilnius,1683.96,15.37,109.55,3.02,2.03,0,0,7.58,0.0
bucarest,essen,2077.43,16.78,123.82,3.02,0.62,"28 Std., 22 Min.",1702,5.46,1739.46
bucarest,sheffield,2853.21,22.76,125.33,3.02,0.41,"34 Std., 20 Min.",2060,5.14,2097.14
bucarest,kayseri,1711.26,14.96,114.42,3.02,0.36,"37 Std., 16 Min.",2236,5.07,2273.07
bucarest,bremen,2035.73,19.63,103.68,3.02,0.91,27 Std. 43 Min.,1663,5.9,1700.9
bucarest,dresden,1567.69,15.54,100.88,3.02,1.12,"26 Std., 35 Min.",1595,6.21,1633.21
bucarest,genova,1952.64,19.06,102.45,3.02,0.43,29 Std. 48 Min.,1788,5.18,1825.18
bucarest,københavn,2472.79,21.79,113.48,3.02,0.18,"34 Std., 49 Min.",2089,4.8,2125.8
bucarest,manchester,2892.39,22.6,127.99,3.02,0.6,39 Std. 59 Min.,2399,5.43,2436.43
bucarest,poznan,1528.17,15.46,98.85,3.02,1.07,26 Std. 22 Min.,1582,6.14,1620.14
bucarest,hannover,1929.54,18.64,103.5,3.02,0.96,"26 Std., 52 Min.",1612,5.97,1649.97
bucarest,antwerpen,2233.48,17.96,124.33,3.02,1.48,"30 Std., 47 Min.",1847,6.75,1885.75
bucarest,bradford,2911.43,23.12,125.94,3.02,0.35,40 Std. 24 Min.,2424,5.06,2461.06
bucarest,nürnberg,1608.51,13.95,115.28,3.02,1.0,"23 Std., 47 Min.",1427,6.03,1465.03
bucarest,edinburgh,3224.29,26.01,123.98,3.02,0.14,42 Std. 23 Min.,2543,4.74,2579.74
bucarest,duisburg,2065.88,16.56,124.78,3.02,0.87,"28 Std., 9 Min.",1689,5.84,1726.84
lisboa,hamburg,2748.83,18.26,150.55,1.75,0.79,"46 Std., 36 Min.",2796,3.81,2831.81
lisboa,warszawa,3476.31,22.5,154.49,1.75,0.81,48 Std. 43 Min.,2923,3.84,2958.84
lisboa,vienna,3070.71,22.95,133.81,1.75,1.09,40 Std. 53 Min.,2453,4.26,2489.26
lisboa,budapest,3338.08,25.24,132.25,1.75,1.1,"51 Std., 2 Min.",3062,4.28,3098.28
lisboa,stockholm,3882.59,24.97,155.52,1.75,0.45,54 Std. 58 Min.,3298,3.3,3333.3
lisboa,munich,2651.42,20.07,132.1,1.75,0.52,"43 Std., 26 Min.",2606,3.4,2641.4
lisboa,valencia,1128.33,8.12,138.99,1.75,0.86,"19 Std., 43 Min.",1183,3.92,1218.92
lisboa,dublin,2742.7,19.82,138.39,1.75,4.67,0,0,9.63,0.0
lisboa,lyon,1933.29,15.08,128.23,1.75,0.5,"28 Std., 36 Min.",1716,3.38,1751.38
lisboa,prague,2970.12,19.74,150.49,1.75,0.91,44 Std.,2640,3.99,2675.99
lisboa,brussels,2180.52,14.15,154.14,1.75,1.08,"39 Std., 47 Min.",2387,4.24,2423.24
lisboa,rotterdam,2318.4,15.23,152.22,1.75,0.45,"41 Std., 2 Min.",2462,3.3,2497.3
lisboa,sofia,3819.92,31.8,120.13,1.75,1.4,0,0,4.72,0.0
lisboa,adana,5481.35,44.62,122.84,1.75,1.88,0,0,5.44,0.0
lisboa,birmingham,2503.33,17.34,144.4,1.75,0.19,0,0,2.91,0.0
lisboa,köln,2351.02,15.46,152.11,1.75,1.04,"42 Std., 16 Min.",2536,4.19,2572.19
lisboa,amsterdam,2388.27,15.61,152.95,1.75,0.81,"41 Std., 50 Min.",2510,3.84,2545.84
lisboa,porto,400.38,2.75,145.65,1.75,0.45,"2 Std., 38 Min.",158,3.3,193.3
lisboa,marseille,1847.86,13.5,136.87,1.75,0.64,"28 Std., 32 Min.",1712,3.58,1747.58
lisboa,lille,2094.35,12.93,161.96,1.75,0.94,"39 Std., 48 Min.",2388,4.04,2424.04
lisboa,sevilla,639.13,4.86,131.45,1.75,0.73,10 Std. 30 Min.,630,3.72,665.72
lisboa,torino,2216.1,16.18,136.94,1.75,1.27,32 Std. 33 Min.,1953,4.53,1989.53
lisboa,konya,5110.36,41.03,124.54,1.75,0.73,47 Std. 48 Min.,2868,3.72,2903.72
lisboa,kraków,3411.31,22.64,150.67,1.75,0.8,"54 Std., 50 Min.",3290,3.82,3325.82
lisboa,hague,2027.15,13.6,149.11,1.75,0.73,"41 Std., 31 Min.",2491,3.72,2526.72
lisboa,bilbao,1003.59,7.58,132.48,1.75,0.31,"25 Std., 15 Min.",1515,3.09,1550.09
lisboa,leeds,2613.6,18.23,143.39,1.75,0.18,34 Std. 9 Min.,2049,2.9,2083.9
lisboa,frankfurt am main,2435.19,15.09,161.37,1.75,1.47,"41 Std., 59 Min.",2519,4.83,2555.83
lisboa,zagreb,3013.03,22.39,134.6,1.75,1.2,46 Std. 21 Min.,2781,4.42,2817.42
lisboa,bordeaux,1313.81,9.93,132.34,1.75,2.37,26 Std. 35 Min.,1595,6.18,1633.18
lisboa,toulouse,1432.63,10.95,130.88,1.75,1.06,24 Std. 1 Min.,1441,4.22,1477.22
lisboa,göteborg,3581.77,23.38,153.2,1.75,0.46,51 Std. 8 Min.,3068,3.32,3103.32
lisboa,zürich,2343.09,17.43,134.43,1.75,0.1,"41 Std., 28 Min.",2488,2.78,2522.78
lisboa,oslo,3917.89,25.47,153.84,1.75,0.12,56 Std. 32 Min.,3392,2.8,3426.8
lisboa,zaragoza,1119.24,7.7,145.45,1.75,1.58,12 Std. 49 Min.,769,5.0,806.0
lisboa,helsinki,4350.66,32.55,133.65,1.75,0.72,80 Std. 58 Min.,4858,3.7,4893.7
lisboa,wroclaw,3154.97,20.49,154.01,1.75,0.1,45 Std. 46 Min.,2746,2.78,2780.78
lisboa,lodz,3375.82,22.87,147.58,1.75,0.2,48 Std. 57 Min.,2937,2.92,2971.92
lisboa,stuttgart,2456.67,14.78,166.21,1.75,0.3,"41 Std., 4 Min.",2464,3.08,2499.08
lisboa,palermo,3211.91,22.53,142.54,1.75,0.84,68 Std. 10 Min.,4090,3.88,4125.88
lisboa,düsseldorf,2369.42,15.77,150.2,1.75,1.13,"43 Std., 36 Min.",2616,4.32,2652.32
lisboa,glasgow,2961.65,22.82,129.76,1.75,0.45,0,0,3.3,0.0
lisboa,leipzig,2803.8,17.66,158.78,1.75,0.9,"45 Std., 24 Min.",2724,3.98,2759.98
lisboa,riga,3904.85,28.49,137.05,1.75,0.37,0,0,3.18,0.0
lisboa,dortmund,2439.69,16.38,148.96,1.75,0.4,"44 Std., 21 Min.",2661,3.22,2696.22
lisboa,málaga,753.95,5.59,134.95,1.75,0.7,13 Std. 23 Min.,803,3.68,838.68
lisboa,vilnius,3831.66,27.57,138.96,1.75,2.03,0,0,5.67,0.0
lisboa,essen,2405.56,16.06,149.77,1.75,0.62,"44 Std., 2 Min.",2642,3.56,2677.56
lisboa,sheffield,2575.11,18.1,142.31,1.75,0.41,33 Std. 51 Min.,2031,3.24,2066.24
lisboa,kayseri,5358.69,43.6,122.91,1.75,0.36,0,0,3.16,0.0
lisboa,bremen,2648.7,17.63,150.23,1.75,0.91,"46 Std., 15 Min.",2775,3.99,2810.99
lisboa,dresden,2919.99,18.49,157.93,1.75,1.12,"46 Std., 39 Min.",2799,4.31,2835.31
lisboa,genova,2247.91,16.64,135.06,1.75,0.43,42 Std. 24 Min.,2544,3.27,2579.27
lisboa,københavn,3252.78,21.53,151.06,1.75,0.18,46 Std. 54 Min.,2814,2.9,2848.9
lisboa,manchester,2614.3,17.93,145.82,1.75,0.6,34 Std. 48 Min.,2088,3.52,2123.52
lisboa,poznan,3166.01,20.28,156.12,1.75,1.07,46 Std. 7 Min.,2767,4.23,2803.23
lisboa,hannover,2645.63,17.4,152.02,1.75,0.96,34 Std. 50 Min.,2090,4.06,2126.06
lisboa,antwerpen,2224.96,14.49,153.51,1.75,1.48,"40 Std., 27 Min.",2427,4.85,2463.85
lisboa,bradford,2633.33,18.45,142.74,1.75,0.35,34 Std. 49 Min.,2089,3.15,2124.15
lisboa,nürnberg,2619.27,16.36,160.05,1.75,1.0,"44 Std., 20 Min.",2660,4.12,2696.12
lisboa,edinburgh,2946.2,21.34,138.07,1.75,0.14,36 Std. 31 Min.,2191,2.84,2225.84
lisboa,duisburg,2387.11,15.93,149.89,1.75,0.87,"43 Std., 49 Min.",2629,3.93,2664.93
hamburg,warszawa,863.24,5.49,157.16,0.79,0.81,"7 Std., 24 Min.",444,2.4,478.4
hamburg,vienna,983.14,8.09,121.49,0.79,1.09,"8 Std., 45 Min.",525,2.82,559.82
hamburg,budapest,1314.72,11.64,112.98,0.79,1.1,12 Std.,720,2.84,754.84
hamburg,stockholm,1133.76,6.71,169.04,0.79,0.45,"10 Std., 40 Min.",640,1.86,673.86
hamburg,munich,750.26,5.53,135.68,0.79,0.52,"5 Std., 39 Min.",339,1.97,372.97
hamburg,valencia,2148.22,14.37,149.5,0.79,0.86,25 Std. 8 Min.,1508,2.48,1542.48
hamburg,dublin,1374.62,10.98,125.15,0.79,4.67,19 Std. 44 Min.,1184,8.19,1224.19
hamburg,lyon,1162.05,8.88,130.91,0.79,0.5,"9 Std., 32 Min.",572,1.94,605.94
hamburg,prague,649.92,5.58,116.41,0.79,0.91,"6 Std., 31 Min.",391,2.55,425.55
hamburg,brussels,587.76,4.34,135.57,0.79,1.08,"6 Std., 4 Min.",364,2.8,398.8
hamburg,rotterdam,498.74,3.54,140.92,0.79,0.45,"5 Std., 35 Min.",335,1.86,368.86
hamburg,sofia,1957.71,18.29,107.01,0.79,1.4,0,0,3.28,0.0
hamburg,adana,3619.14,31.12,116.3,0.79,1.88,"97 Std., 42 Min.",5862,4.0,5898.0
hamburg,birmingham,1135.24,8.5,133.54,0.79,0.19,"10 Std., 54 Min.",654,1.47,687.47
hamburg,köln,420.8,3.26,129.14,0.79,1.04,"3 Std., 35 Min.",215,2.74,249.74
hamburg,amsterdam,467.38,3.35,139.38,0.79,0.81,"5 Std., 9 Min.",309,2.4,343.4
hamburg,porto,2611.1,16.57,157.62,0.79,0.45,"35 Std., 54 Min.",2154,1.86,2187.86
hamburg,marseille,1478.78,10.56,140.09,0.79,0.64,"11 Std., 22 Min.",682,2.15,716.15
hamburg,lille,688.5,4.93,139.79,0.79,0.94,"7 Std., 29 Min.",449,2.6,483.6
hamburg,sevilla,2715.18,15.2,178.68,0.79,0.73,"29 Std., 52 Min.",1792,2.28,1826.28
hamburg,torino,1239.45,8.25,150.32,0.79,1.27,"12 Std., 16 Min.",736,3.09,771.09
hamburg,konya,3248.15,27.53,117.98,0.79,0.73,15 Std. 53 Min.,953,2.28,987.28
hamburg,kraków,875.53,6.45,135.84,0.79,0.8,"9 Std., 15 Min.",555,2.39,589.39
hamburg,hague,1209.14,8.03,150.63,0.79,0.73,"5 Std., 31 Min.",331,2.28,365.28
hamburg,bilbao,1954.65,12.26,159.43,0.79,0.31,"21 Std., 35 Min.",1295,1.65,1328.65
hamburg,leeds,1245.52,9.39,132.61,0.79,0.18,"11 Std., 58 Min.",718,1.45,751.45
hamburg,frankfurt am main,498.67,3.09,161.31,0.79,1.47,"3 Std., 26 Min.",206,3.39,241.39
hamburg,zagreb,1287.46,10.92,117.85,0.79,1.2,"16 Std., 26 Min.",986,2.99,1020.99
hamburg,bordeaux,1435.11,8.34,172.15,0.79,2.37,"11 Std., 20 Min.",680,4.74,716.74
hamburg,toulouse,1600.34,11.55,138.59,0.79,1.06,"13 Std., 23 Min.",803,2.78,837.78
hamburg,göteborg,832.94,5.12,162.65,0.79,0.46,"8 Std., 12 Min.",492,1.88,525.88
hamburg,zürich,908.33,5.93,153.16,0.79,0.1,"7 Std., 36 Min.",456,1.34,489.34
hamburg,oslo,1169.07,7.21,162.2,0.79,0.12,"12 Std., 54 Min.",774,1.36,807.36
hamburg,zaragoza,2003.85,12.57,159.37,0.79,1.58,"22 Std., 56 Min.",1376,3.56,1411.56
hamburg,helsinki,1698.56,16.51,102.88,0.79,0.72,31 Std. 14 Min.,1874,2.26,1908.26
hamburg,wroclaw,619.19,4.29,144.34,0.79,0.1,"6 Std., 13 Min.",373,1.34,406.34
hamburg,lodz,792.39,6.11,129.59,0.79,0.2,"7 Std., 42 Min.",462,1.48,495.48
hamburg,stuttgart,670.78,4.59,146.04,0.79,0.3,"5 Std., 2 Min.",302,1.64,335.64
hamburg,palermo,2085.92,12.76,163.46,0.79,0.84,"28 Std., 3 Min.",1683,2.44,1717.44
hamburg,düsseldorf,386.67,2.5,154.43,0.79,1.13,"3 Std., 10 Min.",190,2.88,224.88
hamburg,glasgow,1593.57,13.99,113.92,0.79,0.45,15 Std. 20 Min.,920,1.86,953.86
hamburg,leipzig,364.24,2.96,122.89,0.79,0.9,"3 Std., 7 Min.",187,2.53,221.53
hamburg,riga,1252.75,12.45,100.62,0.79,0.37,0,0,1.74,0.0
hamburg,dortmund,326.9,2.54,128.75,0.79,0.4,"2 Std., 46 Min.",166,1.78,199.78
hamburg,málaga,2648.45,15.05,175.99,0.79,0.7,"30 Std., 27 Min.",1827,2.24,1861.24
hamburg,vilnius,1179.56,11.53,102.29,0.79,2.03,0,0,4.23,0.0
hamburg,essen,354.22,2.22,159.37,0.79,0.62,"2 Std., 43 Min.",163,2.12,197.12
hamburg,sheffield,1207.03,9.26,130.34,0.79,0.41,"11 Std., 50 Min.",710,1.8,743.8
hamburg,kayseri,3496.48,30.1,116.17,0.79,0.36,"85 Std., 2 Min.",5102,1.72,5135.72
hamburg,bremen,115.98,0.72,161.51,0.79,0.91,54 Min.,54,2.55,88.55
hamburg,dresden,458.7,3.99,114.98,0.79,1.12,"3 Std., 52 Min.",232,2.86,266.86
hamburg,genova,1278.48,8.65,147.83,0.79,0.43,"12 Std., 59 Min.",779,1.83,812.83
hamburg,københavn,503.96,3.27,153.94,0.79,0.18,"4 Std., 42 Min.",282,1.45,315.45
hamburg,manchester,1246.22,9.09,137.04,0.79,0.6,"11 Std., 50 Min.",710,2.08,744.08
hamburg,poznan,552.94,3.27,169.07,0.79,1.07,"4 Std., 54 Min.",294,2.79,328.79
hamburg,hannover,165.63,1.38,119.81,0.79,0.96,"1 Std., 13 Min.",73,2.62,107.62
hamburg,antwerpen,552.26,3.76,146.85,0.79,1.48,"6 Std., 40 Min.",400,3.4,435.4
hamburg,bradford,1265.25,9.61,131.61,0.79,0.35,"12 Std., 30 Min.",750,1.71,783.71
hamburg,nürnberg,577.42,4.66,123.91,0.79,1.0,"4 Std., 22 Min.",262,2.68,296.68
hamburg,edinburgh,1578.12,12.5,126.22,0.79,0.14,"13 Std., 50 Min.",830,1.4,863.4
hamburg,duisburg,362.37,2.33,155.46,0.79,0.87,"3 Std., 1 Min.",181,2.49,215.49
warszawa,vienna,656.66,5.13,128.11,0.81,1.09,"7 Std., 31 Min.",451,2.85,485.85
warszawa,budapest,973.98,8.8,110.69,0.81,1.1,"10 Std., 10 Min.",610,2.86,644.86
warszawa,stockholm,1934.0,12.91,149.78,0.81,0.45,"20 Std., 33 Min.",1233,1.89,1266.89
warszawa,munich,1075.93,8.01,134.4,0.81,0.52,"10 Std., 3 Min.",603,2.0,637.0
warszawa,valencia,2694.45,17.43,154.59,0.81,0.86,30 Std. 54 Min.,1854,2.5,1888.5
warszawa,dublin,2109.67,16.32,129.23,0.81,4.67,29 Std. 53 Min.,1793,8.22,1833.22
warszawa,lyon,1708.28,11.94,143.11,0.81,0.5,"18 Std., 8 Min.",1088,1.97,1121.97
warszawa,prague,665.81,6.17,107.91,0.81,0.91,"8 Std., 2 Min.",482,2.58,516.58
warszawa,brussels,1316.46,9.4,140.06,0.81,1.08,"12 Std., 35 Min.",755,2.84,789.84
warszawa,rotterdam,1240.56,8.68,142.93,0.81,0.45,"12 Std., 40 Min.",760,1.89,793.89
warszawa,sofia,1517.85,15.03,101.01,0.81,1.4,0,0,3.32,0.0
warszawa,adana,3104.14,27.68,112.13,0.81,1.88,0,0,4.04,0.0
warszawa,birmingham,1870.3,13.84,135.12,0.81,0.19,18 Std. 49 Min.,1129,1.5,1162.5
warszawa,köln,1131.75,7.66,147.69,0.81,1.04,"10 Std., 15 Min.",615,2.78,649.78
warszawa,amsterdam,1209.2,8.49,142.37,0.81,0.81,"11 Std., 59 Min.",719,2.43,753.43
warszawa,porto,3338.49,20.8,160.48,0.81,0.45,49 Std. 43 Min.,2983,1.89,3016.89
warszawa,marseille,2023.73,15.86,127.59,0.81,0.64,"20 Std., 57 Min.",1257,2.18,1291.18
warszawa,lille,1423.55,10.27,138.66,0.81,0.94,"13 Std., 30 Min.",810,2.62,844.62
warszawa,sevilla,3421.94,19.24,177.87,0.81,0.73,36 Std. 43 Min.,2203,2.31,2237.31
warszawa,torino,1643.02,12.42,132.27,0.81,1.27,21 Std. 18 Min.,1278,3.12,1313.12
warszawa,konya,2733.15,24.1,113.42,0.81,0.73,14 Std. 29 Min.,869,2.31,903.31
warszawa,kraków,298.21,2.18,137.05,0.81,0.8,"2 Std., 18 Min.",138,2.42,172.42
warszawa,hague,1937.85,13.09,148.03,0.81,0.73,"12 Std., 36 Min.",756,2.31,790.31
warszawa,bilbao,2682.03,16.5,162.56,0.81,0.31,"29 Std., 21 Min.",1761,1.68,1794.68
warszawa,leeds,1980.57,14.73,134.43,0.81,0.18,20 Std. 17 Min.,1217,1.48,1250.48
warszawa,frankfurt am main,1042.84,7.46,139.74,0.81,1.47,"9 Std., 44 Min.",584,3.42,619.42
warszawa,zagreb,1021.38,9.17,111.43,0.81,1.2,"16 Std., 2 Min.",962,3.01,997.01
warszawa,bordeaux,2162.5,12.57,171.98,0.81,2.37,"20 Std., 58 Min.",1258,4.77,1294.77
warszawa,toulouse,2245.72,16.87,133.13,0.81,1.06,"22 Std., 20 Min.",1340,2.8,1374.8
warszawa,göteborg,1633.18,11.33,144.2,0.81,0.46,"17 Std., 20 Min.",1040,1.9,1073.9
warszawa,zürich,1388.11,13.12,105.81,0.81,0.1,14 Std.,840,1.36,873.36
warszawa,oslo,1969.3,13.41,146.82,0.81,0.12,24 Std. 45 Min.,1485,1.4,1518.4
warszawa,zaragoza,2667.83,16.48,161.84,0.81,1.58,"28 Std., 42 Min.",1722,3.58,1757.58
warszawa,helsinki,1233.3,11.23,109.78,0.81,0.72,0,0,2.3,0.0
warszawa,wroclaw,376.14,3.24,115.92,0.81,0.1,"3 Std., 31 Min.",211,1.36,244.36
warszawa,lodz,135.47,1.04,130.1,0.81,0.2,"1 Std., 6 Min.",66,1.52,99.52
warszawa,stuttgart,1166.42,8.14,143.33,0.81,0.3,"11 Std., 38 Min.",698,1.67,731.67
warszawa,palermo,2220.89,15.12,146.86,0.81,0.84,"33 Std., 54 Min.",2034,2.48,2068.48
warszawa,düsseldorf,1108.57,7.66,144.8,0.81,1.13,"10 Std., 7 Min.",607,2.91,641.91
warszawa,glasgow,2328.63,19.33,120.47,0.81,0.45,25 Std. 1 Min.,1501,1.89,1534.89
warszawa,leipzig,677.65,5.39,125.66,0.81,0.9,"7 Std., 15 Min.",435,2.56,469.56
warszawa,riga,787.49,7.17,109.76,0.81,0.37,0,0,1.77,0.0
warszawa,dortmund,1037.84,6.94,149.47,0.81,0.4,"9 Std., 10 Min.",550,1.82,583.82
warszawa,málaga,3355.21,19.09,175.75,0.81,0.7,37 Std. 43 Min.,2263,2.26,2297.26
warszawa,vilnius,535.97,4.87,110.09,0.81,2.03,0,0,4.26,0.0
warszawa,essen,1072.85,7.28,147.3,0.81,0.62,"9 Std., 35 Min.",575,2.15,609.15
warszawa,sheffield,1942.08,14.6,133.0,0.81,0.41,18 Std. 49 Min.,1129,1.83,1162.83
warszawa,kayseri,2981.48,26.66,111.83,0.81,0.36,"75 Std., 3 Min.",4503,1.75,4536.75
warszawa,bremen,913.65,6.91,132.16,0.81,0.91,"8 Std., 39 Min.",519,2.58,553.58
warszawa,dresden,635.88,5.41,117.52,0.81,1.12,"7 Std., 27 Min.",447,2.9,481.9
warszawa,genova,1631.04,12.77,127.69,0.81,0.43,"21 Std., 18 Min.",1278,1.86,1311.86
warszawa,københavn,1304.19,9.48,137.59,0.81,0.18,"12 Std., 38 Min.",758,1.48,791.48
warszawa,manchester,1981.27,14.44,137.25,0.81,0.6,22 Std. 50 Min.,1370,2.12,1404.12
warszawa,poznan,312.37,2.17,144.17,0.81,1.07,"2 Std., 18 Min.",138,2.82,172.82
warszawa,hannover,834.8,5.66,147.37,0.81,0.96,7 Std.,420,2.66,454.66
warszawa,antwerpen,1291.4,9.16,141.04,0.81,1.48,"13 Std., 30 Min.",810,3.44,845.44
warszawa,bradford,2000.3,14.96,133.75,0.81,0.35,23 Std. 31 Min.,1411,1.74,1444.74
warszawa,nürnberg,979.44,6.68,146.63,0.81,1.0,"8 Std., 57 Min.",537,2.72,571.72
warszawa,edinburgh,2313.17,17.84,129.63,0.81,0.14,"20 Std., 43 Min.",1243,1.43,1276.43
warszawa,duisburg,1091.03,7.4,147.49,0.81,0.87,"9 Std., 48 Min.",588,2.52,622.52
vienna,budapest,361.21,3.68,98.09,1.09,1.1,"2 Std., 20 Min.",140,3.29,175.29
vienna,stockholm,2100.42,15.1,139.07,1.09,0.45,20 Std. 25 Min.,1225,2.31,1259.31
vienna,munich,419.29,2.88,145.58,1.09,0.52,"3 Std., 58 Min.",238,2.42,272.42
vienna,valencia,2157.2,14.31,150.73,1.09,0.86,24 Std. 26 Min.,1466,2.92,1500.92
vienna,dublin,1924.58,14.04,137.09,1.09,4.67,23 Std. 17 Min.,1397,8.64,1437.64
vienna,lyon,1171.04,8.82,132.78,1.09,0.5,"12 Std., 28 Min.",748,2.39,782.39
vienna,prague,350.64,2.9,121.09,1.09,0.91,4 Std.,240,3.0,275.0
vienna,brussels,1130.31,7.04,160.48,1.09,1.08,"10 Std., 22 Min.",622,3.26,657.26
vienna,rotterdam,1151.27,7.42,155.13,1.09,0.45,"11 Std., 42 Min.",702,2.31,736.31
vienna,sofia,1034.37,10.11,102.3,1.09,1.4,0,0,3.74,0.0
vienna,adana,2695.8,22.94,117.54,1.09,1.88,"74 Std., 3 Min.",4443,4.46,4479.46
vienna,birmingham,1685.21,11.56,145.82,1.09,0.19,15 Std. 19 Min.,919,1.92,952.92
vienna,köln,913.7,5.77,158.38,1.09,1.04,"7 Std., 52 Min.",472,3.2,507.2
vienna,amsterdam,1163.81,7.66,151.96,1.09,0.81,"11 Std., 16 Min.",676,2.85,710.85
vienna,porto,2932.89,21.25,138.04,1.09,0.45,43 Std. 35 Min.,2615,2.31,2649.31
vienna,marseille,1367.09,10.74,127.35,1.09,0.64,"14 Std., 17 Min.",857,2.6,891.6
vienna,lille,1236.8,7.99,154.78,1.09,0.94,"11 Std., 17 Min.",677,3.05,712.05
vienna,sevilla,2884.7,16.12,178.95,1.09,0.73,"33 Std., 29 Min.",2009,2.73,2043.73
vienna,torino,986.38,7.3,135.18,1.09,1.27,"11 Std., 2 Min.",662,3.54,697.54
vienna,konya,2324.81,19.35,120.16,1.09,0.73,5 Std. 56 Min.,356,2.73,390.73
vienna,kraków,422.16,4.05,104.31,1.09,0.8,"5 Std., 12 Min.",312,2.84,346.84
vienna,hague,1621.96,9.53,170.26,1.09,0.73,13 Std. 43 Min.,823,2.73,857.73
vienna,bilbao,2276.43,16.94,134.37,1.09,0.31,"22 Std., 6 Min.",1326,2.1,1360.1
vienna,leeds,1795.48,12.45,144.24,1.09,0.18,16 Std. 23 Min.,983,1.9,1016.9
vienna,frankfurt am main,734.27,4.97,147.81,1.09,1.47,"6 Std., 23 Min.",383,3.84,418.84
vienna,zagreb,367.92,3.42,107.48,1.09,1.2,"6 Std., 22 Min.",382,3.44,417.44
vienna,bordeaux,1756.92,13.01,135.03,1.09,2.37,"12 Std., 22 Min.",742,5.19,779.19
vienna,toulouse,1716.34,12.05,142.41,1.09,1.06,"15 Std., 24 Min.",924,3.23,959.23
vienna,göteborg,1799.61,13.52,133.13,1.09,0.46,"20 Std., 7 Min.",1207,2.33,1241.33
vienna,zürich,744.56,5.39,138.18,1.09,0.1,"7 Std., 52 Min.",472,1.78,505.78
vienna,oslo,2135.73,15.6,136.87,1.09,0.12,24 Std. 32 Min.,1472,1.82,1505.82
vienna,zaragoza,2130.58,13.37,159.39,1.09,1.58,"22 Std., 14 Min.",1334,4.0,1370.0
vienna,helsinki,1829.99,17.41,105.11,1.09,0.72,44 Std. 27 Min.,2667,2.72,2701.72
vienna,wroclaw,439.49,4.58,96.03,1.09,0.1,"5 Std., 15 Min.",315,1.78,348.78
vienna,lodz,561.81,5.35,104.92,1.09,0.2,"7 Std., 58 Min.",478,1.94,511.94
vienna,stuttgart,657.53,4.33,151.71,1.09,0.3,"6 Std., 15 Min.",375,2.08,409.08
vienna,palermo,1564.25,10.0,156.48,1.09,0.84,"23 Std., 44 Min.",1424,2.9,1458.9
vienna,düsseldorf,946.92,5.96,158.98,1.09,1.13,"8 Std., 19 Min.",499,3.33,534.33
vienna,glasgow,2143.53,17.04,125.76,1.09,0.45,21 Std. 5 Min.,1265,2.31,1299.31
vienna,leipzig,651.95,6.17,105.68,1.09,0.9,"6 Std., 57 Min.",417,2.99,451.99
vienna,riga,1384.17,13.35,103.68,1.09,0.37,0,0,2.19,0.0
vienna,dortmund,969.47,7.16,135.36,1.09,0.4,"9 Std., 3 Min.",543,2.24,577.24
vienna,málaga,2817.96,15.97,176.42,1.09,0.7,"34 Std., 1 Min.",2041,2.68,2075.68
vienna,vilnius,1150.29,9.46,121.55,1.09,2.03,0,0,4.68,0.0
vienna,essen,981.21,6.33,155.04,1.09,0.62,"8 Std., 45 Min.",525,2.56,559.56
vienna,sheffield,1756.99,12.32,142.66,1.09,0.41,15 Std. 52 Min.,952,2.25,986.25
vienna,kayseri,2573.14,21.91,117.42,1.09,0.36,"61 Std., 23 Min.",3683,2.18,3717.18
vienna,bremen,1019.6,8.63,118.19,1.09,0.91,"8 Std., 37 Min.",517,3.0,552.0
vienna,dresden,539.61,4.82,112.04,1.09,1.12,"6 Std., 40 Min.",400,3.32,435.32
vienna,genova,974.41,7.65,127.41,1.09,0.43,"11 Std., 40 Min.",700,2.28,734.28
vienna,københavn,1470.62,11.67,126.02,1.09,0.18,"14 Std., 25 Min.",865,1.9,898.9
vienna,manchester,1796.18,12.15,147.84,1.09,0.6,16 Std. 47 Min.,1007,2.53,1041.53
vienna,poznan,604.19,5.66,106.73,1.09,1.07,"8 Std., 13 Min.",493,3.24,528.24
vienna,hannover,901.04,8.09,111.35,1.09,0.96,"7 Std., 18 Min.",438,3.08,473.08
vienna,antwerpen,1137.26,7.52,151.31,1.09,1.48,"10 Std., 53 Min.",653,3.86,688.86
vienna,bradford,1815.21,12.67,143.27,1.09,0.35,17 Std. 33 Min.,1053,2.16,1087.16
vienna,nürnberg,512.3,3.5,146.19,1.09,1.0,"4 Std., 14 Min.",254,3.14,289.14
vienna,edinburgh,2128.08,15.56,136.78,1.09,0.14,18 Std. 30 Min.,1110,1.84,1143.84
vienna,duisburg,969.67,6.11,158.75,1.09,0.87,"8 Std., 32 Min.",512,2.94,546.94
budapest,stockholm,2432.0,18.65,130.42,1.1,0.45,23 Std. 58 Min.,1438,2.33,1472.33
budapest,munich,773.68,6.43,120.23,1.1,0.52,"6 Std., 36 Min.",396,2.43,430.43
budapest,valencia,2346.5,16.56,141.72,1.1,0.86,"37 Std., 10 Min.",2230,2.94,2264.94
budapest,dublin,2278.97,17.59,129.53,1.1,4.67,27 Std. 20 Min.,1640,8.65,1680.65
budapest,lyon,1429.55,11.66,122.58,1.1,0.5,"14 Std., 40 Min.",880,2.4,914.4
budapest,prague,709.51,6.38,111.22,1.1,0.91,"6 Std., 44 Min.",404,3.02,439.02
budapest,brussels,1484.7,10.6,140.09,1.1,1.08,"13 Std., 52 Min.",832,3.27,867.27
budapest,rotterdam,1505.66,10.98,137.18,1.1,0.45,"15 Std., 7 Min.",907,2.33,941.33
budapest,sofia,870.84,8.22,105.92,1.1,1.4,0,0,3.75,0.0
budapest,adana,2532.26,21.05,120.32,1.1,1.88,"68 Std., 33 Min.",4113,4.47,4149.47
budapest,birmingham,2039.6,15.11,134.97,1.1,0.19,19 Std. 46 Min.,1186,1.94,1219.94
budapest,köln,1268.09,9.32,136.01,1.1,1.04,"11 Std., 10 Min.",670,3.21,705.21
budapest,amsterdam,1518.2,11.21,135.39,1.1,0.81,"14 Std., 49 Min.",889,2.86,923.86
budapest,porto,3200.24,23.54,135.96,1.1,0.45,47 Std. 3 Min.,2823,2.33,2857.33
budapest,marseille,1508.2,12.59,119.78,1.1,0.64,"18 Std., 36 Min.",1116,2.61,1150.61
budapest,lille,1591.19,11.55,137.82,1.1,0.94,"13 Std., 53 Min.",833,3.06,868.06
budapest,sevilla,3074.0,18.37,167.37,1.1,0.73,34 Std. 3 Min.,2043,2.74,2077.74
budapest,torino,1127.49,9.15,123.19,1.1,1.27,"13 Std., 35 Min.",815,3.56,850.56
budapest,konya,2161.28,17.46,123.8,1.1,0.73,3 Std.,180,2.74,214.74
budapest,kraków,711.7,7.22,98.56,1.1,0.8,"8 Std., 42 Min.",522,2.85,556.85
budapest,hague,1976.35,13.08,151.08,1.1,0.73,"15 Std., 11 Min.",911,2.74,945.74
budapest,bilbao,2543.78,19.23,132.26,1.1,0.31,25 Std. 45 Min.,1545,2.12,1579.12
budapest,leeds,2149.87,16.0,134.34,1.1,0.18,"18 Std., 36 Min.",1116,1.92,1149.92
budapest,frankfurt am main,1088.66,8.52,127.74,1.1,1.47,"9 Std., 41 Min.",581,3.86,616.86
budapest,zagreb,349.44,3.19,109.53,1.1,1.2,"8 Std., 51 Min.",531,3.45,566.45
budapest,bordeaux,2048.86,16.83,121.77,1.1,2.37,"14 Std., 55 Min.",895,5.2,932.2
budapest,toulouse,1905.64,14.3,133.28,1.1,1.06,21 Std. 8 Min.,1268,3.24,1303.24
budapest,göteborg,2131.18,17.06,124.9,1.1,0.46,"23 Std., 25 Min.",1405,2.34,1439.34
budapest,zürich,1097.31,9.13,120.14,1.1,0.1,"10 Std., 32 Min.",632,1.8,665.8
budapest,oslo,2467.31,19.15,128.85,1.1,0.12,28 Std. 5 Min.,1685,1.83,1718.83
budapest,zaragoza,2319.88,15.61,148.59,1.1,1.58,"25 Std., 2 Min.",1502,4.02,1538.02
budapest,helsinki,2147.3,21.08,101.85,1.1,0.72,50 Std.,3000,2.73,3034.73
budapest,wroclaw,756.81,8.25,91.74,1.1,0.1,"8 Std., 45 Min.",525,1.8,558.8
budapest,lodz,879.12,9.03,97.38,1.1,0.2,"11 Std., 13 Min.",673,1.95,706.95
budapest,stuttgart,1011.92,7.89,128.27,1.1,0.3,"8 Std., 48 Min.",528,2.1,562.1
budapest,palermo,1703.79,11.75,145.03,1.1,0.84,27 Std. 22 Min.,1642,2.91,1676.91
budapest,düsseldorf,1301.31,9.51,136.82,1.1,1.13,"11 Std., 41 Min.",701,3.34,736.34
budapest,glasgow,2497.92,20.6,121.26,1.1,0.45,"21 Std., 58 Min.",1318,2.33,1352.33
budapest,leipzig,988.35,9.22,107.21,1.1,0.9,"10 Std., 7 Min.",607,3.0,642.0
budapest,riga,1701.49,17.02,99.95,1.1,0.37,0,0,2.21,0.0
budapest,dortmund,1323.86,10.72,123.53,1.1,0.4,"12 Std., 32 Min.",752,2.25,786.25
budapest,málaga,3007.26,18.22,165.06,1.1,0.7,35 Std. 3 Min.,2103,2.7,2137.7
budapest,vilnius,1467.6,13.14,111.72,1.1,2.03,0,0,4.69,0.0
budapest,essen,1335.6,9.88,135.13,1.1,0.62,"12 Std., 7 Min.",727,2.58,761.58
budapest,sheffield,2111.38,15.87,133.03,1.1,0.41,"18 Std., 5 Min.",1085,2.26,1119.26
budapest,kayseri,2409.6,20.02,120.34,1.1,0.36,"55 Std., 53 Min.",3353,2.19,3387.19
budapest,bremen,1351.17,12.17,111.01,1.1,0.91,"11 Std., 55 Min.",715,3.02,750.02
budapest,dresden,871.19,8.36,104.19,1.1,1.12,"9 Std., 20 Min.",560,3.33,595.33
budapest,genova,1115.52,9.5,117.38,1.1,0.43,"14 Std., 13 Min.",853,2.3,887.3
budapest,københavn,1802.2,15.21,118.45,1.1,0.18,"18 Std., 9 Min.",1089,1.92,1122.92
budapest,manchester,2150.57,15.7,136.94,1.1,0.6,20 Std. 50 Min.,1250,2.55,1284.55
budapest,poznan,921.51,9.33,98.73,1.1,1.07,"11 Std., 46 Min.",706,3.26,741.26
budapest,hannover,1233.04,11.46,107.56,1.1,0.96,"10 Std., 36 Min.",636,3.09,671.09
budapest,antwerpen,1491.65,11.07,134.74,1.1,1.48,"14 Std., 32 Min.",872,3.87,907.87
budapest,bradford,2169.6,16.22,133.73,1.1,0.35,"20 Std., 19 Min.",1219,2.18,1253.18
budapest,nürnberg,866.69,7.06,122.78,1.1,1.0,"7 Std., 32 Min.",452,3.15,487.15
budapest,edinburgh,2482.47,19.11,129.88,1.1,0.14,"22 Std., 10 Min.",1330,1.86,1363.86
budapest,duisburg,1324.06,9.66,137.02,1.1,0.87,"11 Std., 54 Min.",714,2.96,748.96
stockholm,munich,1884.02,12.26,153.63,0.45,0.52,18 Std. 16 Min.,1096,1.45,1129.45
stockholm,valencia,3281.97,21.1,155.52,0.45,0.86,"45 Std., 38 Min.",2738,1.97,2771.97
stockholm,dublin,2508.37,17.72,141.58,0.45,4.67,35 Std. 6 Min.,2106,7.68,2145.68
stockholm,lyon,2295.8,15.61,147.07,0.45,0.5,"22 Std., 32 Min.",1352,1.42,1385.42
stockholm,prague,1778.14,11.81,150.51,0.45,0.91,"18 Std., 59 Min.",1139,2.04,1173.04
stockholm,brussels,1721.51,11.07,155.53,0.45,1.08,"19 Std., 11 Min.",1151,2.3,1185.3
stockholm,rotterdam,1632.5,10.27,158.91,0.45,0.45,"18 Std., 1 Min.",1081,1.35,1114.35
stockholm,sofia,3074.99,25.33,121.39,0.45,1.4,0,0,2.77,0.0
stockholm,adana,4736.42,38.16,124.13,0.45,1.88,0,0,3.5,0.0
stockholm,birmingham,2269.0,15.23,148.94,0.45,0.19,24 Std. 32 Min.,1472,0.96,1504.96
stockholm,köln,1554.56,9.99,155.58,0.45,1.04,"16 Std., 25 Min.",985,2.24,1019.24
stockholm,amsterdam,1601.14,10.09,158.73,0.45,0.81,"17 Std., 35 Min.",1055,1.89,1088.89
stockholm,porto,3744.86,23.3,160.73,0.45,0.45,56 Std. 19 Min.,3379,1.35,3412.35
stockholm,marseille,2612.53,17.29,151.11,0.45,0.64,24 Std. 25 Min.,1465,1.64,1498.64
stockholm,lille,1822.25,11.66,156.3,0.45,0.94,20 Std. 27 Min.,1227,2.08,1261.08
stockholm,sevilla,3848.94,21.93,175.51,0.45,0.73,45 Std. 26 Min.,2726,1.77,2759.77
stockholm,torino,2373.21,14.98,158.43,0.45,1.27,25 Std. 44 Min.,1544,2.58,1578.58
stockholm,konya,4365.43,34.57,126.28,0.45,0.73,33 Std. 26 Min.,2006,1.77,2039.77
stockholm,kraków,1992.81,13.48,147.81,0.45,0.8,"21 Std., 45 Min.",1305,1.88,1338.88
stockholm,hague,2342.9,14.76,158.72,0.45,0.73,"17 Std., 57 Min.",1077,1.77,1110.77
stockholm,bilbao,3088.4,18.99,162.6,0.45,0.31,"33 Std., 56 Min.",2036,1.14,2069.14
stockholm,leeds,2379.27,16.13,147.54,0.45,0.18,25 Std. 28 Min.,1528,0.94,1560.94
stockholm,frankfurt am main,1632.42,9.83,166.15,0.45,1.47,"15 Std., 36 Min.",936,2.88,970.88
stockholm,zagreb,2421.21,17.66,137.12,0.45,1.2,30 Std. 46 Min.,1846,2.48,1880.48
stockholm,bordeaux,2568.87,15.07,170.46,0.45,2.37,"22 Std., 47 Min.",1367,4.23,1403.23
stockholm,toulouse,2734.1,18.28,149.56,0.45,1.06,"25 Std., 17 Min.",1517,2.26,1551.26
stockholm,göteborg,452.62,2.44,185.83,0.45,0.46,"3 Std., 18 Min.",198,1.36,231.36
stockholm,zürich,2042.09,12.66,161.25,0.45,0.1,"20 Std., 2 Min.",1202,0.82,1234.82
stockholm,oslo,691.65,4.07,169.86,0.45,0.12,"5 Std., 30 Min.",330,0.86,362.86
stockholm,zaragoza,3137.61,19.31,162.51,0.45,1.58,"35 Std., 17 Min.",2117,3.05,2152.05
stockholm,helsinki,2759.9,22.77,121.23,0.45,0.72,13 Std. 40 Min.,820,1.75,853.75
stockholm,wroclaw,1736.47,11.33,153.31,0.45,0.1,"18 Std., 28 Min.",1108,0.82,1140.82
stockholm,lodz,1871.5,12.55,149.09,0.45,0.2,"20 Std., 53 Min.",1253,0.98,1285.98
stockholm,stuttgart,1804.53,11.33,159.32,0.45,0.3,"17 Std., 27 Min.",1047,1.12,1080.12
stockholm,palermo,3219.67,19.5,165.15,0.45,0.84,42 Std. 7 Min.,2527,1.94,2560.94
stockholm,düsseldorf,1520.43,9.24,164.59,0.45,1.13,"16 Std., 1 Min.",961,2.37,995.37
stockholm,glasgow,2727.33,20.72,131.61,0.45,0.45,"28 Std., 30 Min.",1710,1.35,1743.35
stockholm,leipzig,1498.0,9.7,154.47,0.45,0.9,"15 Std., 18 Min.",918,2.02,952.02
stockholm,riga,2314.08,18.71,123.7,0.45,0.37,0,0,1.23,0.0
stockholm,dortmund,1460.65,9.27,157.52,0.45,0.4,"15 Std., 8 Min.",908,1.28,941.28
stockholm,málaga,3782.21,21.78,173.64,0.45,0.7,46 Std. 26 Min.,2786,1.72,2819.72
stockholm,vilnius,2240.9,17.79,125.98,0.45,2.03,0,0,3.72,0.0
stockholm,essen,1487.98,8.96,166.14,0.45,0.62,"15 Std., 34 Min.",934,1.6,967.6
stockholm,sheffield,2340.78,15.99,146.35,0.45,0.41,25 Std. 24 Min.,1524,1.29,1557.29
stockholm,kayseri,4613.76,37.13,124.25,0.45,0.36,0,0,1.22,0.0
stockholm,bremen,1249.73,7.45,167.71,0.45,0.91,"11 Std., 59 Min.",719,2.04,753.04
stockholm,dresden,1586.92,10.22,155.27,0.45,1.12,"16 Std., 5 Min.",965,2.36,999.36
stockholm,genova,2412.24,15.38,156.82,0.45,0.43,26 Std. 20 Min.,1580,1.32,1613.32
stockholm,københavn,636.97,3.55,179.66,0.45,0.18,"5 Std., 8 Min.",308,0.94,340.94
stockholm,manchester,2379.97,15.83,150.37,0.45,0.6,"25 Std., 20 Min.",1520,1.58,1553.58
stockholm,poznan,1622.3,10.78,150.52,0.45,1.07,"18 Std., 6 Min.",1086,2.28,1120.28
stockholm,hannover,1299.38,8.12,160.1,0.45,0.96,"13 Std., 13 Min.",793,2.11,827.11
stockholm,antwerpen,1686.01,10.49,160.66,0.45,1.48,"19 Std., 6 Min.",1146,2.9,1180.9
stockholm,bradford,2399.0,16.35,146.75,0.45,0.35,26 Std.,1560,1.2,1593.2
stockholm,nürnberg,1711.18,11.39,150.19,0.45,1.0,"16 Std., 36 Min.",996,2.17,1030.17
stockholm,edinburgh,2711.87,19.24,140.97,0.45,0.14,38 Std. 6 Min.,2286,0.89,2318.89
stockholm,duisburg,1496.12,9.06,165.05,0.45,0.87,"15 Std., 47 Min.",947,1.98,980.98
munich,valencia,1737.92,11.43,151.98,0.52,0.86,"18 Std., 35 Min.",1115,2.07,1149.07
munich,dublin,1556.92,12.78,121.79,0.52,4.67,19 Std. 43 Min.,1183,7.78,1222.78
munich,lyon,751.75,5.94,126.51,0.52,0.5,"7 Std., 49 Min.",469,1.53,502.53
munich,prague,418.39,4.68,89.46,0.52,0.91,"5 Std., 38 Min.",338,2.15,372.15
munich,brussels,789.69,5.48,144.04,0.52,1.08,"6 Std., 45 Min.",405,2.4,439.4
munich,rotterdam,811.81,4.79,169.63,0.52,0.45,"7 Std., 12 Min.",432,1.45,465.45
munich,sofia,1373.71,14.57,94.27,0.52,1.4,0,0,2.88,0.0
munich,adana,3035.14,27.4,110.78,0.52,1.88,"76 Std., 21 Min.",4581,3.6,4616.6
munich,birmingham,1317.55,10.3,127.9,0.52,0.19,"10 Std., 10 Min.",610,1.06,643.06
munich,köln,574.24,3.13,183.27,0.52,1.04,"3 Std., 57 Min.",237,2.34,271.34
munich,amsterdam,824.36,5.02,164.12,0.52,0.81,"7 Std., 1 Min.",421,2.0,455.0
munich,porto,2513.6,18.37,136.83,0.52,0.45,"33 Std., 16 Min.",1996,1.45,2029.45
munich,marseille,1052.33,9.11,115.46,0.52,0.64,"10 Std., 7 Min.",607,1.74,640.74
munich,lille,869.14,6.74,129.0,0.52,0.94,"7 Std., 2 Min.",422,2.19,456.19
munich,sevilla,2465.41,13.24,186.16,0.52,0.73,"28 Std., 33 Min.",1713,1.88,1746.88
munich,torino,661.74,5.29,125.11,0.52,1.27,"7 Std., 56 Min.",476,2.68,510.68
munich,konya,2664.15,23.81,111.89,0.52,0.73,10 Std. 29 Min.,629,1.88,662.88
munich,kraków,841.42,6.93,121.47,0.52,0.8,"9 Std., 37 Min.",577,1.98,610.98
munich,hague,1202.68,6.65,180.87,0.52,0.73,"7 Std., 23 Min.",443,1.88,476.88
munich,bilbao,1857.15,14.06,132.04,0.52,0.31,"15 Std., 22 Min.",922,1.25,955.25
munich,leeds,1427.82,11.19,127.57,0.52,0.18,"11 Std., 17 Min.",677,1.05,710.05
munich,frankfurt am main,394.81,2.33,169.31,0.52,1.47,"3 Std., 6 Min.",186,2.99,220.99
munich,zagreb,566.82,5.16,109.84,0.52,1.2,"10 Std., 3 Min.",603,2.58,637.58
munich,bordeaux,1337.63,10.13,132.0,0.52,2.37,"8 Std., 4 Min.",484,4.34,520.34
munich,toulouse,1297.05,9.17,141.37,0.52,1.06,"10 Std., 55 Min.",655,2.37,689.37
munich,göteborg,1583.2,10.65,148.63,0.52,0.46,"14 Std., 53 Min.",893,1.47,926.47
munich,zürich,325.27,2.51,129.54,0.52,0.1,"3 Std., 32 Min.",212,0.93,244.93
munich,oslo,1919.32,12.74,150.67,0.52,0.12,"19 Std., 35 Min.",1175,0.96,1207.96
munich,zaragoza,1711.3,10.49,163.14,0.52,1.58,"16 Std., 43 Min.",1003,3.15,1038.15
munich,helsinki,2065.55,16.73,123.5,0.52,0.72,37 Std. 53 Min.,2273,1.86,2306.86
munich,wroclaw,721.31,8.54,84.51,0.52,0.1,"8 Std., 52 Min.",532,0.93,564.93
munich,lodz,970.65,10.76,90.24,0.52,0.2,"10 Std., 29 Min.",629,1.08,662.08
munich,stuttgart,238.25,1.46,163.51,0.52,0.3,"1 Std., 56 Min.",116,1.23,149.23
munich,palermo,1363.32,8.46,161.1,0.52,0.84,"21 Std., 49 Min.",1309,2.04,1343.04
munich,düsseldorf,607.46,3.32,182.94,0.52,1.13,"4 Std., 18 Min.",258,2.48,292.48
munich,glasgow,1775.88,15.79,112.48,0.52,0.45,"13 Std., 20 Min.",800,1.45,833.45
munich,leipzig,472.85,4.24,111.55,0.52,0.9,"2 Std., 52 Min.",172,2.13,206.13
munich,riga,1619.73,12.67,127.88,0.52,0.37,0,0,1.34,0.0
munich,dortmund,630.02,4.53,139.18,0.52,0.4,"5 Std., 28 Min.",328,1.38,361.38
munich,málaga,2398.68,13.1,183.16,0.52,0.7,26 Std. 52 Min.,1612,1.83,1645.83
munich,vilnius,1546.55,11.75,131.66,0.52,2.03,0,0,3.82,0.0
munich,essen,641.75,3.69,173.77,0.52,0.62,"5 Std., 10 Min.",310,1.71,343.71
munich,sheffield,1389.33,11.06,125.61,0.52,0.41,"11 Std., 5 Min.",665,1.4,698.4
munich,kayseri,2912.48,26.37,110.43,0.52,0.36,"63 Std., 40 Min.",3820,1.32,3853.32
munich,bremen,717.5,4.17,172.13,0.52,0.91,"5 Std., 28 Min.",328,2.15,362.15
munich,dresden,541.1,5.51,98.2,0.52,1.12,"4 Std., 42 Min.",282,2.46,316.46
munich,genova,693.65,5.41,128.3,0.52,0.43,"8 Std., 35 Min.",515,1.42,548.42
munich,københavn,1254.21,8.8,142.45,0.52,0.18,"10 Std., 50 Min.",650,1.05,683.05
munich,manchester,1428.52,10.89,131.13,0.52,0.6,"11 Std., 6 Min.",666,1.68,699.68
munich,poznan,836.79,7.36,113.65,0.52,1.07,"7 Std., 36 Min.",456,2.39,490.39
munich,hannover,595.39,3.36,177.13,0.52,0.96,"4 Std., 12 Min.",252,2.22,286.22
munich,antwerpen,796.64,5.95,133.78,0.52,1.48,"7 Std., 19 Min.",439,3.0,474.0
munich,bradford,1447.55,11.41,126.82,0.52,0.35,"11 Std., 38 Min.",698,1.31,731.31
munich,nürnberg,172.84,0.87,198.98,0.52,1.0,"1 Std., 2 Min.",62,2.28,96.28
munich,edinburgh,1760.42,14.3,123.08,0.52,0.14,"13 Std., 20 Min.",800,0.99,832.99
munich,duisburg,630.21,3.47,181.49,0.52,0.87,"4 Std., 54 Min.",294,2.08,328.08
valencia,dublin,2295.39,15.09,152.13,0.86,4.67,31 Std. 20 Min.,1880,8.3,1920.3
valencia,lyon,987.55,5.51,179.35,0.86,0.5,"10 Std., 11 Min.",611,2.04,645.04
valencia,prague,2122.1,14.59,145.48,0.86,0.91,"30 Std., 57 Min.",1857,2.66,1891.66
valencia,brussels,1725.37,10.9,158.28,0.86,1.08,"21 Std., 22 Min.",1282,2.91,1316.91
valencia,rotterdam,1857.38,11.91,155.94,0.86,0.45,"22 Std., 37 Min.",1357,1.97,1390.97
valencia,sofia,2828.37,23.12,122.35,0.86,1.4,0,0,3.39,0.0
valencia,adana,4489.79,35.94,124.92,0.86,1.88,0,0,4.11,0.0
valencia,birmingham,2056.02,12.61,163.11,0.86,0.19,"24 Std., 2 Min.",1442,1.58,1475.58
valencia,köln,1735.79,11.23,154.61,0.86,1.04,23 Std. 39 Min.,1419,2.85,1453.85
valencia,amsterdam,1906.83,12.91,147.76,0.86,0.81,"23 Std., 25 Min.",1405,2.5,1439.5
valencia,porto,1061.35,5.44,195.0,0.86,0.45,"9 Std., 51 Min.",591,1.97,624.97
valencia,marseille,856.3,4.82,177.61,0.86,0.64,"10 Std., 7 Min.",607,2.25,641.25
valencia,lille,1634.46,7.9,206.99,0.86,0.94,"21 Std., 33 Min.",1293,2.7,1327.7
valencia,sevilla,758.98,4.75,159.71,0.86,0.73,"4 Std., 26 Min.",266,2.38,300.38
valencia,torino,1224.54,7.5,163.2,0.86,1.27,"26 Std., 5 Min.",1565,3.2,1600.2
valencia,konya,4118.8,32.35,127.3,0.86,0.73,38 Std. 50 Min.,2330,2.38,2364.38
valencia,kraków,2587.01,18.45,140.25,0.86,0.8,36 Std. 45 Min.,2205,2.49,2239.49
valencia,hague,1634.96,10.12,161.6,0.86,0.73,"23 Std., 6 Min.",1386,2.38,1420.38
valencia,bilbao,693.31,4.77,145.49,0.86,0.31,"6 Std., 54 Min.",414,1.75,447.75
valencia,leeds,2166.29,13.5,160.5,0.86,0.18,"24 Std., 51 Min.",1491,1.56,1524.56
valencia,frankfurt am main,1653.33,10.01,165.13,0.86,1.47,"23 Std., 34 Min.",1414,3.5,1449.5
valencia,zagreb,2021.48,13.71,147.49,0.86,1.2,"40 Std., 38 Min.",2438,3.09,2473.09
valencia,bordeaux,921.61,6.45,142.88,0.86,2.37,"12 Std., 29 Min.",749,4.85,785.85
valencia,toulouse,735.68,4.16,176.76,0.86,1.06,"9 Std., 16 Min.",556,2.88,590.88
valencia,göteborg,2981.15,19.48,153.03,0.86,0.46,42 Std. 10 Min.,2530,1.98,2563.98
valencia,zürich,1422.12,9.02,157.7,0.86,0.1,"23 Std., 3 Min.",1383,1.44,1416.44
valencia,oslo,3317.28,21.57,153.81,0.86,0.12,"50 Std., 20 Min.",3020,1.47,3053.47
valencia,zaragoza,361.88,2.32,156.14,0.86,1.58,"3 Std., 40 Min.",220,3.66,255.66
valencia,helsinki,3607.73,26.6,135.63,0.86,0.72,64 Std.,3840,2.37,3874.37
valencia,wroclaw,2373.11,15.41,154.02,0.86,0.1,32 Std. 45 Min.,1965,1.44,1998.44
valencia,lodz,2593.97,17.8,145.76,0.86,0.2,36 Std. 34 Min.,2194,1.59,2227.59
valencia,stuttgart,1603.57,10.12,158.39,0.86,0.3,22 Std. 59 Min.,1379,1.74,1412.74
valencia,palermo,2220.35,13.85,160.28,0.86,0.84,"45 Std., 57 Min.",2757,2.55,2791.55
valencia,düsseldorf,1771.83,11.54,153.48,0.86,1.13,"25 Std., 11 Min.",1511,2.98,1545.98
valencia,glasgow,2514.35,18.09,138.97,0.86,0.45,"27 Std., 37 Min.",1657,1.97,1690.97
valencia,leipzig,2021.95,12.58,160.72,0.86,0.9,"26 Std., 59 Min.",1619,2.64,1653.64
valencia,riga,3161.92,22.54,140.27,0.86,0.37,0,0,1.84,0.0
valencia,dortmund,1830.38,12.09,151.4,0.86,0.4,"25 Std., 56 Min.",1556,1.89,1589.89
valencia,málaga,689.98,4.58,150.52,0.86,0.7,"5 Std., 3 Min.",303,2.34,337.34
valencia,vilnius,3088.73,21.62,142.85,0.86,2.03,0,0,4.33,0.0
valencia,essen,1806.12,11.92,151.56,0.86,0.62,24 Std. 45 Min.,1485,2.22,1519.22
valencia,sheffield,2127.8,13.37,159.21,0.86,0.41,"25 Std., 23 Min.",1523,1.9,1556.9
valencia,kayseri,4367.13,34.92,125.06,0.86,0.36,0,0,1.83,0.0
valencia,bremen,2056.81,13.4,153.5,0.86,0.91,"27 Std., 50 Min.",1670,2.66,1704.66
valencia,dresden,2138.14,13.41,159.43,0.86,1.12,"28 Std., 14 Min.",1694,2.97,1728.97
valencia,genova,1256.35,7.96,157.76,0.86,0.43,"25 Std., 3 Min.",1503,1.94,1536.94
valencia,københavn,2652.16,17.63,150.4,0.86,0.18,"34 Std., 13 Min.",2053,1.56,2086.56
valencia,manchester,2166.99,13.2,164.19,0.86,0.6,"24 Std., 40 Min.",1480,2.19,1514.19
valencia,poznan,2384.15,15.2,156.83,0.86,1.07,33 Std. 25 Min.,2005,2.9,2039.9
valencia,hannover,1984.66,11.67,170.08,0.86,0.96,"26 Std., 31 Min.",1591,2.73,1625.73
valencia,antwerpen,1763.94,11.17,157.86,0.86,1.48,"22 Std., 2 Min.",1322,3.51,1357.51
valencia,bradford,2186.02,13.72,159.35,0.86,0.35,"25 Std., 13 Min.",1513,1.82,1546.82
valencia,nürnberg,1771.26,11.22,157.93,0.86,1.0,"25 Std., 55 Min.",1555,2.79,1589.79
valencia,edinburgh,2498.89,16.61,150.47,0.86,0.14,"27 Std., 1 Min.",1621,1.5,1654.5
valencia,duisburg,1794.58,11.7,153.44,0.86,0.87,"25 Std., 24 Min.",1524,2.6,1558.6
dublin,lyon,1309.23,9.56,136.94,4.67,0.5,15 Std. 41 Min.,941,7.76,980.76
dublin,prague,1763.13,13.88,126.98,4.67,0.91,29 Std. 7 Min.,1747,8.37,1787.37
dublin,brussels,796.54,6.77,117.68,4.67,1.08,12 Std. 7 Min.,727,8.62,767.62
dublin,rotterdam,915.8,7.96,115.12,4.67,0.45,13 Std. 24 Min.,804,7.68,843.68
dublin,sofia,2926.38,25.72,113.79,4.67,1.4,0,0,9.1,0.0
dublin,adana,4587.81,38.54,119.04,4.67,1.88,0,0,9.82,0.0
dublin,birmingham,255.09,3.32,76.91,4.67,0.19,7 Std. 41 Min.,461,7.29,500.29
dublin,köln,1013.39,8.35,121.32,4.67,1.04,15 Std. 29 Min.,929,8.57,969.57
dublin,amsterdam,985.67,8.34,118.19,4.67,0.81,14 Std. 7 Min.,847,8.22,887.22
dublin,porto,2604.97,18.09,144.01,4.67,0.45,0,0,7.68,0.0
dublin,marseille,1625.96,11.24,144.66,4.67,0.64,17 Std. 42 Min.,1062,7.96,1101.96
dublin,lille,689.94,6.09,113.31,4.67,0.94,11 Std. 11 Min.,671,8.41,711.41
dublin,sevilla,2709.05,16.72,162.04,4.67,0.73,33 Std. 27 Min.,2007,8.1,2047.1
dublin,torino,1600.42,12.02,133.16,4.67,1.27,28 Std. 23 Min.,1703,8.91,1743.91
dublin,konya,4216.82,34.95,120.64,4.67,0.73,33 Std. 45 Min.,2025,8.1,2065.1
dublin,kraków,2086.1,18.79,111.04,4.67,0.8,32 Std. 11 Min.,1931,8.2,1971.2
dublin,hague,1145.38,9.45,121.15,4.67,0.73,13 Std. 46 Min.,826,8.1,866.1
dublin,bilbao,1948.51,13.78,141.37,4.67,0.31,28 Std. 40 Min.,1720,7.47,1759.47
dublin,leeds,268.22,3.72,72.06,4.67,0.18,8 Std. 17 Min.,497,7.28,536.28
dublin,frankfurt am main,1192.57,9.1,131.07,4.67,1.47,20 Std. 18 Min.,1218,9.21,1259.21
dublin,zagreb,2122.31,16.78,126.49,4.67,1.2,32 Std. 18 Min.,1938,8.8,1978.8
dublin,bordeaux,1428.98,9.86,144.94,4.67,2.37,15 Std. 59 Min.,959,10.56,1001.56
dublin,toulouse,1594.2,13.07,121.98,4.67,1.06,18 Std. 33 Min.,1113,8.6,1153.6
dublin,göteborg,2207.55,16.09,137.16,4.67,0.46,33 Std. 5 Min.,1985,7.7,2024.7
dublin,zürich,1405.56,11.24,125.01,4.67,0.1,18 Std. 37 Min.,1117,7.15,1156.15
dublin,oslo,2543.67,18.18,139.91,4.67,0.12,38 Std. 32 Min.,2312,7.18,2351.18
dublin,zaragoza,1997.72,14.1,141.72,4.67,1.58,29 Std. 7 Min.,1747,9.38,1788.38
dublin,helsinki,2983.87,25.91,115.17,4.67,0.72,54 Std. 25 Min.,3265,8.08,3305.08
dublin,wroclaw,1829.76,16.63,110.02,4.67,0.1,28 Std. 55 Min.,1735,7.15,1774.15
dublin,lodz,2038.81,16.95,120.29,4.67,0.2,30 Std. 33 Min.,1833,7.3,1872.3
dublin,stuttgart,1325.54,11.35,116.76,4.67,0.3,17 Std. 49 Min.,1069,7.46,1108.46
dublin,palermo,2669.98,17.57,151.99,4.67,0.84,43 Std. 35 Min.,2615,8.26,2655.26
dublin,düsseldorf,1018.74,8.94,113.99,4.67,1.13,16 Std. 5 Min.,965,8.7,1005.7
dublin,glasgow,521.78,5.74,90.93,4.67,0.45,9 Std. 36 Min.,576,7.68,615.68
dublin,leipzig,1481.46,13.49,109.84,4.67,0.9,24 Std. 15 Min.,1455,8.36,1495.36
dublin,riga,2538.06,21.85,116.16,4.67,0.37,0,0,7.56,0.0
dublin,dortmund,1071.82,9.38,114.23,4.67,0.4,16 Std. 59 Min.,1019,7.61,1058.61
dublin,málaga,2642.32,16.57,159.45,4.67,0.7,34 Std. 2 Min.,2042,8.06,2082.06
dublin,vilnius,2464.87,20.93,117.77,4.67,2.03,0,0,10.05,0.0
dublin,essen,1037.69,9.07,114.44,4.67,0.62,16 Std. 35 Min.,995,7.94,1034.94
dublin,sheffield,256.85,3.47,73.99,4.67,0.41,8 Std. 17 Min.,497,7.62,536.62
dublin,kayseri,4465.15,37.52,119.01,4.67,0.36,0,0,7.54,0.0
dublin,bremen,1270.53,11.0,115.51,4.67,0.91,19 Std. 2 Min.,1142,8.37,1182.37
dublin,dresden,1597.64,14.32,111.57,4.67,1.12,25 Std. 44 Min.,1544,8.68,1584.68
dublin,genova,1744.94,14.41,121.07,4.67,0.43,28 Std. 59 Min.,1739,7.65,1778.65
dublin,københavn,1878.56,14.25,131.85,4.67,0.18,28 Std. 23 Min.,1703,7.28,1742.28
dublin,manchester,201.1,2.74,73.39,4.67,0.6,7 Std. 32 Min.,452,7.9,491.9
dublin,poznan,1799.36,14.1,127.57,4.67,1.07,27 Std. 15 Min.,1635,8.61,1675.61
dublin,hannover,1278.83,10.76,118.85,4.67,0.96,19 Std. 13 Min.,1153,8.44,1193.44
dublin,antwerpen,822.36,7.22,113.92,4.67,1.48,13 Std. 21 Min.,801,9.22,842.22
dublin,bradford,288.2,3.95,72.91,4.67,0.35,8 Std. 13 Min.,493,7.53,532.53
dublin,nürnberg,1412.28,10.51,134.33,4.67,1.0,19 Std. 35 Min.,1175,8.5,1215.5
dublin,edinburgh,515.87,5.67,90.94,4.67,0.14,10 Std. 5 Min.,605,7.21,644.21
dublin,duisburg,1019.24,8.93,114.12,4.67,0.87,16 Std. 21 Min.,981,8.31,1021.31
lyon,prague,1135.93,9.09,124.92,0.5,0.91,"13 Std., 44 Min.",824,2.12,858.12
lyon,brussels,739.2,5.41,136.72,0.5,1.08,"3 Std., 35 Min.",215,2.37,249.37
lyon,rotterdam,871.21,6.42,135.78,0.5,0.45,"4 Std., 58 Min.",298,1.42,331.42
lyon,sofia,1911.4,18.22,104.9,0.5,1.4,0,0,2.85,0.0
lyon,adana,3572.83,31.04,115.09,0.5,1.88,0,0,3.57,0.0
lyon,birmingham,1069.85,7.11,150.45,0.5,0.19,"6 Std., 29 Min.",389,1.03,422.03
lyon,köln,749.63,5.73,130.77,0.5,1.04,"5 Std., 41 Min.",341,2.31,375.31
lyon,amsterdam,920.67,7.41,124.23,0.5,0.81,"5 Std., 46 Min.",346,1.97,379.97
lyon,porto,1795.47,13.38,134.21,0.5,0.45,"28 Std., 40 Min.",1720,1.42,1753.42
lyon,marseille,318.11,1.69,188.1,0.5,0.64,"1 Std., 39 Min.",99,1.71,132.71
lyon,lille,648.29,2.4,269.89,0.5,0.94,"2 Std., 58 Min.",178,2.16,212.16
lyon,sevilla,1715.05,7.31,234.52,0.5,0.73,"12 Std., 2 Min.",722,1.84,755.84
lyon,torino,307.58,2.61,118.02,0.5,1.27,"5 Std., 37 Min.",337,2.66,371.66
lyon,konya,3201.84,27.46,116.61,0.5,0.73,20 Std. 56 Min.,1256,1.84,1289.84
lyon,kraków,1600.84,12.95,123.61,0.5,0.8,"20 Std., 16 Min.",1216,1.95,1249.95
lyon,hague,808.08,4.14,195.07,0.5,0.73,"5 Std., 27 Min.",327,1.84,360.84
lyon,bilbao,1139.01,9.07,125.54,0.5,0.31,"10 Std., 30 Min.",630,1.22,663.22
lyon,leeds,1180.13,8.0,147.47,0.5,0.18,"7 Std., 21 Min.",441,1.02,474.02
lyon,frankfurt am main,667.16,4.52,147.66,0.5,1.47,"5 Std., 55 Min.",355,2.96,389.96
lyon,zagreb,1104.51,8.81,125.39,0.5,1.2,"20 Std., 29 Min.",1229,2.55,1263.55
lyon,bordeaux,619.5,5.14,120.47,0.5,2.37,"4 Std., 16 Min.",256,4.31,292.31
lyon,toulouse,546.69,3.24,168.5,0.5,1.06,"4 Std., 8 Min.",248,2.34,282.34
lyon,göteborg,1994.98,13.99,142.63,0.5,0.46,"20 Std., 57 Min.",1257,1.44,1290.44
lyon,zürich,435.95,3.52,123.73,0.5,0.1,"4 Std., 22 Min.",262,0.9,294.9
lyon,oslo,2331.11,16.07,145.03,0.5,0.12,"26 Std., 7 Min.",1567,0.93,1599.93
lyon,zaragoza,960.93,4.56,210.76,0.5,1.58,"7 Std., 7 Min.",427,3.12,462.12
lyon,helsinki,2621.56,21.11,124.21,0.5,0.72,46 Std. 2 Min.,2762,1.83,2795.83
lyon,wroclaw,1386.95,9.91,139.9,0.5,0.1,"18 Std., 50 Min.",1130,0.9,1162.9
lyon,lodz,1607.8,12.3,130.69,0.5,0.2,"19 Std., 25 Min.",1165,1.05,1198.05
lyon,stuttgart,617.41,4.63,133.36,0.5,0.3,"5 Std., 31 Min.",331,1.2,364.2
lyon,palermo,1429.75,9.58,149.27,0.5,0.84,"22 Std., 44 Min.",1364,2.01,1398.01
lyon,düsseldorf,785.66,6.05,129.87,0.5,1.13,"6 Std., 27 Min.",387,2.44,421.44
lyon,glasgow,1528.18,12.6,121.29,0.5,0.45,"9 Std., 34 Min.",574,1.42,607.42
lyon,leipzig,1035.78,7.09,146.16,0.5,0.9,"9 Std., 6 Min.",546,2.1,580.1
lyon,riga,2175.75,17.05,127.64,0.5,0.37,0,0,1.31,0.0
lyon,dortmund,844.21,6.6,128.01,0.5,0.4,"7 Std., 30 Min.",450,1.35,483.35
lyon,málaga,1648.32,7.17,230.04,0.5,0.7,"12 Std., 37 Min.",757,1.8,790.8
lyon,vilnius,2102.56,16.13,130.37,0.5,2.03,0,0,3.79,0.0
lyon,essen,819.95,6.42,127.67,0.5,0.62,7 Std.,420,1.68,453.68
lyon,sheffield,1141.64,7.87,145.05,0.5,0.41,"7 Std., 15 Min.",435,1.36,468.36
lyon,kayseri,3450.17,30.02,114.92,0.5,0.36,0,0,1.29,0.0
lyon,bremen,1070.64,7.91,135.44,0.5,0.91,"9 Std., 41 Min.",581,2.12,615.12
lyon,dresden,1151.97,7.92,145.51,0.5,1.12,"10 Std., 35 Min.",635,2.43,669.43
lyon,genova,465.75,3.69,126.26,0.5,0.43,"8 Std., 28 Min.",508,1.4,541.4
lyon,københavn,1666.0,12.14,137.24,0.5,0.18,"16 Std., 12 Min.",972,1.02,1005.02
lyon,manchester,1180.83,7.7,153.28,0.5,0.6,"7 Std., 17 Min.",437,1.65,470.65
lyon,poznan,1397.98,9.71,144.01,0.5,1.07,"15 Std., 31 Min.",931,2.36,965.36
lyon,hannover,998.49,6.17,161.7,0.5,0.96,"8 Std., 13 Min.",493,2.19,527.19
lyon,antwerpen,777.77,5.68,136.94,0.5,1.48,"4 Std., 23 Min.",263,2.97,297.97
lyon,bradford,1199.86,8.22,145.9,0.5,0.35,"7 Std., 51 Min.",471,1.27,504.27
lyon,nürnberg,785.09,5.72,137.22,0.5,1.0,"8 Std., 14 Min.",494,2.25,528.25
lyon,edinburgh,1512.73,11.11,136.12,0.5,0.14,"9 Std., 14 Min.",554,0.96,586.96
lyon,duisburg,808.41,6.2,130.36,0.5,0.87,"6 Std., 46 Min.",406,2.06,440.06
prague,brussels,968.87,6.91,140.23,0.91,1.08,"11 Std., 30 Min.",690,2.99,724.99
prague,rotterdam,957.29,7.88,121.54,0.91,0.45,"11 Std., 57 Min.",717,2.04,751.04
prague,sofia,1373.07,13.46,102.04,0.91,1.4,0,0,3.46,0.0
prague,adana,3034.5,26.28,115.46,0.91,1.88,"77 Std., 30 Min.",4650,4.19,4686.19
prague,birmingham,1523.76,11.42,133.4,0.91,0.19,"15 Std., 43 Min.",943,1.65,976.65
prague,köln,752.26,5.63,133.5,0.91,1.04,"8 Std., 42 Min.",522,2.92,556.92
prague,amsterdam,925.93,7.69,120.4,0.91,0.81,"11 Std., 31 Min.",691,2.58,725.58
prague,porto,2832.3,18.03,157.1,0.91,0.45,47 Std. 45 Min.,2865,2.04,2899.04
prague,marseille,1450.64,13.14,110.44,0.91,0.64,"16 Std., 11 Min.",971,2.33,1005.33
prague,lille,1075.36,7.86,136.88,0.91,0.94,"12 Std., 33 Min.",753,2.78,787.78
prague,sevilla,2849.59,16.39,173.84,0.91,0.73,"35 Std., 7 Min.",2107,2.46,2141.46
prague,torino,1065.89,9.81,108.6,0.91,1.27,"13 Std., 55 Min.",835,3.27,870.27
prague,konya,2663.51,22.69,117.37,0.91,0.73,10 Std. 44 Min.,644,2.46,678.46
prague,kraków,479.21,5.02,95.37,0.91,0.8,"5 Std., 52 Min.",352,2.56,386.56
prague,hague,1484.74,10.19,145.76,0.91,0.73,"11 Std., 53 Min.",713,2.46,747.46
prague,bilbao,2175.84,13.72,158.55,0.91,0.31,"23 Std., 53 Min.",1433,1.83,1466.83
prague,leeds,1634.03,12.31,132.7,0.91,0.18,"16 Std., 47 Min.",1007,1.64,1040.64
prague,frankfurt am main,572.82,4.83,118.51,0.91,1.47,"7 Std., 11 Min.",431,3.57,466.57
prague,zagreb,710.02,6.01,118.08,0.91,1.2,"11 Std., 36 Min.",696,3.16,731.16
prague,bordeaux,1656.31,9.8,169.02,0.91,2.37,"15 Std., 15 Min.",915,4.92,951.92
prague,toulouse,1673.37,14.02,119.34,0.91,1.06,"18 Std., 17 Min.",1097,2.96,1131.96
prague,göteborg,1477.32,10.2,144.79,0.91,0.46,16 Std.,960,2.06,994.06
prague,zürich,729.42,7.04,103.66,0.91,0.1,"10 Std., 52 Min.",652,1.52,685.52
prague,oslo,1813.45,12.29,147.56,0.91,0.12,"20 Std., 42 Min.",1242,1.55,1275.55
prague,zaragoza,2095.48,13.64,153.64,0.91,1.58,"26 Std., 58 Min.",1618,3.74,1653.74
prague,helsinki,1718.18,16.73,102.72,0.91,0.72,39 Std. 42 Min.,2382,2.44,2416.44
prague,wroclaw,310.01,3.94,78.6,0.91,0.1,"3 Std., 56 Min.",236,1.52,269.52
prague,lodz,559.35,6.16,90.74,0.91,0.2,"8 Std., 11 Min.",491,1.67,524.67
prague,stuttgart,541.45,4.82,112.3,0.91,0.3,"8 Std., 10 Min.",490,1.82,523.82
prague,palermo,1765.46,12.57,140.49,0.91,0.84,"27 Std., 47 Min.",1667,2.62,1701.62
prague,düsseldorf,781.48,7.01,111.46,0.91,1.13,"9 Std., 14 Min.",554,3.06,589.06
prague,glasgow,1982.09,16.91,117.21,0.91,0.45,"19 Std., 1 Min.",1141,2.04,1175.04
prague,leipzig,310.87,2.47,126.01,0.91,0.9,"3 Std., 48 Min.",228,2.72,262.72
prague,riga,1272.36,12.67,100.45,0.91,0.37,0,0,1.92,0.0
prague,dortmund,720.28,6.48,111.1,0.91,0.4,"8 Std., 15 Min.",495,1.97,528.97
prague,málaga,2782.86,16.25,171.31,0.91,0.7,"35 Std., 42 Min.",2142,2.42,2176.42
prague,vilnius,1159.44,10.52,110.24,0.91,2.03,0,0,4.41,0.0
prague,essen,752.04,6.87,109.46,0.91,0.62,"8 Std., 44 Min.",524,2.3,558.3
prague,sheffield,1595.54,12.18,130.97,0.91,0.41,"16 Std., 43 Min.",1003,1.98,1036.98
prague,kayseri,2911.84,25.26,115.28,0.91,0.36,"64 Std., 50 Min.",3890,1.9,3923.9
prague,bremen,673.69,5.42,124.31,0.91,0.91,"7 Std., 17 Min.",437,2.73,471.73
prague,dresden,193.71,1.61,120.36,0.91,1.12,"2 Std., 17 Min.",137,3.05,172.05
prague,genova,1097.79,9.93,110.53,0.91,0.43,"14 Std., 33 Min.",873,2.01,907.01
prague,københavn,1148.34,8.36,137.44,0.91,0.18,"12 Std., 33 Min.",753,1.64,786.64
prague,manchester,1634.73,12.02,136.05,0.91,0.6,17 Std. 25 Min.,1045,2.26,1079.26
prague,poznan,440.76,4.95,88.96,0.91,1.07,"6 Std., 30 Min.",390,2.97,424.97
prague,hannover,555.55,4.71,117.9,0.91,0.96,"6 Std., 4 Min.",364,2.8,398.8
prague,antwerpen,970.59,8.74,111.02,0.91,1.48,"12 Std., 31 Min.",751,3.58,786.58
prague,bradford,1653.76,12.54,131.93,0.91,0.35,"17 Std., 19 Min.",1039,1.89,1072.89
prague,nürnberg,350.85,3.37,104.12,0.91,1.0,"5 Std., 40 Min.",340,2.86,374.86
prague,edinburgh,1966.63,15.42,127.5,0.91,0.14,"19 Std., 9 Min.",1149,1.58,1182.58
prague,duisburg,770.22,6.98,110.28,0.91,0.87,"8 Std., 58 Min.",538,2.67,572.67
brussels,rotterdam,137.91,1.11,124.07,1.08,0.45,"1 Std., 9 Min.",69,2.3,103.3
brussels,sofia,2132.12,18.74,113.76,1.08,1.4,0,0,3.72,0.0
brussels,adana,3793.54,31.57,120.18,1.08,1.88,0,0,4.44,0.0
brussels,birmingham,557.17,4.31,129.38,1.08,0.19,"3 Std., 52 Min.",232,1.9,265.9
brussels,köln,219.13,1.38,159.0,1.08,1.04,"1 Std., 50 Min.",110,3.18,145.18
brussels,amsterdam,207.78,1.5,138.88,1.08,0.81,"1 Std., 56 Min.",116,2.84,150.84
brussels,porto,2042.79,12.45,164.03,1.08,0.45,"28 Std., 35 Min.",1715,2.3,1749.3
brussels,marseille,1055.93,7.08,149.05,1.08,0.64,"5 Std., 1 Min.",301,2.58,335.58
brussels,lille,108.76,0.73,148.68,1.08,0.94,34 Min.,34,3.03,69.03
brussels,sevilla,2146.87,11.08,193.69,1.08,0.73,"22 Std., 29 Min.",1349,2.72,1383.72
brussels,torino,980.11,7.48,131.06,1.08,1.27,"9 Std., 3 Min.",543,3.52,578.52
brussels,konya,3422.56,27.98,122.33,1.08,0.73,19 Std. 35 Min.,1175,2.72,1209.72
brussels,kraków,1292.9,11.86,108.98,1.08,0.8,"14 Std., 25 Min.",865,2.82,899.82
brussels,hague,621.41,3.72,167.09,1.08,0.73,"1 Std., 38 Min.",98,2.72,132.72
brussels,bilbao,1386.33,8.15,170.13,1.08,0.31,"10 Std., 38 Min.",638,2.08,672.08
brussels,leeds,667.44,5.2,128.41,1.08,0.18,"4 Std., 49 Min.",289,1.89,322.89
brussels,frankfurt am main,398.31,2.12,187.58,1.08,1.47,"3 Std., 6 Min.",186,3.82,221.82
brussels,zagreb,1328.05,9.8,135.48,1.08,1.2,"19 Std., 11 Min.",1151,3.42,1186.42
brussels,bordeaux,866.8,4.22,205.18,1.08,2.37,"3 Std., 58 Min.",238,5.18,275.18
brussels,toulouse,1032.03,7.44,138.8,1.08,1.06,"6 Std., 32 Min.",392,3.21,427.21
brussels,göteborg,1420.7,9.46,150.14,1.08,0.46,"17 Std., 43 Min.",1063,2.31,1097.31
brussels,zürich,661.96,4.54,145.73,1.08,0.1,"6 Std., 9 Min.",369,1.77,402.77
brussels,oslo,1756.82,11.55,152.12,1.08,0.12,23 Std. 20 Min.,1400,1.8,1433.8
brussels,zaragoza,1435.54,8.46,169.64,1.08,1.58,"11 Std., 25 Min.",685,3.99,720.99
brussels,helsinki,2190.67,18.99,115.39,1.08,0.72,39 Std. 47 Min.,2387,2.7,2421.7
brussels,wroclaw,1036.55,9.71,106.77,1.08,0.1,"11 Std., 23 Min.",683,1.77,716.77
brussels,lodz,1245.61,10.03,124.25,1.08,0.2,,0,1.92,33.92
brussels,stuttgart,558.3,4.06,137.55,1.08,0.3,"4 Std., 43 Min.",283,2.07,317.07
brussels,palermo,1926.38,10.87,177.29,1.08,0.84,"26 Std., 5 Min.",1565,2.88,1599.88
brussels,düsseldorf,225.54,2.01,111.99,1.08,1.13,"2 Std., 15 Min.",135,3.32,170.32
brussels,glasgow,1015.5,9.79,103.68,1.08,0.45,"7 Std., 5 Min.",425,2.3,459.3
brussels,leipzig,688.26,6.56,104.85,1.08,0.9,"6 Std., 45 Min.",405,2.97,439.97
brussels,riga,1744.85,14.93,116.9,1.08,0.37,0,0,2.18,0.0
brussels,dortmund,278.62,2.46,113.26,1.08,0.4,"3 Std., 13 Min.",193,2.22,227.22
brussels,málaga,2080.14,10.94,190.2,1.08,0.7,"23 Std., 4 Min.",1384,2.67,1418.67
brussels,vilnius,1671.67,14.01,119.35,1.08,2.03,0,0,4.66,0.0
brussels,essen,244.49,2.14,114.04,1.08,0.62,"2 Std., 43 Min.",163,2.55,197.55
brussels,sheffield,628.95,5.07,124.15,1.08,0.41,"4 Std., 44 Min.",284,2.24,318.24
brussels,kayseri,3670.88,30.54,120.19,1.08,0.36,0,0,2.16,0.0
brussels,bremen,487.62,3.71,131.34,1.08,0.91,"5 Std., 43 Min.",343,2.99,377.99
brussels,dresden,804.44,7.4,108.76,1.08,1.12,"8 Std., 13 Min.",493,3.3,528.3
brussels,genova,1019.14,7.88,129.32,1.08,0.43,"11 Std., 48 Min.",708,2.26,742.26
brussels,københavn,1091.71,7.61,143.37,1.08,0.18,"12 Std., 13 Min.",733,1.89,766.89
brussels,manchester,668.14,4.9,136.37,1.08,0.6,"4 Std., 48 Min.",288,2.52,322.52
brussels,poznan,1006.16,7.18,140.11,1.08,1.07,"11 Std., 5 Min.",665,3.23,700.23
brussels,hannover,485.63,3.84,126.56,1.08,0.96,"5 Std., 3 Min.",303,3.06,338.06
brussels,antwerpen,44.47,0.38,118.52,1.08,1.48,34 Min.,34,3.84,69.84
brussels,bradford,687.17,5.42,126.8,1.08,0.35,"5 Std., 11 Min.",311,2.15,345.15
brussels,nürnberg,618.02,3.54,174.68,1.08,1.0,"5 Std., 33 Min.",333,3.12,368.12
brussels,edinburgh,1000.04,8.31,120.36,1.08,0.14,"6 Std., 45 Min.",405,1.83,438.83
brussels,duisburg,226.03,2.01,112.56,1.08,0.87,"2 Std., 29 Min.",149,2.92,183.92
rotterdam,sofia,2153.07,19.12,112.61,0.45,1.4,0,0,2.77,0.0
rotterdam,adana,3814.5,31.94,119.41,0.45,1.88,0,0,3.5,0.0
rotterdam,birmingham,676.43,5.48,123.51,0.45,0.19,"5 Std., 50 Min.",350,0.96,382.96
rotterdam,köln,240.21,1.82,132.06,0.45,1.04,"2 Std., 55 Min.",175,2.24,209.24
rotterdam,amsterdam,69.87,0.38,181.71,0.45,0.81,33 Min.,33,1.89,66.89
rotterdam,porto,2180.67,13.54,161.06,0.45,0.45,"30 Std., 20 Min.",1820,1.35,1853.35
rotterdam,marseille,1187.94,8.1,146.74,0.45,0.64,"6 Std., 16 Min.",376,1.64,409.64
rotterdam,lille,229.69,1.9,120.82,0.45,0.94,"1 Std., 53 Min.",113,2.08,147.08
rotterdam,sevilla,2284.75,12.17,187.74,0.45,0.73,"23 Std., 44 Min.",1424,1.77,1457.77
rotterdam,torino,1112.13,8.49,131.0,0.45,1.27,"11 Std., 5 Min.",665,2.58,699.58
rotterdam,konya,3443.51,28.36,121.44,0.45,0.73,20 Std. 56 Min.,1256,1.77,1289.77
rotterdam,kraków,1229.26,10.15,121.13,0.45,0.8,"14 Std., 15 Min.",855,1.88,888.88
rotterdam,hague,755.97,5.48,137.91,0.45,0.73,23 Min.,23,1.77,56.77
rotterdam,bilbao,1524.21,9.23,165.06,0.45,0.31,"11 Std., 23 Min.",683,1.14,716.14
rotterdam,leeds,786.71,6.37,123.54,0.45,0.18,"6 Std., 45 Min.",405,0.94,437.94
rotterdam,frankfurt am main,419.27,2.5,167.62,0.45,1.47,"3 Std., 57 Min.",237,2.88,271.88
rotterdam,zagreb,1349.01,10.18,132.51,0.45,1.2,"20 Std., 19 Min.",1219,2.48,1253.48
rotterdam,bordeaux,1004.68,5.31,189.19,0.45,2.37,"5 Std., 16 Min.",316,4.23,352.23
rotterdam,toulouse,1169.91,8.52,137.29,0.45,1.06,"7 Std., 50 Min.",470,2.26,504.26
rotterdam,göteborg,1331.68,8.65,153.87,0.45,0.46,16 Std.,960,1.36,993.36
rotterdam,zürich,793.97,5.55,142.96,0.45,0.1,"7 Std., 28 Min.",448,0.82,480.82
rotterdam,oslo,1667.8,10.74,155.27,0.45,0.12,22 Std. 43 Min.,1363,0.86,1395.86
rotterdam,zaragoza,1573.42,9.55,164.79,0.45,1.58,"12 Std., 44 Min.",764,3.05,799.05
rotterdam,helsinki,2114.77,18.25,115.85,0.45,0.72,38 Std. 5 Min.,2285,1.75,2318.75
rotterdam,wroclaw,972.91,7.99,121.72,0.45,0.1,"11 Std., 13 Min.",673,0.82,705.82
rotterdam,lodz,1169.7,9.29,125.85,0.45,0.2,"19 Std., 1 Min.",1141,0.98,1173.98
rotterdam,stuttgart,584.19,4.17,140.08,0.45,0.3,"5 Std., 15 Min.",315,1.12,348.12
rotterdam,palermo,2058.39,11.88,173.31,0.45,0.84,27 Std. 33 Min.,1653,1.94,1686.94
rotterdam,düsseldorf,213.17,1.58,135.18,0.45,1.13,"2 Std., 32 Min.",152,2.37,186.37
rotterdam,glasgow,1134.76,10.96,103.49,0.45,0.45,"9 Std., 2 Min.",542,1.35,575.35
rotterdam,leipzig,655.23,6.15,106.55,0.45,0.9,"7 Std., 12 Min.",432,2.02,466.02
rotterdam,riga,1668.95,14.2,117.57,0.45,0.37,0,0,1.23,0.0
rotterdam,dortmund,244.75,2.07,118.35,0.45,0.4,"3 Std., 1 Min.",181,1.28,214.28
rotterdam,málaga,2218.02,12.02,184.49,0.45,0.7,"24 Std., 19 Min.",1459,1.72,1492.72
rotterdam,vilnius,1595.77,13.28,120.2,0.45,2.03,0,0,3.72,0.0
rotterdam,essen,215.27,1.78,120.95,0.45,0.62,"2 Std., 35 Min.",155,1.6,188.6
rotterdam,sheffield,748.22,6.24,119.97,0.45,0.41,"6 Std., 12 Min.",372,1.29,405.29
rotterdam,kayseri,3691.84,30.92,119.39,0.45,0.36,0,0,1.22,0.0
rotterdam,bremen,394.66,3.56,110.9,0.45,0.91,"4 Std., 33 Min.",273,2.04,307.04
rotterdam,dresden,766.07,6.28,122.07,0.45,1.12,"8 Std., 52 Min.",532,2.36,566.36
rotterdam,genova,1151.16,8.89,129.46,0.45,0.43,"12 Std., 57 Min.",777,1.32,810.32
rotterdam,københavn,1002.69,6.81,147.3,0.45,0.18,"11 Std., 18 Min.",678,0.94,710.94
rotterdam,manchester,787.41,6.07,129.72,0.45,0.6,"6 Std., 46 Min.",406,1.58,439.58
rotterdam,poznan,930.26,6.45,144.22,0.45,1.07,"9 Std., 55 Min.",595,2.28,629.28
rotterdam,hannover,409.73,3.11,131.9,0.45,0.96,"4 Std., 26 Min.",266,2.11,300.11
rotterdam,antwerpen,93.44,0.74,126.87,0.45,1.48,32 Min.,32,2.9,66.9
rotterdam,bradford,806.44,6.59,122.38,0.45,0.35,"7 Std., 17 Min.",437,1.2,470.2
rotterdam,nürnberg,638.97,3.92,163.17,0.45,1.0,"6 Std., 38 Min.",398,2.17,432.17
rotterdam,edinburgh,1119.31,9.48,118.08,0.45,0.14,"8 Std., 43 Min.",523,0.89,555.89
rotterdam,duisburg,206.52,1.65,124.97,0.45,0.87,"2 Std., 19 Min.",139,1.98,172.98
sofia,adana,1665.81,12.85,129.65,1.4,1.88,0,0,4.92,0.0
sofia,birmingham,2687.01,23.25,115.55,1.4,0.19,0,0,2.38,0.0
sofia,köln,1915.51,17.47,109.67,1.4,1.04,0,0,3.66,0.0
sofia,amsterdam,2165.62,19.36,111.88,1.4,0.81,0,0,3.32,0.0
sofia,porto,3682.09,30.1,122.35,1.4,0.45,0,0,2.77,0.0
sofia,marseille,1990.05,19.15,103.93,1.4,0.64,0,0,3.06,0.0
sofia,lille,2238.61,19.69,113.7,1.4,0.94,0,0,3.51,0.0
sofia,sevilla,3555.84,24.92,142.68,1.4,0.73,0,0,3.2,0.0
sofia,torino,1609.34,15.71,102.45,1.4,1.27,0,0,4.0,0.0
sofia,konya,1294.82,9.26,139.81,1.4,0.73,0,0,3.2,0.0
sofia,kraków,1247.44,13.69,91.09,1.4,0.8,0,0,3.3,0.0
sofia,hague,2576.38,21.22,121.42,1.4,0.73,0,0,3.2,0.0
sofia,bilbao,3025.63,25.79,117.32,1.4,0.31,0,0,2.56,0.0
sofia,leeds,2797.29,24.15,115.85,1.4,0.18,0,0,2.37,0.0
sofia,frankfurt am main,1736.08,16.67,104.17,1.4,1.47,0,0,4.31,0.0
sofia,zagreb,806.89,9.41,85.73,1.4,1.2,0,0,3.9,0.0
sofia,bordeaux,2530.7,23.38,108.24,1.4,2.37,0,0,5.65,0.0
sofia,toulouse,2387.48,20.85,114.48,1.4,1.06,0,0,3.69,0.0
sofia,göteborg,2774.17,23.72,116.95,1.4,0.46,0,0,2.79,0.0
sofia,zürich,1612.83,16.54,97.51,1.4,0.1,0,0,2.25,0.0
sofia,oslo,3110.3,25.81,120.52,1.4,0.12,0,0,2.28,0.0
sofia,zaragoza,2801.73,22.17,126.38,1.4,1.58,0,0,4.47,0.0
sofia,helsinki,2708.8,25.74,105.24,1.4,0.72,0,0,3.18,0.0
sofia,wroclaw,1342.12,13.62,98.52,1.4,0.1,0,0,2.25,0.0
sofia,lodz,1441.75,15.35,93.91,1.4,0.2,0,0,2.4,0.0
sofia,stuttgart,1611.95,16.03,100.58,1.4,0.3,0,0,2.55,0.0
sofia,palermo,2185.63,18.3,119.41,1.4,0.84,0,0,3.36,0.0
sofia,düsseldorf,1948.73,17.65,110.38,1.4,1.13,0,0,3.79,0.0
sofia,glasgow,3145.34,28.74,109.43,1.4,0.45,0,0,2.77,0.0
sofia,leipzig,1631.34,15.88,102.75,1.4,0.9,0,0,3.45,0.0
sofia,riga,2262.99,21.68,104.38,1.4,0.37,0,0,2.66,0.0
sofia,dortmund,1971.28,18.86,104.52,1.4,0.4,0,0,2.7,0.0
sofia,málaga,3489.11,24.78,140.83,1.4,0.7,0,0,3.15,0.0
sofia,vilnius,2011.47,19.37,103.82,1.4,2.03,0,0,5.14,0.0
sofia,essen,1983.02,18.03,110.0,1.4,0.62,0,0,3.03,0.0
sofia,sheffield,2758.8,24.01,114.88,1.4,0.41,0,0,2.72,0.0
sofia,kayseri,1543.15,11.83,130.48,1.4,0.36,0,0,2.64,0.0
sofia,bremen,1994.16,18.83,105.91,1.4,0.91,0,0,3.46,0.0
sofia,dresden,1514.18,15.02,100.82,1.4,1.12,0,0,3.78,0.0
sofia,genova,1597.36,16.06,99.46,1.4,0.43,0,0,2.74,0.0
sofia,københavn,2445.19,21.87,111.79,1.4,0.18,0,0,2.37,0.0
sofia,manchester,2797.99,23.85,117.33,1.4,0.6,0,0,3.0,0.0
sofia,poznan,1504.16,15.16,99.2,1.4,1.07,0,0,3.7,0.0
sofia,hannover,1876.03,18.12,103.53,1.4,0.96,0,0,3.54,0.0
sofia,antwerpen,2139.07,19.21,111.33,1.4,1.48,0,0,4.32,0.0
sofia,bradford,2817.02,24.37,115.61,1.4,0.35,0,0,2.62,0.0
sofia,nürnberg,1514.1,15.2,99.6,1.4,1.0,0,0,3.6,0.0
sofia,edinburgh,3129.89,27.26,114.83,1.4,0.14,0,0,2.31,0.0
sofia,duisburg,1971.47,17.81,110.72,1.4,0.87,0,0,3.4,0.0
adana,birmingham,4348.09,36.05,120.61,1.88,0.19,0,0,3.1,0.0
adana,köln,3576.58,30.26,118.19,1.88,1.04,0,0,4.38,0.0
adana,amsterdam,3826.7,32.15,119.02,1.88,0.81,0,0,4.04,0.0
adana,porto,5343.16,42.89,124.58,1.88,0.45,0,0,3.5,0.0
adana,marseille,3651.12,31.94,114.3,1.88,0.64,0,0,3.78,0.0
adana,lille,3899.69,32.48,120.05,1.88,0.94,0,0,4.23,0.0
adana,sevilla,5216.92,37.72,138.32,1.88,0.73,0,0,3.92,0.0
adana,torino,3270.42,28.5,114.74,1.88,1.27,0,0,4.72,0.0
adana,konya,789.71,5.26,150.07,1.88,0.73,0,0,3.92,0.0
adana,kraków,2908.52,26.49,109.8,1.88,0.8,0,0,4.02,0.0
adana,hague,4237.46,34.01,124.58,1.88,0.73,0,0,3.92,0.0
adana,bilbao,4686.71,38.58,121.47,1.88,0.31,0,0,3.28,0.0
adana,leeds,4458.36,36.94,120.69,1.88,0.18,0,0,3.09,0.0
adana,frankfurt am main,3397.15,29.46,115.31,1.88,1.47,0,0,5.02,0.0
adana,zagreb,2467.97,22.21,111.14,1.88,1.2,0,0,4.62,0.0
adana,bordeaux,4191.78,36.18,115.87,1.88,2.37,0,0,6.38,0.0
adana,toulouse,4048.56,33.65,120.32,1.88,1.06,0,0,4.41,0.0
adana,göteborg,4435.25,36.51,121.46,1.88,0.46,0,0,3.51,0.0
adana,zürich,3273.91,29.34,111.6,1.88,0.1,0,0,2.97,0.0
adana,oslo,4771.38,38.6,123.61,1.88,0.12,0,0,3.0,0.0
adana,zaragoza,4462.81,34.96,127.64,1.88,1.58,0,0,5.19,0.0
adana,helsinki,4200.92,37.83,111.06,1.88,0.72,0,0,3.9,0.0
adana,wroclaw,3003.2,26.42,113.68,1.88,0.1,0,0,2.97,0.0
adana,lodz,3102.83,28.15,110.24,1.88,0.2,0,0,3.12,0.0
adana,stuttgart,3273.03,28.82,113.56,1.88,0.3,0,0,3.27,0.0
adana,palermo,3846.71,31.1,123.69,1.88,0.84,0,0,4.08,0.0
adana,düsseldorf,3609.8,30.45,118.55,1.88,1.13,0,0,4.51,0.0
adana,glasgow,4806.42,41.54,115.71,1.88,0.45,0,0,3.5,0.0
adana,leipzig,3292.42,28.67,114.83,1.88,0.9,0,0,4.17,0.0
adana,riga,3755.1,33.77,111.21,1.88,0.37,0,0,3.38,0.0
adana,dortmund,3632.36,31.66,114.75,1.88,0.4,0,0,3.42,0.0
adana,málaga,5150.19,37.57,137.08,1.88,0.7,0,0,3.87,0.0
adana,vilnius,3496.22,30.81,113.47,1.88,2.03,0,0,5.86,0.0
adana,essen,3644.1,30.82,118.23,1.88,0.62,0,0,3.75,0.0
adana,sheffield,4419.87,36.81,120.08,1.88,0.41,0,0,3.44,0.0
adana,kayseri,154.53,1.29,120.0,1.88,0.36,"6 Std., 7 Min.",367,3.36,402.36
adana,bremen,3655.24,31.62,115.58,1.88,0.91,0,0,4.19,0.0
adana,dresden,3175.26,27.81,114.16,1.88,1.12,0,0,4.5,0.0
adana,genova,3258.44,28.85,112.92,1.88,0.43,0,0,3.46,0.0
adana,københavn,4106.26,34.67,118.45,1.88,0.18,0,0,3.09,0.0
adana,manchester,4459.06,36.64,121.69,1.88,0.6,0,0,3.72,0.0
adana,poznan,3165.23,27.96,113.22,1.88,1.07,0,0,4.42,0.0
adana,hannover,3537.1,30.92,114.41,1.88,0.96,0,0,4.26,0.0
adana,antwerpen,3800.14,32.01,118.72,1.88,1.48,0,0,5.04,0.0
adana,bradford,4478.09,37.16,120.5,1.88,0.35,0,0,3.34,0.0
adana,nürnberg,3175.18,28.0,113.41,1.88,1.0,0,0,4.32,0.0
adana,edinburgh,4790.96,40.05,119.62,1.88,0.14,0,0,3.03,0.0
adana,duisburg,3632.55,30.6,118.71,1.88,0.87,0,0,4.12,0.0
birmingham,köln,774.02,5.89,131.39,0.19,1.04,"5 Std., 58 Min.",358,1.84,391.84
birmingham,amsterdam,746.3,5.88,126.97,0.19,0.81,"5 Std., 58 Min.",358,1.5,391.5
birmingham,porto,2365.6,15.63,151.39,0.19,0.45,0,0,0.96,0.0
birmingham,marseille,1386.59,8.78,157.97,0.19,0.64,"8 Std., 7 Min.",487,1.25,520.25
birmingham,lille,450.57,3.63,124.22,0.19,0.94,"3 Std., 9 Min.",189,1.69,222.69
birmingham,sevilla,2469.68,14.26,173.23,0.19,0.73,25 Std. 56 Min.,1556,1.38,1589.38
birmingham,torino,1361.05,9.56,142.42,0.19,1.27,"11 Std., 58 Min.",718,2.19,752.19
birmingham,konya,3977.45,32.49,122.42,0.19,0.73,25 Std. 13 Min.,1513,1.38,1546.38
birmingham,kraków,1846.73,16.32,113.12,0.19,0.8,"22 Std., 3 Min.",1323,1.48,1356.48
birmingham,hague,906.01,6.99,129.58,0.19,0.73,"5 Std., 44 Min.",344,1.38,377.38
birmingham,bilbao,1709.14,11.32,150.97,0.19,0.31,"13 Std., 15 Min.",795,0.75,827.75
birmingham,leeds,187.47,2.34,80.18,0.19,0.18,"1 Std., 58 Min.",118,0.55,150.55
birmingham,frankfurt am main,953.2,6.64,143.63,0.19,1.47,"7 Std., 32 Min.",452,2.49,486.49
birmingham,zagreb,1882.95,14.32,131.53,0.19,1.2,"23 Std., 12 Min.",1392,2.08,1426.08
birmingham,bordeaux,1189.61,7.4,160.82,0.19,2.37,"7 Std., 3 Min.",423,3.84,458.84
birmingham,toulouse,1354.83,10.61,127.72,0.19,1.06,"9 Std., 29 Min.",569,1.88,602.88
birmingham,göteborg,1968.18,13.63,144.37,0.19,0.46,23 Std. 3 Min.,1383,0.98,1415.98
birmingham,zürich,1166.19,8.78,132.8,0.19,0.1,"8 Std., 39 Min.",519,0.44,551.44
birmingham,oslo,2304.3,15.72,146.59,0.19,0.12,28 Std. 28 Min.,1708,0.46,1740.46
birmingham,zaragoza,1758.35,11.63,151.13,0.19,1.58,"14 Std., 36 Min.",876,2.66,910.66
birmingham,helsinki,2744.5,23.45,117.05,0.19,0.72,46 Std. 23 Min.,2783,1.36,2816.36
birmingham,wroclaw,1590.39,14.17,112.24,0.19,0.1,21 Std. 50 Min.,1310,0.44,1342.44
birmingham,lodz,1799.44,14.49,124.22,0.19,0.2,"23 Std., 19 Min.",1399,0.59,1431.59
birmingham,stuttgart,1086.17,8.89,122.18,0.19,0.3,"8 Std., 17 Min.",497,0.74,529.74
birmingham,palermo,2430.61,15.1,160.92,0.19,0.84,34 Std. 3 Min.,2043,1.55,2076.55
birmingham,düsseldorf,779.37,6.48,120.36,0.19,1.13,"6 Std., 44 Min.",404,1.98,437.98
birmingham,glasgow,480.7,5.13,93.77,0.19,0.45,"4 Std., 5 Min.",245,0.96,277.96
birmingham,leipzig,1242.09,11.03,112.66,0.19,0.9,"11 Std., 37 Min.",697,1.64,730.64
birmingham,riga,2298.69,19.39,118.57,0.19,0.37,0,0,0.84,0.0
birmingham,dortmund,832.45,6.92,120.28,0.19,0.4,"7 Std., 57 Min.",477,0.89,509.89
birmingham,málaga,2402.95,14.11,170.31,0.19,0.7,26 Std. 56 Min.,1616,1.33,1649.33
birmingham,vilnius,2225.5,18.47,120.51,0.19,2.03,0,0,3.33,0.0
birmingham,essen,798.32,6.61,120.86,0.19,0.62,"7 Std., 33 Min.",453,1.22,486.22
birmingham,sheffield,128.7,1.65,78.05,0.19,0.41,1 Std.,60,0.9,92.9
birmingham,kayseri,4225.78,35.06,120.54,0.19,0.36,0,0,0.82,0.0
birmingham,bremen,1031.16,8.54,120.79,0.19,0.91,"9 Std., 58 Min.",598,1.65,631.65
birmingham,dresden,1358.27,11.86,114.55,0.19,1.12,"12 Std., 52 Min.",772,1.97,805.97
birmingham,genova,1505.57,11.95,125.98,0.19,0.43,20 Std. 48 Min.,1248,0.93,1280.93
birmingham,københavn,1639.19,11.79,139.09,0.19,0.18,"17 Std., 59 Min.",1079,0.55,1111.55
birmingham,manchester,132.88,1.6,82.83,0.19,0.6,"1 Std., 28 Min.",88,1.18,121.18
birmingham,poznan,1559.99,11.64,133.99,0.19,1.07,17 Std. 52 Min.,1072,1.89,1105.89
birmingham,hannover,1039.46,8.3,125.26,0.19,0.96,"10 Std., 3 Min.",603,1.72,636.72
birmingham,antwerpen,582.99,4.76,122.56,0.19,1.48,"4 Std., 49 Min.",289,2.5,323.5
birmingham,bradford,207.2,2.56,80.95,0.19,0.35,"2 Std., 24 Min.",144,0.81,176.81
birmingham,nürnberg,1172.91,8.05,145.68,0.19,1.0,"10 Std., 10 Min.",610,1.78,643.78
birmingham,edinburgh,474.8,5.06,93.82,0.19,0.14,"4 Std., 11 Min.",251,0.5,283.5
birmingham,duisburg,779.87,6.47,120.55,0.19,0.87,"7 Std., 7 Min.",427,1.59,460.59
köln,amsterdam,256.86,2.09,122.83,1.04,0.81,"2 Std., 39 Min.",159,2.78,193.78
köln,porto,2213.29,13.76,160.81,1.04,0.45,34 Std. 56 Min.,2096,2.24,2130.24
köln,marseille,1066.36,7.4,144.11,1.04,0.64,"7 Std., 13 Min.",433,2.52,467.52
köln,lille,325.62,2.33,140.04,1.04,0.94,"2 Std., 46 Min.",166,2.97,200.97
köln,sevilla,2317.37,12.39,186.98,1.04,0.73,"25 Std., 58 Min.",1558,2.66,1592.66
köln,torino,905.51,6.89,131.41,1.04,1.27,"9 Std., 35 Min.",575,3.46,610.46
köln,konya,3205.95,26.7,120.06,1.04,0.73,14 Std. 52 Min.,892,2.66,926.66
köln,kraków,1101.51,10.14,108.64,1.04,0.8,"11 Std., 32 Min.",692,2.76,726.76
köln,hague,823.02,5.78,142.5,1.04,0.73,"3 Std., 10 Min.",190,2.66,224.66
köln,bilbao,1556.83,9.46,164.6,1.04,0.31,"13 Std., 6 Min.",786,2.02,820.02
köln,leeds,884.3,6.78,130.38,1.04,0.18,"7 Std., 3 Min.",423,1.83,456.83
köln,frankfurt am main,181.7,0.85,214.04,1.04,1.47,52 Min.,52,3.76,87.76
köln,zagreb,1111.44,8.53,130.33,1.04,1.2,"14 Std., 36 Min.",876,3.36,911.36
köln,bordeaux,1037.3,5.53,187.44,1.04,2.37,"6 Std., 32 Min.",392,5.12,429.12
köln,toulouse,1202.53,8.74,137.51,1.04,1.06,"8 Std., 38 Min.",518,3.15,553.15
köln,göteborg,1253.74,8.37,149.84,1.04,0.46,"12 Std., 56 Min.",776,2.25,810.25
köln,zürich,574.38,4.58,125.53,1.04,0.1,"4 Std., 46 Min.",286,1.71,319.71
köln,oslo,1589.86,10.45,152.09,1.04,0.12,"17 Std., 38 Min.",1058,1.74,1091.74
köln,zaragoza,1606.04,9.77,164.36,1.04,1.58,"14 Std., 27 Min.",867,3.93,902.93
köln,helsinki,2005.95,17.24,116.32,1.04,0.72,35 Std. 59 Min.,2159,2.64,2193.64
köln,wroclaw,845.17,7.98,105.86,1.04,0.1,"8 Std., 30 Min.",510,1.71,543.71
köln,lodz,1060.89,8.28,128.06,1.04,0.2,"10 Std., 38 Min.",638,1.86,671.86
köln,stuttgart,344.04,2.39,144.21,1.04,0.3,"2 Std., 6 Min.",126,2.01,160.01
köln,palermo,1838.8,10.9,168.71,1.04,0.84,24 Std. 36 Min.,1476,2.82,1510.82
köln,düsseldorf,44.34,0.41,108.97,1.04,1.13,21 Min.,21,3.26,56.26
köln,glasgow,1232.35,11.38,108.3,1.04,0.45,"9 Std., 16 Min.",556,2.24,590.24
köln,leipzig,496.88,4.84,102.66,1.04,0.9,"4 Std., 26 Min.",266,2.91,300.91
köln,riga,1560.14,13.19,118.32,1.04,0.37,0,0,2.12,0.0
köln,dortmund,102.97,0.98,105.56,1.04,0.4,"1 Std., 5 Min.",65,2.16,99.16
köln,málaga,2250.64,12.25,183.78,1.04,0.7,"26 Std., 14 Min.",1574,2.61,1608.61
köln,vilnius,1486.95,12.27,121.22,1.04,2.03,0,0,4.6,0.0
köln,essen,78.71,0.8,98.08,1.04,0.62,46 Min.,46,2.49,80.49
köln,sheffield,845.81,6.65,127.17,1.04,0.41,"6 Std., 56 Min.",416,2.17,450.17
köln,kayseri,3454.27,29.27,118.02,1.04,0.36,0,0,2.1,0.0
köln,bremen,329.31,2.26,145.56,1.04,0.91,"2 Std., 59 Min.",179,2.92,213.92
köln,dresden,613.06,5.67,108.09,1.04,1.12,"5 Std., 43 Min.",343,3.24,378.24
köln,genova,944.53,7.29,129.51,1.04,0.43,"10 Std., 13 Min.",613,2.2,647.2
köln,københavn,924.75,6.52,141.84,1.04,0.18,"9 Std., 27 Min.",567,1.83,600.83
köln,manchester,885.0,6.48,136.49,1.04,0.6,7 Std.,420,2.46,454.46
köln,poznan,821.44,5.44,150.99,1.04,1.07,"7 Std., 42 Min.",462,3.17,497.17
köln,hannover,300.92,2.1,143.53,1.04,0.96,"2 Std., 31 Min.",151,3.0,186.0
köln,antwerpen,226.08,1.85,122.16,1.04,1.48,"2 Std., 43 Min.",163,3.78,198.78
köln,bradford,904.03,7.0,129.07,1.04,0.35,"7 Std., 31 Min.",451,2.08,485.08
köln,nürnberg,401.41,2.26,177.33,1.04,1.0,"2 Std., 46 Min.",166,3.06,201.06
köln,edinburgh,1216.9,9.89,123.0,1.04,0.14,"8 Std., 57 Min.",537,1.77,570.77
köln,duisburg,67.08,0.56,120.06,1.04,0.87,,0,2.86,34.86
amsterdam,porto,2250.54,13.92,161.63,0.81,0.45,34 Std. 33 Min.,2073,1.89,2106.89
amsterdam,marseille,1237.39,9.09,136.15,0.81,0.64,"6 Std., 59 Min.",419,2.18,453.18
amsterdam,lille,299.56,2.29,131.07,0.81,0.94,"2 Std., 35 Min.",155,2.62,189.62
amsterdam,sevilla,2354.62,12.55,187.55,0.81,0.73,"24 Std., 32 Min.",1472,2.31,1506.31
amsterdam,torino,1158.43,8.92,129.86,0.81,1.27,"11 Std., 43 Min.",703,3.12,738.12
amsterdam,konya,3456.06,28.59,120.87,0.81,0.73,20 Std. 22 Min.,1222,2.31,1256.31
amsterdam,kraków,1197.9,9.96,120.24,0.81,0.8,"13 Std., 50 Min.",830,2.42,864.42
amsterdam,hague,825.85,5.87,140.78,0.81,0.73,37 Min.,37,2.31,71.31
amsterdam,bilbao,1594.09,9.62,165.72,0.81,0.31,"12 Std., 5 Min.",725,1.68,758.68
amsterdam,leeds,856.58,6.75,126.85,0.81,0.18,"7 Std., 33 Min.",453,1.48,486.48
amsterdam,frankfurt am main,431.81,2.74,157.68,0.81,1.47,"3 Std., 36 Min.",216,3.42,251.42
amsterdam,zagreb,1361.55,10.42,130.69,0.81,1.2,"20 Std., 9 Min.",1209,3.01,1244.01
amsterdam,bordeaux,1074.55,5.7,188.68,0.81,2.37,"5 Std., 59 Min.",359,4.77,395.77
amsterdam,toulouse,1239.78,8.91,139.21,0.81,1.06,"8 Std., 38 Min.",518,2.8,552.8
amsterdam,göteborg,1300.32,8.47,153.54,0.81,0.46,"15 Std., 42 Min.",942,1.9,975.9
amsterdam,zürich,827.31,6.61,125.25,0.81,0.1,"7 Std., 30 Min.",450,1.36,483.36
amsterdam,oslo,1636.44,10.56,155.04,0.81,0.12,"19 Std., 45 Min.",1185,1.4,1218.4
amsterdam,zaragoza,1643.29,9.93,165.45,0.81,1.58,"13 Std., 32 Min.",812,3.58,847.58
amsterdam,helsinki,2083.41,18.07,115.31,0.81,0.72,37 Std. 40 Min.,2260,2.3,2294.3
amsterdam,wroclaw,941.55,7.81,120.61,0.81,0.1,"10 Std., 48 Min.",648,1.36,681.36
amsterdam,lodz,1138.34,9.11,124.97,0.81,0.2,"12 Std., 39 Min.",759,1.52,792.52
amsterdam,stuttgart,596.97,4.42,135.19,0.81,0.3,"4 Std., 50 Min.",290,1.67,323.67
amsterdam,palermo,2091.73,12.93,161.79,0.81,0.84,28 Std. 1 Min.,1681,2.48,1715.48
amsterdam,düsseldorf,218.45,1.72,126.76,0.81,1.13,"2 Std., 14 Min.",134,2.91,168.91
amsterdam,glasgow,1204.63,11.35,106.14,0.81,0.45,"9 Std., 50 Min.",590,1.89,623.89
amsterdam,leipzig,630.45,5.17,121.92,0.81,0.9,"6 Std., 47 Min.",407,2.56,441.56
amsterdam,riga,1637.59,14.01,116.89,0.81,0.37,0,0,1.77,0.0
amsterdam,dortmund,232.37,1.97,118.2,0.81,0.4,"2 Std., 43 Min.",163,1.82,196.82
amsterdam,málaga,2287.89,12.41,184.4,0.81,0.7,"25 Std., 7 Min.",1507,2.26,1541.26
amsterdam,vilnius,1564.41,13.09,119.51,0.81,2.03,0,0,4.26,0.0
amsterdam,essen,202.9,1.68,120.94,0.81,0.62,"2 Std., 17 Min.",137,2.15,171.15
amsterdam,sheffield,818.09,6.62,123.56,0.81,0.41,7 Std.,420,1.83,453.83
amsterdam,kayseri,3704.39,31.16,118.89,0.81,0.36,"86 Std., 1 Min.",5161,1.75,5194.75
amsterdam,bremen,363.3,3.37,107.72,0.81,0.91,"4 Std., 8 Min.",248,2.58,282.58
amsterdam,dresden,734.71,6.09,120.64,0.81,1.12,"8 Std., 27 Min.",507,2.9,541.9
amsterdam,genova,1197.46,9.32,128.44,0.81,0.43,"13 Std., 30 Min.",810,1.86,843.86
amsterdam,københavn,971.33,6.62,146.7,0.81,0.18,11 Std.,660,1.48,693.48
amsterdam,manchester,857.28,6.45,132.82,0.81,0.6,"7 Std., 28 Min.",448,2.12,482.12
amsterdam,poznan,898.9,6.26,143.49,0.81,1.07,"9 Std., 30 Min.",570,2.82,604.82
amsterdam,hannover,378.37,2.92,129.56,0.81,0.96,"4 Std., 1 Min.",241,2.66,275.66
amsterdam,antwerpen,163.32,1.12,145.68,0.81,1.48,"1 Std., 14 Min.",74,3.44,109.44
amsterdam,bradford,876.31,6.97,125.65,0.81,0.35,"8 Std., 5 Min.",485,1.74,518.74
amsterdam,nürnberg,651.52,4.15,156.87,0.81,1.0,"6 Std., 20 Min.",380,2.72,414.72
amsterdam,edinburgh,1189.18,9.86,120.56,0.81,0.14,"9 Std., 26 Min.",566,1.43,599.43
amsterdam,duisburg,194.15,1.55,125.22,0.81,0.87,"2 Std., 1 Min.",121,2.52,155.52
porto,marseille,1710.04,11.8,144.89,0.45,0.64,"25 Std., 22 Min.",1522,1.64,1555.64
porto,lille,1956.53,11.23,174.18,0.45,0.94,"31 Std., 45 Min.",1905,2.08,1939.08
porto,sevilla,705.12,4.95,142.58,0.45,0.73,"12 Std., 1 Min.",721,1.77,754.77
porto,torino,2078.28,14.48,143.48,0.45,1.27,"36 Std., 33 Min.",2193,2.58,2227.58
porto,konya,4972.54,39.34,126.41,0.45,0.73,49 Std. 15 Min.,2955,1.77,2988.77
porto,kraków,3273.49,20.94,156.31,0.45,0.8,48 Std. 26 Min.,2906,1.88,2939.88
porto,hague,1889.33,11.9,158.81,0.45,0.73,32 Std. 46 Min.,1966,1.77,1999.77
porto,bilbao,865.77,5.88,147.32,0.45,0.31,"22 Std., 5 Min.",1325,1.14,1358.14
porto,leeds,2475.78,16.53,149.79,0.45,0.18,0,0,0.94,0.0
porto,frankfurt am main,2297.37,13.39,171.55,0.45,1.47,"36 Std., 53 Min.",2213,2.88,2247.88
porto,zagreb,2875.21,20.69,138.99,0.45,1.2,"50 Std., 20 Min.",3020,2.48,3054.48
porto,bordeaux,1175.99,8.23,142.91,0.45,2.37,"25 Std., 29 Min.",1529,4.23,1565.23
porto,toulouse,1294.81,9.25,140.01,0.45,1.06,"24 Std., 31 Min.",1471,2.26,1505.26
porto,göteborg,3443.95,21.68,158.84,0.45,0.46,52 Std. 35 Min.,3155,1.36,3188.36
porto,zürich,2205.27,15.73,140.19,0.45,0.1,"34 Std., 15 Min.",2055,0.82,2087.82
porto,oslo,3780.07,23.77,159.04,0.45,0.12,"60 Std., 31 Min.",3631,0.86,3663.86
porto,zaragoza,994.8,6.85,145.22,0.45,1.58,"10 Std., 32 Min.",632,3.05,667.05
porto,helsinki,4212.84,30.85,136.55,0.45,0.72,82 Std. 25 Min.,4945,1.75,4978.75
porto,wroclaw,3017.15,18.79,160.6,0.45,0.1,47 Std. 13 Min.,2833,0.82,2865.82
porto,lodz,3238.0,21.18,152.91,0.45,0.2,50 Std. 24 Min.,3024,0.98,3056.98
porto,stuttgart,2318.85,13.08,177.26,0.45,0.3,"35 Std., 51 Min.",2151,1.12,2184.12
porto,palermo,3074.08,20.83,147.55,0.45,0.84,"57 Std., 49 Min.",3469,1.94,3502.94
porto,düsseldorf,2231.6,14.08,158.54,0.45,1.13,34 Std. 48 Min.,2088,2.37,2122.37
porto,glasgow,2823.83,21.12,133.67,0.45,0.45,0,0,1.35,0.0
porto,leipzig,2665.98,15.96,167.04,0.45,0.9,"43 Std., 35 Min.",2615,2.02,2649.02
porto,riga,3767.03,26.79,140.59,0.45,0.37,0,0,1.23,0.0
porto,dortmund,2301.87,14.68,156.81,0.45,0.4,"37 Std., 1 Min.",2221,1.28,2254.28
porto,málaga,819.94,5.67,144.61,0.45,0.7,"12 Std., 30 Min.",750,1.72,783.72
porto,vilnius,3693.84,25.87,142.76,0.45,2.03,0,0,3.72,0.0
porto,essen,2267.74,14.36,157.88,0.45,0.62,"36 Std., 37 Min.",2197,1.6,2230.6
porto,sheffield,2437.29,16.4,148.64,0.45,0.41,"54 Std., 35 Min.",3275,1.29,3308.29
porto,kayseri,5220.87,41.9,124.6,0.45,0.36,0,0,1.22,0.0
porto,bremen,2510.87,15.93,157.6,0.45,0.91,38 Std. 2 Min.,2282,2.04,2316.04
porto,dresden,2782.17,16.79,165.7,0.45,1.12,41 Std. 58 Min.,2518,2.36,2552.36
porto,genova,2110.09,14.94,141.2,0.45,0.43,"35 Std., 55 Min.",2155,1.32,2188.32
porto,københavn,3114.96,19.83,157.05,0.45,0.18,"50 Std., 53 Min.",3053,0.94,3085.94
porto,manchester,2476.48,16.23,152.59,0.45,0.6,0,0,1.58,0.0
porto,poznan,3028.19,18.58,162.97,0.45,1.07,47 Std. 34 Min.,2854,2.28,2888.28
porto,hannover,2507.81,15.7,159.68,0.45,0.96,"39 Std., 5 Min.",2345,2.11,2379.11
porto,antwerpen,2087.14,12.8,163.12,0.45,1.48,"33 Std., 14 Min.",1994,2.9,2028.9
porto,bradford,2495.51,16.75,148.99,0.45,0.35,"57 Std., 1 Min.",3421,1.2,3454.2
porto,nürnberg,2481.45,14.67,169.2,0.45,1.0,36 Std. 57 Min.,2217,2.17,2251.17
porto,edinburgh,2808.38,19.64,143.0,0.45,0.14,0,0,0.89,0.0
porto,duisburg,2249.29,14.23,158.09,0.45,0.87,35 Std. 1 Min.,2101,1.98,2134.98
marseille,lille,965.02,4.08,236.44,0.64,0.94,"4 Std., 32 Min.",272,2.37,306.37
marseille,sevilla,1583.79,6.63,238.96,0.64,0.73,"10 Std., 38 Min.",638,2.06,672.06
marseille,torino,430.65,4.17,103.29,0.64,1.27,"7 Std., 38 Min.",458,2.86,492.86
marseille,konya,3280.49,28.38,115.57,0.64,0.73,23 Std. 47 Min.,1427,2.06,1461.06
marseille,kraków,1789.22,14.78,121.04,0.64,0.8,"22 Std., 8 Min.",1328,2.16,1362.16
marseille,hague,1124.81,5.82,193.2,0.64,0.73,"6 Std., 45 Min.",405,2.06,439.06
marseille,bilbao,1053.58,7.5,140.57,0.64,0.31,"12 Std., 58 Min.",778,1.42,811.42
marseille,leeds,1496.85,9.68,154.61,0.64,0.18,"8 Std., 58 Min.",538,1.23,571.23
marseille,frankfurt am main,983.89,6.2,158.76,0.64,1.47,"7 Std., 47 Min.",467,3.16,502.16
marseille,zagreb,1183.16,9.74,121.53,0.64,1.2,"28 Std., 5 Min.",1685,2.76,1719.76
marseille,bordeaux,672.96,4.21,159.84,0.64,2.37,"6 Std., 24 Min.",384,4.52,420.52
marseille,toulouse,415.44,2.56,162.31,0.64,1.06,"3 Std., 50 Min.",230,2.55,264.55
marseille,göteborg,2311.71,15.67,147.56,0.64,0.46,"22 Std., 2 Min.",1322,1.65,1355.65
marseille,zürich,749.66,6.87,109.15,0.64,0.1,"6 Std., 14 Min.",374,1.11,407.11
marseille,oslo,2647.84,17.75,149.15,0.64,0.12,28 Std. 41 Min.,1721,1.14,1754.14
marseille,zaragoza,829.68,3.87,214.15,0.64,1.58,"6 Std., 18 Min.",378,3.33,413.33
marseille,helsinki,2938.29,22.79,128.96,0.64,0.72,47 Std. 38 Min.,2858,2.04,2892.04
marseille,wroclaw,1703.67,11.59,146.96,0.64,0.1,"19 Std., 58 Min.",1198,1.11,1231.11
marseille,lodz,1924.52,13.98,137.65,0.64,0.2,"21 Std., 18 Min.",1278,1.26,1311.26
marseille,stuttgart,934.13,6.31,148.06,0.64,0.3,"7 Std., 1 Min.",421,1.41,454.41
marseille,palermo,1366.6,9.08,150.48,0.64,0.84,"25 Std., 10 Min.",1510,2.22,1544.22
marseille,düsseldorf,1102.39,7.73,142.63,0.64,1.13,"7 Std., 37 Min.",457,2.66,491.66
marseille,glasgow,1844.91,14.28,129.21,0.64,0.45,"11 Std., 27 Min.",687,1.64,720.64
marseille,leipzig,1352.51,8.77,154.29,0.64,0.9,"10 Std., 58 Min.",658,2.31,692.31
marseille,riga,2492.48,18.73,133.1,0.64,0.37,0,0,1.52,0.0
marseille,dortmund,1160.94,8.27,140.3,0.64,0.4,"8 Std., 35 Min.",515,1.56,548.56
marseille,málaga,1517.06,6.48,234.1,0.64,0.7,"11 Std., 13 Min.",673,2.01,707.01
marseille,vilnius,2419.29,17.81,135.86,0.64,2.03,0,0,4.0,0.0
marseille,essen,1136.68,8.1,140.3,0.64,0.62,"8 Std., 5 Min.",485,1.89,518.89
marseille,sheffield,1458.36,9.55,152.71,0.64,0.41,"8 Std., 43 Min.",523,1.58,556.58
marseille,kayseri,3528.81,30.95,114.02,0.64,0.36,0,0,1.5,0.0
marseille,bremen,1387.37,9.58,144.75,0.64,0.91,"11 Std., 17 Min.",677,2.33,711.33
marseille,dresden,1468.7,9.6,153.05,0.64,1.12,"12 Std., 27 Min.",747,2.64,781.64
marseille,genova,402.6,3.19,126.11,0.64,0.43,"6 Std., 11 Min.",371,1.6,404.6
marseille,københavn,1982.72,13.82,143.48,0.64,0.18,"18 Std., 4 Min.",1084,1.23,1117.23
marseille,manchester,1497.55,9.38,159.6,0.64,0.6,"8 Std., 47 Min.",527,1.86,560.86
marseille,poznan,1714.71,11.39,150.59,0.64,1.07,"17 Std., 24 Min.",1044,2.56,1078.56
marseille,hannover,1315.22,7.85,167.45,0.64,0.96,"10 Std., 5 Min.",605,2.4,639.4
marseille,antwerpen,1094.5,7.36,148.73,0.64,1.48,"5 Std., 41 Min.",341,3.18,376.18
marseille,bradford,1516.58,9.9,153.14,0.64,0.35,"9 Std., 26 Min.",566,1.48,599.48
marseille,nürnberg,1101.82,7.4,148.88,0.64,1.0,"10 Std., 6 Min.",606,2.46,640.46
marseille,edinburgh,1829.45,12.79,143.01,0.64,0.14,"10 Std., 53 Min.",653,1.17,686.17
marseille,duisburg,1125.13,7.88,142.77,0.64,0.87,"7 Std., 51 Min.",471,2.26,505.26
lille,sevilla,2060.72,9.87,208.78,0.94,0.73,22 Std.,1320,2.5,1354.5
lille,torino,939.48,4.86,193.3,0.94,1.27,"8 Std., 34 Min.",514,3.32,549.32
lille,konya,3529.05,28.93,122.0,0.94,0.73,20 Std. 48 Min.,1248,2.5,1282.5
lille,kraków,1399.99,12.75,109.81,0.94,0.8,"16 Std., 31 Min.",991,2.61,1025.61
lille,hague,527.99,3.63,145.3,0.94,0.73,"2 Std., 22 Min.",142,2.5,176.5
lille,bilbao,1300.18,6.93,187.48,0.94,0.31,"10 Std., 9 Min.",609,1.88,642.88
lille,leeds,560.84,4.52,124.12,0.94,0.18,"4 Std., 7 Min.",247,1.68,280.68
lille,frankfurt am main,504.8,3.07,164.4,0.94,1.47,"4 Std., 10 Min.",250,3.62,285.62
lille,zagreb,1434.54,10.75,133.45,0.94,1.2,"19 Std., 21 Min.",1161,3.21,1196.21
lille,bordeaux,780.65,3.01,259.26,0.94,2.37,"3 Std., 59 Min.",239,4.96,275.96
lille,toulouse,945.87,6.22,152.03,0.94,1.06,"6 Std., 29 Min.",389,3.0,424.0
lille,göteborg,1521.43,10.06,151.28,0.94,0.46,"19 Std., 11 Min.",1151,2.1,1185.1
lille,zürich,717.78,5.22,137.57,0.94,0.1,"5 Std., 44 Min.",344,1.56,377.56
lille,oslo,1857.56,12.14,152.97,0.94,0.12,"22 Std., 51 Min.",1371,1.59,1404.59
lille,zaragoza,1349.39,7.25,186.16,0.94,1.58,"10 Std., 41 Min.",641,3.78,676.78
lille,helsinki,2297.76,19.87,115.64,0.94,0.72,42 Std. 10 Min.,2530,2.49,2564.49
lille,wroclaw,1143.64,10.59,107.96,0.94,0.1,"13 Std., 29 Min.",809,1.56,842.56
lille,lodz,1352.69,10.91,123.98,0.94,0.2,"17 Std., 29 Min.",1049,1.71,1082.71
lille,stuttgart,637.76,5.33,119.74,0.94,0.3,"4 Std., 52 Min.",292,1.86,325.86
lille,palermo,1982.2,11.54,171.75,0.94,0.84,26 Std. 19 Min.,1579,2.67,1613.67
lille,düsseldorf,332.63,2.9,114.73,0.94,1.13,"3 Std., 38 Min.",218,3.1,253.1
lille,glasgow,908.9,9.11,99.72,0.94,0.45,"6 Std., 26 Min.",386,2.08,420.08
lille,leipzig,795.35,7.45,106.76,0.94,0.9,"7 Std., 57 Min.",477,2.76,511.76
lille,riga,1851.94,15.81,117.13,0.94,0.37,0,0,1.97,0.0
lille,dortmund,385.71,3.35,115.3,0.94,0.4,"4 Std., 37 Min.",277,2.01,311.01
lille,málaga,1993.99,9.72,205.08,0.94,0.7,"22 Std., 28 Min.",1348,2.46,1382.46
lille,vilnius,1778.75,14.89,119.44,0.94,2.03,0,0,4.46,0.0
lille,essen,351.58,3.03,116.06,0.94,0.62,"4 Std., 13 Min.",253,2.34,287.34
lille,sheffield,522.35,4.39,119.07,0.94,0.41,"4 Std., 5 Min.",245,2.02,279.02
lille,kayseri,3777.38,31.49,119.95,0.94,0.36,0,0,1.95,0.0
lille,bremen,584.42,4.96,117.8,0.94,0.91,"6 Std., 31 Min.",391,2.78,425.78
lille,dresden,911.53,8.28,110.07,0.94,1.12,"9 Std., 11 Min.",551,3.09,586.09
lille,genova,1057.16,8.39,126.05,0.94,0.43,"11 Std., 43 Min.",703,2.05,737.05
lille,københavn,1192.44,8.21,145.25,0.94,0.18,"14 Std., 19 Min.",859,1.68,892.68
lille,manchester,561.54,4.22,133.07,0.94,0.6,"4 Std., 9 Min.",249,2.31,283.31
lille,poznan,1113.25,8.07,138.01,0.94,1.07,"12 Std., 58 Min.",778,3.01,813.01
lille,hannover,592.72,4.72,125.51,0.94,0.96,"6 Std., 35 Min.",395,2.85,429.85
lille,antwerpen,136.24,1.18,115.37,0.94,1.48,"1 Std., 18 Min.",78,3.63,113.63
lille,bradford,580.57,4.74,122.48,0.94,0.35,"4 Std., 32 Min.",272,1.94,305.94
lille,nürnberg,724.51,4.49,161.53,0.94,1.0,"6 Std., 31 Min.",391,2.91,425.91
lille,edinburgh,893.44,7.63,117.11,0.94,0.14,"6 Std., 6 Min.",366,1.62,399.62
lille,duisburg,333.12,2.89,115.13,0.94,0.87,"3 Std., 58 Min.",238,2.72,272.72
sevilla,torino,1952.03,9.31,209.63,0.73,1.27,"27 Std., 38 Min.",1658,3.0,1693.0
sevilla,konya,4846.3,34.16,141.86,0.73,0.73,40 Std. 6 Min.,2406,2.19,2440.19
sevilla,kraków,3314.5,20.25,163.65,0.73,0.8,37 Std. 20 Min.,2240,2.3,2274.3
sevilla,hague,1993.41,10.53,189.37,0.73,0.73,"24 Std., 1 Min.",1441,2.19,1475.19
sevilla,bilbao,969.85,4.51,215.18,0.73,0.31,"8 Std., 21 Min.",501,1.56,534.56
sevilla,leeds,2579.86,15.16,170.19,0.73,0.18,"25 Std., 46 Min.",1546,1.36,1579.36
sevilla,frankfurt am main,2380.82,11.82,201.41,0.73,1.47,"24 Std., 29 Min.",1469,3.3,1504.3
sevilla,zagreb,2748.97,15.51,177.19,0.73,1.2,"41 Std., 38 Min.",2498,2.9,2532.9
sevilla,bordeaux,1280.07,6.86,186.62,0.73,2.37,"13 Std., 24 Min.",804,4.65,840.65
sevilla,toulouse,1398.89,7.88,177.57,0.73,1.06,"10 Std., 11 Min.",611,2.68,645.68
sevilla,göteborg,3548.03,20.31,174.68,0.73,0.46,43 Std. 26 Min.,2606,1.78,2639.78
sevilla,zürich,2149.61,10.83,198.56,0.73,0.1,"23 Std., 58 Min.",1438,1.24,1471.24
sevilla,oslo,3884.15,22.4,173.41,0.73,0.12,48 Std. 50 Min.,2930,1.27,2963.27
sevilla,zaragoza,758.99,2.9,261.84,0.73,1.58,"3 Std., 38 Min.",218,3.46,253.46
sevilla,helsinki,4316.92,29.48,146.42,0.73,0.72,71 Std. 10 Min.,4270,2.17,4304.17
sevilla,wroclaw,3100.61,17.22,180.1,0.73,0.1,33 Std. 20 Min.,2000,1.24,2033.24
sevilla,lodz,3321.46,19.6,169.42,0.73,0.2,37 Std. 9 Min.,2229,1.4,2262.4
sevilla,stuttgart,2331.07,11.93,195.36,0.73,0.3,"23 Std., 34 Min.",1414,1.55,1447.55
sevilla,palermo,2947.84,15.66,188.22,0.73,0.84,"46 Std., 52 Min.",2812,2.35,2846.35
sevilla,düsseldorf,2335.68,12.71,183.82,0.73,1.13,"26 Std., 6 Min.",1566,2.79,1600.79
sevilla,glasgow,2927.91,19.76,148.21,0.73,0.45,28 Std. 32 Min.,1712,1.77,1745.77
sevilla,leipzig,2749.44,14.39,191.08,0.73,0.9,"27 Std., 54 Min.",1674,2.44,1708.44
sevilla,riga,3871.11,25.42,152.26,0.73,0.37,0,0,1.65,0.0
sevilla,dortmund,2405.95,13.31,180.77,0.73,0.4,"26 Std., 51 Min.",1611,1.69,1644.69
sevilla,málaga,184.35,1.17,157.44,0.73,0.7,"1 Std., 47 Min.",107,2.14,141.14
sevilla,vilnius,3797.92,24.5,154.99,0.73,2.03,0,0,4.14,0.0
sevilla,essen,2371.82,12.99,182.54,0.73,0.62,"26 Std., 32 Min.",1592,2.02,1626.02
sevilla,sheffield,2541.37,15.03,169.12,0.73,0.41,25 Std. 35 Min.,1535,1.71,1568.71
sevilla,kayseri,5094.62,36.73,138.71,0.73,0.36,0,0,1.63,0.0
sevilla,bremen,2614.96,14.56,179.57,0.73,0.91,"28 Std., 45 Min.",1725,2.46,1759.46
sevilla,dresden,2865.63,15.22,188.29,0.73,1.12,"29 Std., 9 Min.",1749,2.78,1783.78
sevilla,genova,1983.84,9.77,203.01,0.73,0.43,"25 Std., 58 Min.",1558,1.74,1591.74
sevilla,københavn,3219.04,18.46,174.34,0.73,0.18,35 Std. 8 Min.,2108,1.36,2141.36
sevilla,manchester,2580.56,14.86,173.66,0.73,0.6,"25 Std., 35 Min.",1535,2.0,1569.0
sevilla,poznan,3111.64,17.01,182.93,0.73,1.07,34 Std.,2040,2.7,2074.7
sevilla,hannover,2611.89,14.34,182.2,0.73,0.96,"27 Std., 26 Min.",1646,2.53,1680.53
sevilla,antwerpen,2191.22,11.43,191.78,0.73,1.48,"22 Std., 57 Min.",1377,3.32,1412.32
sevilla,bradford,2599.59,15.38,169.02,0.73,0.35,26 Std. 18 Min.,1578,1.62,1611.62
sevilla,nürnberg,2498.75,13.02,191.86,0.73,1.0,"26 Std., 50 Min.",1610,2.6,1644.6
sevilla,edinburgh,2912.46,18.27,159.42,0.73,0.14,"27 Std., 56 Min.",1676,1.31,1709.31
sevilla,duisburg,2353.37,12.86,183.03,0.73,0.87,25 Std. 6 Min.,1506,2.4,1540.4
torino,konya,2899.78,24.95,116.24,1.27,0.73,19 Std. 45 Min.,1185,3.0,1220.0
torino,kraków,1408.52,11.34,124.17,1.27,0.8,"18 Std., 50 Min.",1130,3.11,1165.11
torino,hague,1099.27,6.6,166.58,1.27,0.73,"12 Std., 21 Min.",741,3.0,776.0
torino,bilbao,1421.81,10.18,139.73,1.27,0.31,"24 Std., 40 Min.",1480,2.37,1514.37
torino,leeds,1471.31,10.46,140.68,1.27,0.18,"14 Std., 27 Min.",867,2.17,901.17
torino,frankfurt am main,742.51,5.2,142.77,1.27,1.47,"8 Std., 22 Min.",502,4.11,538.11
torino,zagreb,802.45,6.3,127.44,1.27,1.2,"14 Std., 20 Min.",860,3.7,895.7
torino,bordeaux,926.88,7.77,119.33,1.27,2.37,"11 Std., 44 Min.",704,5.46,741.46
torino,toulouse,783.66,5.24,149.56,1.27,1.06,"13 Std., 16 Min.",796,3.5,831.5
torino,göteborg,2072.39,13.36,155.08,1.27,0.46,"22 Std., 35 Min.",1355,2.6,1389.6
torino,zürich,367.9,2.84,129.42,1.27,0.1,"4 Std., 25 Min.",265,2.06,299.06
torino,oslo,2408.52,15.45,155.89,1.27,0.12,28 Std. 25 Min.,1705,2.08,1739.08
torino,zaragoza,1197.91,6.55,182.76,1.27,1.58,"15 Std., 42 Min.",942,4.28,978.28
torino,helsinki,2644.25,21.8,121.27,1.27,0.72,48 Std. 20 Min.,2900,2.99,2934.99
torino,wroclaw,1368.81,13.68,100.03,1.27,0.1,"19 Std., 35 Min.",1175,2.06,1209.06
torino,lodz,1548.16,12.65,122.38,1.27,0.2,"21 Std., 28 Min.",1288,2.2,1322.2
torino,stuttgart,649.66,5.27,123.3,1.27,0.3,"7 Std., 32 Min.",452,2.36,486.36
torino,palermo,1125.36,7.02,160.32,1.27,0.84,"15 Std., 50 Min.",950,3.16,985.16
torino,düsseldorf,941.54,7.21,130.52,1.27,1.13,"9 Std., 39 Min.",579,3.6,614.6
torino,glasgow,1819.36,15.06,120.85,1.27,0.45,18 Std. 8 Min.,1088,2.58,1122.58
torino,leipzig,1058.47,7.79,135.96,1.27,0.9,"11 Std., 40 Min.",700,3.26,735.26
torino,riga,2198.43,17.75,123.89,1.27,0.37,0,0,2.46,0.0
torino,dortmund,999.0,7.54,132.46,1.27,0.4,"10 Std., 33 Min.",633,2.5,667.5
torino,málaga,1885.29,9.16,205.8,1.27,0.7,"27 Std., 29 Min.",1649,2.96,1683.96
torino,vilnius,2125.25,16.83,126.31,1.27,2.03,0,0,4.95,0.0
torino,essen,975.83,7.59,128.63,1.27,0.62,"10 Std., 10 Min.",610,2.84,644.84
torino,sheffield,1432.82,10.33,138.74,1.27,0.41,15 Std. 13 Min.,913,2.52,947.52
torino,kayseri,3148.11,27.51,114.43,1.27,0.36,0,0,2.44,0.0
torino,bremen,1195.93,7.66,156.03,1.27,0.91,"12 Std., 17 Min.",737,3.27,772.27
torino,dresden,1146.36,9.46,121.17,1.27,1.12,"13 Std., 8 Min.",788,3.58,823.58
torino,genova,161.36,1.13,142.83,1.27,0.43,"1 Std., 50 Min.",110,2.55,144.55
torino,københavn,1743.4,11.52,151.39,1.27,0.18,"18 Std., 34 Min.",1114,2.17,1148.17
torino,manchester,1472.01,10.16,144.88,1.27,0.6,,0,2.8,34.8
torino,poznan,1420.67,10.41,136.52,1.27,1.07,"17 Std., 9 Min.",1029,3.51,1064.51
torino,hannover,1073.83,6.86,156.59,1.27,0.96,"10 Std., 47 Min.",647,3.34,682.34
torino,antwerpen,1018.69,7.74,131.56,1.27,1.48,"11 Std., 37 Min.",697,4.12,733.12
torino,bradford,1491.04,10.68,139.61,1.27,0.35,15 Std. 50 Min.,950,2.43,984.43
torino,nürnberg,754.58,5.92,127.37,1.27,1.0,"9 Std., 24 Min.",564,3.4,599.4
torino,edinburgh,1803.91,13.57,132.94,1.27,0.14,"16 Std., 30 Min.",990,2.12,1024.12
torino,duisburg,964.29,7.37,130.91,1.27,0.87,"9 Std., 52 Min.",592,3.21,627.21
konya,kraków,2537.53,22.9,110.8,0.73,0.8,13 Std. 13 Min.,793,2.3,827.3
konya,hague,3866.47,30.43,127.08,0.73,0.73,19 Std. 35 Min.,1175,2.19,1209.19
konya,bilbao,4315.72,35.0,123.32,0.73,0.31,29 Std. 25 Min.,1765,1.56,1798.56
konya,leeds,4087.37,33.35,122.55,0.73,0.18,26 Std. 52 Min.,1612,1.36,1645.36
konya,frankfurt am main,3026.16,25.87,116.96,0.73,1.47,14 Std. 48 Min.,888,3.3,923.3
konya,zagreb,2096.98,18.62,112.62,0.73,1.2,10 Std. 8 Min.,608,2.9,642.9
konya,bordeaux,3820.79,32.59,117.24,0.73,2.37,22 Std. 14 Min.,1334,4.65,1370.65
konya,toulouse,3677.57,30.06,122.33,0.73,1.06,26 Std. 16 Min.,1576,2.68,1610.68
konya,göteborg,4064.26,32.93,123.43,0.73,0.46,26 Std. 38 Min.,1598,1.78,1631.78
konya,zürich,2902.92,25.75,112.74,0.73,0.1,14 Std. 45 Min.,885,1.24,918.24
konya,oslo,4400.39,35.01,125.67,0.73,0.12,32 Std. 3 Min.,1923,1.27,1956.27
konya,zaragoza,4091.82,31.38,130.41,0.73,1.58,28 Std. 42 Min.,1722,3.46,1757.46
konya,helsinki,3829.93,34.24,111.86,0.73,0.72,0,0,2.17,0.0
konya,wroclaw,2632.21,22.83,115.3,0.73,0.1,12 Std. 25 Min.,745,1.24,778.24
konya,lodz,2731.84,24.56,111.23,0.73,0.2,14 Std. 58 Min.,898,1.4,931.4
konya,stuttgart,2902.04,25.23,115.0,0.73,0.3,15 Std. 31 Min.,931,1.55,964.55
konya,palermo,3475.72,27.51,126.34,0.73,0.84,31 Std. 10 Min.,1870,2.35,1904.35
konya,düsseldorf,3238.82,26.86,120.57,0.73,1.13,17 Std. 38 Min.,1058,2.79,1092.79
konya,glasgow,4435.43,37.95,116.88,0.73,0.45,29 Std. 6 Min.,1746,1.77,1779.77
konya,leipzig,2921.43,25.08,116.47,0.73,0.9,14 Std. 28 Min.,868,2.44,902.44
konya,riga,3384.11,30.18,112.14,0.73,0.37,0,0,1.65,0.0
konya,dortmund,3261.37,28.07,116.2,0.73,0.4,18 Std. 45 Min.,1125,1.69,1158.69
konya,málaga,4779.2,33.98,140.64,0.73,0.7,38 Std. 40 Min.,2320,2.14,2354.14
konya,vilnius,3125.23,27.22,114.8,0.73,2.03,0,0,4.14,0.0
konya,essen,3273.11,27.23,120.18,0.73,0.62,18 Std. 5 Min.,1085,2.02,1119.02
konya,sheffield,4048.88,33.22,121.87,0.73,0.41,26 Std. 48 Min.,1608,1.71,1641.71
konya,kayseri,667.05,4.24,157.31,0.73,0.36,"9 Std., 38 Min.",578,1.63,611.63
konya,bremen,3284.25,28.04,117.14,0.73,0.91,16 Std. 57 Min.,1017,2.46,1051.46
konya,dresden,2804.27,24.23,115.75,0.73,1.12,13 Std. 44 Min.,824,2.78,858.78
konya,genova,2887.45,25.27,114.27,0.73,0.43,19 Std. 44 Min.,1184,1.74,1217.74
konya,københavn,3735.27,31.08,120.18,0.73,0.18,22 Std. 52 Min.,1372,1.36,1405.36
konya,manchester,4088.07,33.05,123.67,0.73,0.6,26 Std. 50 Min.,1610,2.0,1644.0
konya,poznan,2794.24,24.37,114.66,0.73,1.07,14 Std. 47 Min.,887,2.7,921.7
konya,hannover,3166.11,27.33,115.85,0.73,0.96,14 Std. 51 Min.,891,2.53,925.53
konya,antwerpen,3429.16,28.42,120.65,0.73,1.48,21 Std. 6 Min.,1266,3.32,1301.32
konya,bradford,4107.1,33.57,122.33,0.73,0.35,27 Std. 24 Min.,1644,1.62,1677.62
konya,nürnberg,2804.19,24.41,114.88,0.73,1.0,12 Std. 31 Min.,751,2.6,785.6
konya,edinburgh,4419.97,36.46,121.21,0.73,0.14,29 Std. 14 Min.,1754,1.31,1787.31
konya,duisburg,3261.56,27.01,120.74,0.73,0.87,17 Std. 52 Min.,1072,2.4,1106.4
kraków,hague,1914.27,15.56,123.02,0.8,0.73,14 Std.,840,2.3,874.3
kraków,bilbao,2617.04,16.65,157.21,0.8,0.31,28 Std. 39 Min.,1719,1.67,1752.67
kraków,leeds,1957.0,17.2,113.76,0.8,0.18,22 Std. 56 Min.,1376,1.47,1409.47
kraków,frankfurt am main,977.85,7.61,128.47,0.8,1.47,"11 Std., 31 Min.",691,3.4,726.4
kraków,zagreb,759.11,7.59,100.03,0.8,1.2,"14 Std., 27 Min.",867,3.0,902.0
kraków,bordeaux,2097.5,12.72,164.86,0.8,2.37,"21 Std., 31 Min.",1291,4.76,1327.76
kraków,toulouse,2138.47,16.1,132.84,0.8,1.06,"25 Std., 18 Min.",1518,2.79,1552.79
kraków,göteborg,1692.0,11.88,142.42,0.8,0.46,19 Std. 59 Min.,1199,1.89,1232.89
kraków,zürich,1166.69,9.43,123.66,0.8,0.1,"14 Std., 37 Min.",877,1.35,910.35
kraków,oslo,2028.12,13.97,145.21,0.8,0.12,"27 Std., 45 Min.",1665,1.38,1698.38
kraków,zaragoza,2552.71,17.41,146.59,0.8,1.58,"29 Std., 56 Min.",1796,3.57,1831.57
kraków,helsinki,1489.17,12.89,115.54,0.8,0.72,0,0,2.28,0.0
kraków,wroclaw,256.36,2.16,118.66,0.8,0.1,"2 Std., 47 Min.",167,1.35,200.35
kraków,lodz,263.77,2.04,129.54,0.8,0.2,"2 Std., 28 Min.",148,1.5,181.5
kraków,stuttgart,1013.54,9.77,103.76,0.8,0.3,"12 Std., 49 Min.",769,1.65,802.65
kraków,palermo,1986.38,14.04,141.45,0.8,0.84,"31 Std., 50 Min.",1910,2.46,1944.46
kraków,düsseldorf,1078.72,9.89,109.02,0.8,1.13,"11 Std., 46 Min.",706,2.9,740.9
kraków,glasgow,2305.05,21.8,105.74,0.8,0.45,"26 Std., 14 Min.",1574,1.88,1607.88
kraków,leipzig,610.96,5.03,121.35,0.8,0.9,"8 Std., 52 Min.",532,2.55,566.55
kraków,riga,1043.35,8.83,118.17,0.8,0.37,0,0,1.75,0.0
kraków,dortmund,1017.51,9.37,108.64,0.8,0.4,"10 Std., 49 Min.",649,1.8,682.8
kraków,málaga,3240.1,20.02,161.85,0.8,0.7,"38 Std., 56 Min.",2336,2.25,2370.25
kraków,vilnius,791.83,6.52,121.39,0.8,2.03,0,0,4.24,0.0
kraków,essen,1049.28,9.75,107.58,0.8,0.62,"11 Std., 14 Min.",674,2.13,708.13
kraków,sheffield,1918.51,17.07,112.38,0.8,0.41,"19 Std., 22 Min.",1162,1.82,1195.82
kraków,kayseri,2786.21,25.5,109.28,0.8,0.36,"65 Std., 44 Min.",3944,1.74,3977.74
kraków,bremen,925.94,7.88,117.58,0.8,0.91,"10 Std., 20 Min.",620,2.56,654.56
kraków,dresden,522.89,4.44,117.8,0.8,1.12,"9 Std., 13 Min.",553,2.88,587.88
kraków,genova,1396.54,11.69,119.42,0.8,0.43,"19 Std., 31 Min.",1171,1.84,1204.84
kraków,københavn,1363.01,10.03,135.86,0.8,0.18,15 Std.,900,1.47,933.47
kraków,manchester,1957.7,16.91,115.8,0.8,0.6,25 Std. 17 Min.,1517,2.1,1551.1
kraków,poznan,397.28,4.01,99.03,0.8,1.07,"4 Std., 42 Min.",282,2.8,316.8
kraków,hannover,827.52,7.0,118.22,0.8,0.96,"9 Std., 7 Min.",547,2.64,581.64
kraków,antwerpen,1267.83,11.63,109.05,0.8,1.48,"15 Std., 9 Min.",909,3.42,944.42
kraków,bradford,1976.73,17.43,113.44,0.8,0.35,25 Std. 18 Min.,1518,1.72,1551.72
kraków,nürnberg,822.95,8.32,98.96,0.8,1.0,"10 Std., 16 Min.",616,2.7,650.7
kraków,edinburgh,2289.6,20.31,112.71,0.8,0.14,"21 Std., 22 Min.",1282,1.41,1315.41
kraków,duisburg,1067.46,9.87,108.18,0.8,0.87,"11 Std., 27 Min.",687,2.5,721.5
hague,bilbao,1232.87,7.6,162.29,0.73,0.31,"11 Std., 51 Min.",711,1.56,744.56
hague,leeds,1016.28,7.9,128.67,0.73,0.18,"7 Std., 28 Min.",448,1.36,481.36
hague,frankfurt am main,949.81,5.55,171.28,0.73,1.47,"3 Std., 56 Min.",236,3.3,271.3
hague,zagreb,1769.5,11.8,149.91,0.73,1.2,"20 Std., 23 Min.",1223,2.9,1257.9
hague,bordeaux,713.34,3.67,194.21,0.73,2.37,"5 Std., 44 Min.",344,4.65,380.65
hague,toulouse,945.83,6.94,136.32,0.73,1.06,"8 Std., 29 Min.",509,2.68,543.68
hague,göteborg,2042.08,13.15,155.27,0.73,0.46,"16 Std., 10 Min.",970,1.78,1003.78
hague,zürich,984.91,6.71,146.73,0.73,0.1,"7 Std., 50 Min.",470,1.24,503.24
hague,oslo,2378.2,15.24,156.07,0.73,0.12,"21 Std., 35 Min.",1295,1.27,1328.27
hague,zaragoza,1282.08,7.91,162.07,0.73,1.58,"13 Std., 12 Min.",792,3.46,827.46
hague,helsinki,2812.05,22.68,124.01,0.73,0.72,38 Std.,2280,2.17,2314.17
hague,wroclaw,1657.94,13.4,123.74,0.73,0.1,"11 Std., 8 Min.",668,1.24,701.24
hague,lodz,1866.99,13.72,136.13,0.73,0.2,13 Std. 20 Min.,800,1.4,833.4
hague,stuttgart,971.29,5.24,185.53,0.73,0.3,"5 Std., 10 Min.",310,1.55,343.55
hague,palermo,2191.59,12.5,175.35,0.73,0.84,28 Std. 1 Min.,1681,2.35,1715.35
hague,düsseldorf,841.42,6.09,138.1,0.73,1.13,"2 Std., 41 Min.",161,2.79,195.79
hague,glasgow,1364.34,12.5,109.19,0.73,0.45,"9 Std., 41 Min.",581,1.77,614.77
hague,leipzig,1309.65,10.25,127.72,0.73,0.9,"7 Std., 7 Min.",427,2.44,461.44
hague,riga,2366.24,18.62,127.11,0.73,0.37,0,0,1.65,0.0
hague,dortmund,900.0,6.15,146.34,0.73,0.4,"3 Std., 11 Min.",191,1.69,224.69
hague,málaga,1926.68,10.38,185.53,0.73,0.7,"24 Std., 58 Min.",1498,2.14,1532.14
hague,vilnius,2293.05,17.7,129.57,0.73,2.03,0,0,4.14,0.0
hague,essen,865.88,5.83,148.42,0.73,0.62,"2 Std., 45 Min.",165,2.02,199.02
hague,sheffield,977.79,7.77,125.89,0.73,0.41,"7 Std., 19 Min.",439,1.71,472.71
hague,kayseri,4115.15,33.02,124.63,0.73,0.36,0,0,1.63,0.0
hague,bremen,1109.01,7.4,149.82,0.73,0.91,"4 Std., 28 Min.",268,2.46,302.46
hague,dresden,1425.82,11.09,128.61,0.73,1.12,"8 Std., 47 Min.",527,2.78,561.78
hague,genova,1254.76,7.62,164.68,0.73,0.43,"13 Std., 34 Min.",814,1.74,847.74
hague,københavn,1713.09,11.3,151.54,0.73,0.18,"11 Std., 28 Min.",688,1.36,721.36
hague,manchester,1016.98,7.6,133.81,0.73,0.6,"7 Std., 25 Min.",445,2.0,479.0
hague,poznan,1627.54,10.87,149.71,0.73,1.07,"9 Std., 50 Min.",590,2.7,624.7
hague,hannover,1107.02,7.53,147.07,0.73,0.96,"10 Std., 58 Min.",658,2.53,692.53
hague,antwerpen,662.53,4.76,139.2,0.73,1.48,1 Std.,60,3.32,95.32
hague,bradford,1036.01,8.12,127.59,0.73,0.35,7 Std. 45 Min.,465,1.62,498.62
hague,nürnberg,1133.89,6.82,166.26,0.73,1.0,"6 Std., 48 Min.",408,2.6,442.6
hague,edinburgh,1348.88,11.01,122.52,0.73,0.14,"9 Std., 22 Min.",562,1.31,595.31
hague,duisburg,847.42,5.7,148.72,0.73,0.87,"2 Std., 28 Min.",148,2.4,182.4
bilbao,leeds,1819.32,12.22,148.84,0.31,0.18,15 Std. 36 Min.,936,0.74,968.74
bilbao,frankfurt am main,1640.91,9.09,180.59,0.31,1.47,"13 Std., 1 Min.",781,2.67,815.67
bilbao,zagreb,2218.76,16.38,135.44,0.31,1.2,29 Std. 38 Min.,1778,2.26,1812.26
bilbao,bordeaux,519.53,3.92,132.4,0.31,2.37,"6 Std., 6 Min.",366,4.02,402.02
bilbao,toulouse,638.35,4.94,129.16,0.31,1.06,"8 Std., 39 Min.",519,2.06,553.06
bilbao,göteborg,2787.49,17.38,160.42,0.31,0.46,33 Std. 25 Min.,2005,1.16,2038.16
bilbao,zürich,1548.82,11.43,135.56,0.31,0.1,"13 Std., 28 Min.",808,0.62,840.62
bilbao,oslo,3123.62,19.46,160.49,0.31,0.12,38 Std. 52 Min.,2332,0.64,2364.64
bilbao,zaragoza,340.43,2.55,133.37,0.31,1.58,"4 Std., 29 Min.",269,2.84,303.84
bilbao,helsinki,3556.39,26.55,133.96,0.31,0.72,61 Std. 15 Min.,3675,1.55,3708.55
bilbao,wroclaw,2360.69,14.48,163.01,0.31,0.1,"27 Std., 27 Min.",1647,0.62,1679.62
bilbao,lodz,2581.54,16.87,153.02,0.31,0.2,"29 Std., 10 Min.",1750,0.76,1782.76
bilbao,stuttgart,1662.39,8.78,189.42,0.31,0.3,"13 Std., 6 Min.",786,0.92,818.92
bilbao,palermo,2417.63,16.53,146.27,0.31,0.84,47 Std. 7 Min.,2827,1.72,2860.72
bilbao,düsseldorf,1575.15,9.77,161.21,0.31,1.13,"13 Std., 43 Min.",823,2.16,857.16
bilbao,glasgow,2167.38,16.82,128.86,0.31,0.45,19 Std. 13 Min.,1153,1.14,1186.14
bilbao,leipzig,2009.53,11.66,172.42,0.31,0.9,"16 Std., 26 Min.",986,1.82,1019.82
bilbao,riga,3110.57,22.49,138.32,0.31,0.37,0,0,1.02,0.0
bilbao,dortmund,1645.41,10.37,158.61,0.31,0.4,"14 Std., 40 Min.",880,1.06,913.06
bilbao,málaga,903.12,4.36,207.15,0.31,0.7,"8 Std., 5 Min.",485,1.52,518.52
bilbao,vilnius,3037.38,21.57,140.82,0.31,2.03,0,0,3.51,0.0
bilbao,essen,1611.29,10.06,160.2,0.31,0.62,"14 Std., 10 Min.",850,1.4,883.4
bilbao,sheffield,1780.83,12.09,147.28,0.31,0.41,15 Std. 5 Min.,905,1.08,938.08
bilbao,kayseri,4564.41,37.6,121.41,0.31,0.36,0,0,1.0,0.0
bilbao,bremen,1854.42,11.63,159.5,0.31,0.91,"17 Std., 22 Min.",1042,1.83,1075.83
bilbao,dresden,2125.72,12.49,170.26,0.31,1.12,"17 Std., 41 Min.",1061,2.15,1095.15
bilbao,genova,1453.63,10.64,136.63,0.31,0.43,24 Std. 49 Min.,1489,1.11,1522.11
bilbao,københavn,2458.5,15.53,158.32,0.31,0.18,28 Std. 43 Min.,1723,0.74,1755.74
bilbao,manchester,1820.02,11.92,152.63,0.31,0.6,16 Std. 40 Min.,1000,1.36,1033.36
bilbao,poznan,2371.73,14.28,166.14,0.31,1.07,"26 Std., 32 Min.",1592,2.07,1626.07
bilbao,hannover,1851.35,11.4,162.4,0.31,0.96,"15 Std., 58 Min.",958,1.9,991.9
bilbao,antwerpen,1430.68,8.49,168.51,0.31,1.48,"17 Std., 29 Min.",1049,2.68,1083.68
bilbao,bradford,1839.05,12.44,147.78,0.31,0.35,16 Std. 55 Min.,1015,0.99,1047.99
bilbao,nürnberg,1824.99,10.36,176.14,0.31,1.0,"15 Std., 59 Min.",959,1.97,992.97
bilbao,edinburgh,2151.92,15.33,140.34,0.31,0.14,18 Std. 29 Min.,1109,0.68,1141.68
bilbao,duisburg,1592.83,9.92,160.53,0.31,0.87,"13 Std., 56 Min.",836,1.77,869.77
leeds,frankfurt am main,1063.48,7.62,139.61,0.18,1.47,"8 Std., 9 Min.",489,2.48,523.48
leeds,zagreb,1993.22,15.3,130.3,0.18,1.2,"23 Std., 48 Min.",1428,2.07,1462.07
leeds,bordeaux,1299.88,8.38,155.16,0.18,2.37,"7 Std., 44 Min.",464,3.83,499.83
leeds,toulouse,1465.11,11.59,126.43,0.18,1.06,"10 Std., 30 Min.",630,1.86,663.86
leeds,göteborg,2078.45,14.61,142.23,0.18,0.46,24 Std. 5 Min.,1445,0.96,1477.96
leeds,zürich,1276.46,9.76,130.76,0.18,0.1,"9 Std., 41 Min.",581,0.42,613.42
leeds,oslo,2414.58,16.7,144.58,0.18,0.12,31 Std. 40 Min.,1900,0.45,1932.45
leeds,zaragoza,1868.62,12.62,148.12,0.18,1.58,"15 Std., 12 Min.",912,2.64,946.64
leeds,helsinki,2854.77,24.43,116.87,0.18,0.72,47 Std. 25 Min.,2845,1.35,2878.35
leeds,wroclaw,1700.66,15.15,112.25,0.18,0.1,"19 Std., 43 Min.",1183,0.42,1215.42
leeds,lodz,1909.71,15.47,123.47,0.18,0.2,22 Std. 50 Min.,1370,0.57,1402.57
leeds,stuttgart,1196.44,9.87,121.21,0.18,0.3,"9 Std., 4 Min.",544,0.72,576.72
leeds,palermo,2540.88,16.09,157.96,0.18,0.84,35 Std. 2 Min.,2102,1.53,2135.53
leeds,düsseldorf,889.65,7.46,119.32,0.18,1.13,"7 Std., 40 Min.",460,1.96,493.96
leeds,glasgow,350.03,4.64,75.43,0.18,0.45,"3 Std., 56 Min.",236,0.94,268.94
leeds,leipzig,1352.37,12.01,112.64,0.18,0.9,"12 Std., 24 Min.",744,1.62,777.62
leeds,riga,2408.96,20.37,118.27,0.18,0.37,0,0,0.82,0.0
leeds,dortmund,942.73,7.9,119.3,0.18,0.4,"8 Std., 34 Min.",514,0.87,546.87
leeds,málaga,2513.22,15.09,166.55,0.18,0.7,28 Std. 2 Min.,1682,1.32,1715.32
leeds,vilnius,2335.77,19.45,120.1,0.18,2.03,0,0,3.32,0.0
leeds,essen,908.6,7.59,119.77,0.18,0.62,"8 Std., 10 Min.",490,1.2,523.2
leeds,sheffield,60.2,0.88,68.45,0.18,0.41,41 Min.,41,0.88,73.88
leeds,kayseri,4336.05,36.04,120.32,0.18,0.36,0,0,0.81,0.0
leeds,bremen,1141.43,9.52,119.93,0.18,0.91,"10 Std., 28 Min.",628,1.64,661.64
leeds,dresden,1468.55,12.84,114.39,0.18,1.12,"13 Std., 39 Min.",819,1.95,852.95
leeds,genova,1615.84,12.93,124.95,0.18,0.43,21 Std. 59 Min.,1319,0.92,1351.92
leeds,københavn,1749.46,12.77,137.04,0.18,0.18,20 Std. 19 Min.,1219,0.54,1251.54
leeds,manchester,68.33,1.05,64.89,0.18,0.6,1 Std.,60,1.17,93.17
leeds,poznan,1670.27,12.62,132.32,0.18,1.07,18 Std. 54 Min.,1134,1.88,1167.88
leeds,hannover,1149.74,9.28,123.91,0.18,0.96,"10 Std., 40 Min.",640,1.71,673.71
leeds,antwerpen,693.26,5.74,120.83,0.18,1.48,"5 Std., 26 Min.",326,2.49,360.49
leeds,bradford,21.71,0.27,81.71,0.18,0.35,17 Min.,17,0.8,49.8
leeds,nürnberg,1283.18,9.03,142.07,0.18,1.0,"10 Std., 47 Min.",647,1.77,680.77
leeds,edinburgh,344.13,4.57,75.22,0.18,0.14,"2 Std., 53 Min.",173,0.48,205.48
leeds,duisburg,890.14,7.45,119.48,0.18,0.87,"8 Std., 3 Min.",483,1.58,516.58
frankfurt am main,zagreb,932.01,7.73,120.62,1.47,1.2,"13 Std., 26 Min.",806,4.0,842.0
frankfurt am main,bordeaux,1121.38,5.17,217.01,1.47,2.37,"6 Std., 45 Min.",405,5.76,442.76
frankfurt am main,toulouse,1204.6,9.46,127.32,1.47,1.06,"9 Std., 26 Min.",566,3.8,601.8
frankfurt am main,göteborg,1331.6,8.21,162.12,1.47,0.46,"12 Std., 7 Min.",727,2.9,761.9
frankfurt am main,zürich,411.39,2.89,142.11,1.47,0.1,"3 Std., 51 Min.",231,2.36,265.36
frankfurt am main,oslo,1667.73,10.3,161.91,1.47,0.12,"16 Std., 49 Min.",1009,2.38,1043.38
frankfurt am main,zaragoza,1626.71,9.08,179.2,1.47,1.58,"14 Std., 46 Min.",886,4.58,922.58
frankfurt am main,helsinki,1956.12,16.64,117.56,1.47,0.72,35 Std. 12 Min.,2112,3.28,2147.28
frankfurt am main,wroclaw,721.5,5.45,132.47,1.47,0.1,"8 Std., 51 Min.",531,2.36,565.36
frankfurt am main,lodz,942.35,7.83,120.28,1.47,0.2,"10 Std., 9 Min.",609,2.5,643.5
frankfurt am main,stuttgart,178.96,1.13,157.78,1.47,0.3,"1 Std., 11 Min.",71,2.66,105.66
frankfurt am main,palermo,1675.81,9.22,181.79,1.47,0.84,"23 Std., 31 Min.",1411,3.46,1446.46
frankfurt am main,düsseldorf,214.92,1.04,207.41,1.47,1.13,"1 Std., 9 Min.",69,3.9,104.9
frankfurt am main,glasgow,1411.53,12.12,116.42,1.47,0.45,"10 Std., 34 Min.",634,2.88,668.88
frankfurt am main,leipzig,370.34,2.62,141.38,1.47,0.9,"2 Std., 56 Min.",176,3.56,211.56
frankfurt am main,riga,1510.3,12.58,120.06,1.47,0.37,0,0,2.76,0.0
frankfurt am main,dortmund,262.34,2.46,106.73,1.47,0.4,"2 Std., 9 Min.",129,2.8,163.8
frankfurt am main,málaga,2314.09,11.68,198.06,1.47,0.7,"26 Std., 33 Min.",1593,3.26,1628.26
frankfurt am main,vilnius,1437.12,11.66,123.25,1.47,2.03,0,0,5.25,0.0
frankfurt am main,essen,249.21,1.41,176.91,1.47,0.62,"1 Std., 45 Min.",105,3.14,140.14
frankfurt am main,sheffield,1024.99,7.4,138.58,1.47,0.41,"8 Std., 7 Min.",487,2.82,521.82
frankfurt am main,kayseri,3274.84,28.47,115.04,1.47,0.36,"82 Std., 41 Min.",4961,2.74,4995.74
frankfurt am main,bremen,455.15,2.51,180.99,1.47,0.91,"3 Std., 29 Min.",209,3.57,244.57
frankfurt am main,dresden,486.53,3.45,141.03,1.47,1.12,"4 Std., 20 Min.",260,3.88,295.88
frankfurt am main,genova,781.54,5.61,139.25,1.47,0.43,"9 Std., 18 Min.",558,2.85,592.85
frankfurt am main,københavn,1002.61,6.37,157.49,1.47,0.18,"8 Std., 40 Min.",520,2.48,554.48
frankfurt am main,manchester,1064.18,7.23,147.2,1.47,0.6,"8 Std., 17 Min.",497,3.1,532.1
frankfurt am main,poznan,732.54,5.24,139.79,1.47,1.07,"7 Std., 16 Min.",436,3.81,471.81
frankfurt am main,hannover,333.04,1.71,195.03,1.47,0.96,"2 Std., 14 Min.",134,3.64,169.64
frankfurt am main,antwerpen,405.26,2.6,156.11,1.47,1.48,"3 Std., 56 Min.",236,4.42,272.42
frankfurt am main,bradford,1083.21,7.75,139.78,1.47,0.35,"8 Std., 49 Min.",529,2.73,563.73
frankfurt am main,nürnberg,221.97,1.46,151.82,1.47,1.0,"1 Std., 55 Min.",115,3.7,150.7
frankfurt am main,edinburgh,1396.08,10.64,131.22,1.47,0.14,"10 Std., 14 Min.",614,2.42,648.42
frankfurt am main,duisburg,237.66,1.19,200.04,1.47,0.87,"1 Std., 28 Min.",88,3.51,123.51
zagreb,bordeaux,1723.82,13.97,123.4,1.2,2.37,21 Std. 27 Min.,1287,5.36,1324.36
zagreb,toulouse,1580.6,11.44,138.14,1.2,1.06,"25 Std., 1 Min.",1501,3.39,1536.39
zagreb,göteborg,2120.4,16.05,132.14,1.2,0.46,"29 Std., 40 Min.",1780,2.49,1814.49
zagreb,zürich,805.94,7.13,113.06,1.2,0.1,"14 Std., 15 Min.",855,1.95,888.95
zagreb,oslo,2456.52,18.13,135.47,1.2,0.12,"36 Std., 41 Min.",2201,1.98,2234.98
zagreb,zaragoza,1994.84,12.76,156.37,1.2,1.58,29 Std. 12 Min.,1752,4.17,1788.17
zagreb,helsinki,2194.71,21.45,102.31,1.2,0.72,50 Std. 35 Min.,3035,2.88,3069.88
zagreb,wroclaw,804.21,8.62,93.32,1.2,0.1,"13 Std., 41 Min.",821,1.95,854.95
zagreb,lodz,926.53,9.4,98.62,1.2,0.2,"15 Std., 3 Min.",903,2.1,937.1
zagreb,stuttgart,805.07,6.61,121.71,1.2,0.3,"12 Std., 53 Min.",773,2.25,807.25
zagreb,palermo,1378.75,8.89,155.05,1.2,0.84,"28 Std., 52 Min.",1732,3.06,1767.06
zagreb,düsseldorf,1144.66,8.72,131.34,1.2,1.13,"15 Std., 31 Min.",931,3.5,966.5
zagreb,glasgow,2341.27,19.8,118.22,1.2,0.45,"26 Std., 23 Min.",1583,2.48,1617.48
zagreb,leipzig,942.71,8.68,108.6,1.2,0.9,"14 Std., 5 Min.",845,3.15,880.15
zagreb,riga,1748.9,17.39,100.56,1.2,0.37,0,0,2.35,0.0
zagreb,dortmund,1167.21,9.92,117.64,1.2,0.4,"16 Std., 22 Min.",982,2.4,1016.4
zagreb,málaga,2682.22,15.36,174.59,1.2,0.7,"48 Std., 37 Min.",2917,2.85,2951.85
zagreb,vilnius,1515.01,13.5,112.19,1.2,2.03,0,0,4.84,0.0
zagreb,essen,1178.95,9.09,129.73,1.2,0.62,"15 Std., 57 Min.",957,2.73,991.73
zagreb,sheffield,1954.73,15.08,129.66,1.2,0.41,"23 Std., 29 Min.",1409,2.42,1443.42
zagreb,kayseri,2345.66,21.21,110.57,1.2,0.36,0,0,2.34,0.0
zagreb,bremen,1254.7,9.56,131.2,1.2,0.91,"16 Std., 46 Min.",1006,3.16,1041.16
zagreb,dresden,900.25,7.88,114.21,1.2,1.12,"15 Std., 33 Min.",933,3.48,968.48
zagreb,genova,790.47,6.65,118.9,1.2,0.43,"15 Std., 13 Min.",913,2.44,947.44
zagreb,københavn,1791.41,14.2,126.16,1.2,0.18,"24 Std., 58 Min.",1498,2.07,1532.07
zagreb,manchester,1993.92,14.91,133.74,1.2,0.6,"23 Std., 39 Min.",1419,2.7,1453.7
zagreb,poznan,968.92,9.7,99.87,1.2,1.07,"15 Std., 36 Min.",936,3.4,971.4
zagreb,hannover,1132.59,8.76,129.35,1.2,0.96,"15 Std., 26 Min.",926,3.24,961.24
zagreb,antwerpen,1335.0,10.28,129.92,1.2,1.48,"19 Std., 40 Min.",1180,4.02,1216.02
zagreb,bradford,2012.95,15.43,130.47,1.2,0.35,"23 Std., 58 Min.",1438,2.32,1472.32
zagreb,nürnberg,710.04,6.26,113.36,1.2,1.0,"11 Std., 51 Min.",711,3.3,746.3
zagreb,edinburgh,2325.82,18.32,126.97,1.2,0.14,"25 Std., 49 Min.",1549,2.01,1583.01
zagreb,duisburg,1167.41,8.87,131.65,1.2,0.87,"15 Std., 44 Min.",944,3.1,979.1
bordeaux,toulouse,257.53,1.64,156.77,2.37,1.06,"2 Std., 23 Min.",143,5.14,180.14
bordeaux,göteborg,2267.96,13.45,168.59,2.37,0.46,"22 Std., 7 Min.",1327,4.24,1363.24
bordeaux,zürich,1029.3,7.49,137.34,2.37,0.1,"6 Std., 40 Min.",400,3.71,435.71
bordeaux,oslo,2604.08,15.54,167.58,2.37,0.12,26 Std. 59 Min.,1619,3.74,1654.74
bordeaux,zaragoza,568.74,4.24,134.22,2.37,1.58,"8 Std., 12 Min.",492,5.92,529.92
bordeaux,helsinki,3036.85,22.62,134.23,2.37,0.72,46 Std. 54 Min.,2814,4.64,2850.64
bordeaux,wroclaw,1841.16,10.56,174.38,2.37,0.1,"19 Std., 59 Min.",1199,3.71,1234.71
bordeaux,lodz,2062.01,12.95,159.27,2.37,0.2,"20 Std., 13 Min.",1213,3.86,1248.86
bordeaux,stuttgart,1142.86,4.85,235.53,2.37,0.3,"6 Std., 18 Min.",378,4.0,414.0
bordeaux,palermo,2037.01,13.24,153.81,2.37,0.84,27 Std. 45 Min.,1665,4.81,1701.81
bordeaux,düsseldorf,1055.61,5.85,180.53,2.37,1.13,"6 Std., 49 Min.",409,5.25,446.25
bordeaux,glasgow,1647.84,12.9,127.78,2.37,0.45,11 Std. 15 Min.,675,4.23,711.23
bordeaux,leipzig,1489.99,7.73,192.73,2.37,0.9,"9 Std., 58 Min.",598,4.9,634.9
bordeaux,riga,2591.04,18.56,139.57,2.37,0.37,0,0,4.11,0.0
bordeaux,dortmund,1125.88,6.45,174.55,2.37,0.4,"7 Std., 55 Min.",475,4.15,511.15
bordeaux,málaga,1213.34,6.71,180.77,2.37,0.7,"12 Std., 19 Min.",739,4.61,775.61
bordeaux,vilnius,2517.85,17.65,142.69,2.37,2.03,0,0,6.6,0.0
bordeaux,essen,1091.75,6.13,177.98,2.37,0.62,"7 Std., 29 Min.",449,4.49,485.49
bordeaux,sheffield,1261.3,8.17,154.43,2.37,0.41,"7 Std., 53 Min.",473,4.17,509.17
bordeaux,kayseri,4069.48,35.18,115.66,2.37,0.36,0,0,4.1,0.0
bordeaux,bremen,1334.88,7.7,173.3,2.37,0.91,"10 Std., 3 Min.",603,4.92,639.92
bordeaux,dresden,1606.18,8.56,187.6,2.37,1.12,"11 Std., 41 Min.",701,5.24,738.24
bordeaux,genova,1073.01,7.35,145.91,2.37,0.43,"12 Std., 22 Min.",742,4.2,778.2
bordeaux,københavn,1938.97,11.6,167.08,2.37,0.18,17 Std.,1020,3.83,1055.83
bordeaux,manchester,1300.49,8.0,162.54,2.37,0.6,"7 Std., 53 Min.",473,4.46,509.46
bordeaux,poznan,1852.2,10.35,178.92,2.37,1.07,"18 Std., 23 Min.",1103,5.16,1140.16
bordeaux,hannover,1331.82,7.48,178.15,2.37,0.96,"9 Std., 5 Min.",545,5.0,582.0
bordeaux,antwerpen,911.15,4.57,199.54,2.37,1.48,"4 Std., 41 Min.",281,5.78,318.78
bordeaux,bradford,1319.52,8.52,154.86,2.37,0.35,"8 Std., 25 Min.",505,4.08,541.08
bordeaux,nürnberg,1305.46,6.44,202.81,2.37,1.0,"9 Std., 4 Min.",544,5.06,581.06
bordeaux,edinburgh,1632.39,11.41,143.06,2.37,0.14,"10 Std., 10 Min.",610,3.77,645.77
bordeaux,duisburg,1073.3,6.0,178.93,2.37,0.87,"7 Std., 13 Min.",433,4.86,469.86
toulouse,göteborg,2433.19,16.66,146.01,1.06,0.46,24 Std. 8 Min.,1448,2.28,1482.28
toulouse,zürich,981.26,6.76,145.21,1.06,0.1,"10 Std., 6 Min.",606,1.74,639.74
toulouse,oslo,2769.31,18.75,147.69,1.06,0.12,29 Std. 33 Min.,1773,1.77,1806.77
toulouse,zaragoza,687.56,5.26,130.81,1.06,1.58,"5 Std., 40 Min.",340,3.96,375.96
toulouse,helsinki,3158.99,26.05,121.25,1.06,0.72,49 Std. 28 Min.,2968,2.67,3002.67
toulouse,wroclaw,1924.37,14.86,129.5,1.06,0.1,23 Std. 30 Min.,1410,1.74,1443.74
toulouse,lodz,2145.22,17.25,124.37,1.06,0.2,22 Std. 53 Min.,1373,1.89,1406.89
toulouse,stuttgart,1154.83,9.58,120.59,1.06,0.3,"8 Std., 31 Min.",511,2.04,545.04
toulouse,palermo,1779.48,11.59,153.49,1.06,0.84,"32 Std., 5 Min.",1925,2.85,1959.85
toulouse,düsseldorf,1220.84,9.06,134.76,1.06,1.13,"9 Std., 21 Min.",561,3.28,596.28
toulouse,glasgow,1813.07,16.11,112.56,1.06,0.45,"13 Std., 44 Min.",824,2.26,858.26
toulouse,leipzig,1573.2,12.03,130.74,1.06,0.9,"12 Std., 4 Min.",724,2.94,758.94
toulouse,riga,2713.17,21.99,123.36,1.06,0.37,0,0,2.15,0.0
toulouse,dortmund,1291.11,9.66,133.62,1.06,0.4,"10 Std., 18 Min.",618,2.19,652.19
toulouse,málaga,1332.16,7.73,172.32,1.06,0.7,"10 Std., 35 Min.",635,2.64,669.64
toulouse,vilnius,2639.98,21.07,125.27,1.06,2.03,0,0,4.64,0.0
toulouse,essen,1256.98,9.35,134.49,1.06,0.62,"9 Std., 48 Min.",588,2.52,622.52
toulouse,sheffield,1426.53,11.38,125.35,1.06,0.41,"10 Std., 42 Min.",642,2.2,676.2
toulouse,kayseri,3926.27,32.66,120.22,1.06,0.36,0,0,2.13,0.0
toulouse,bremen,1500.11,10.92,137.43,1.06,0.91,13 Std.,780,2.96,814.96
toulouse,dresden,1689.39,12.86,131.33,1.06,1.12,"13 Std., 19 Min.",799,3.27,834.27
toulouse,genova,815.49,5.7,142.98,1.06,0.43,"10 Std., 26 Min.",626,2.24,660.24
toulouse,københavn,2104.2,14.82,142.01,1.06,0.18,"19 Std., 52 Min.",1192,1.86,1225.86
toulouse,manchester,1465.72,11.21,130.71,1.06,0.6,"10 Std., 41 Min.",641,2.49,675.49
toulouse,poznan,1935.41,14.65,132.07,1.06,1.07,"22 Std., 10 Min.",1330,3.2,1365.2
toulouse,hannover,1497.04,10.69,140.06,1.06,0.96,"11 Std., 57 Min.",717,3.03,752.03
toulouse,antwerpen,1076.37,7.78,138.38,1.06,1.48,"7 Std., 7 Min.",427,3.81,462.81
toulouse,bradford,1484.75,11.73,126.54,1.06,0.35,"11 Std., 14 Min.",674,2.12,708.12
toulouse,nürnberg,1322.51,10.67,123.97,1.06,1.0,"11 Std., 37 Min.",697,3.09,732.09
toulouse,edinburgh,1797.62,14.62,122.93,1.06,0.14,13 Std.,780,1.8,813.8
toulouse,duisburg,1238.53,9.21,134.46,1.06,0.87,"9 Std., 34 Min.",574,2.9,608.9
göteborg,zürich,1741.27,11.08,157.17,0.46,0.1,"17 Std., 36 Min.",1056,0.84,1088.84
göteborg,oslo,337.68,2.11,160.38,0.46,0.12,"3 Std., 29 Min.",209,0.87,241.87
göteborg,zaragoza,2836.79,17.72,160.07,0.46,1.58,"34 Std., 2 Min.",2042,3.06,2077.06
göteborg,helsinki,2459.08,21.18,116.1,0.46,0.72,18 Std. 16 Min.,1096,1.77,1129.77
göteborg,wroclaw,1435.65,9.74,147.38,0.46,0.1,"16 Std., 4 Min.",964,0.84,996.84
göteborg,lodz,1570.68,10.97,143.22,0.46,0.2,"17 Std., 10 Min.",1030,0.99,1062.99
göteborg,stuttgart,1503.71,9.74,154.37,0.46,0.3,"14 Std., 14 Min.",854,1.14,887.14
göteborg,palermo,2918.86,17.91,162.98,0.46,0.84,40 Std. 51 Min.,2451,1.95,2484.95
göteborg,düsseldorf,1219.61,7.65,159.39,0.46,1.13,"13 Std., 1 Min.",781,2.38,815.38
göteborg,glasgow,2426.51,19.14,126.8,0.46,0.45,"28 Std., 20 Min.",1700,1.36,1733.36
göteborg,leipzig,1197.18,8.11,147.58,0.46,0.9,"12 Std., 24 Min.",744,2.04,778.04
göteborg,riga,2013.27,17.12,117.59,0.46,0.37,0,0,1.25,0.0
göteborg,dortmund,1159.84,7.69,150.88,0.46,0.4,"12 Std., 8 Min.",728,1.29,761.29
göteborg,málaga,3481.39,20.2,172.38,0.46,0.7,"45 Std., 49 Min.",2749,1.74,2782.74
göteborg,vilnius,1940.08,16.2,119.74,0.46,2.03,0,0,3.73,0.0
göteborg,essen,1187.16,7.37,161.07,0.46,0.62,"12 Std., 34 Min.",754,1.62,787.62
göteborg,sheffield,2039.97,14.41,141.58,0.46,0.41,"26 Std., 8 Min.",1568,1.31,1601.31
göteborg,kayseri,4312.94,35.55,121.33,0.46,0.36,0,0,1.23,0.0
göteborg,bremen,948.91,5.87,161.76,0.46,0.91,10 Std.,600,2.06,634.06
göteborg,dresden,1286.1,8.63,148.94,0.46,1.12,"13 Std., 5 Min.",785,2.37,819.37
göteborg,genova,2111.42,13.8,153.04,0.46,0.43,25 Std. 4 Min.,1504,1.34,1537.34
göteborg,københavn,336.16,1.96,171.53,0.46,0.18,"3 Std., 15 Min.",195,0.96,227.96
göteborg,manchester,2079.15,14.24,145.99,0.46,0.6,24 Std. 10 Min.,1450,1.59,1483.59
göteborg,poznan,1321.48,9.19,143.76,0.46,1.07,"14 Std., 6 Min.",846,2.3,880.3
göteborg,hannover,998.56,6.53,152.91,0.46,0.96,"10 Std., 14 Min.",614,2.13,648.13
göteborg,antwerpen,1385.19,8.91,155.49,0.46,1.48,"16 Std., 42 Min.",1002,2.91,1036.91
göteborg,bradford,2098.19,14.76,142.13,0.46,0.35,24 Std. 44 Min.,1484,1.22,1517.22
göteborg,nürnberg,1410.36,9.81,143.8,0.46,1.0,14 Std.,840,2.19,874.19
göteborg,edinburgh,2411.05,17.65,136.59,0.46,0.14,28 Std. 36 Min.,1716,0.9,1748.9
göteborg,duisburg,1195.31,7.48,159.82,0.46,0.87,"12 Std., 47 Min.",767,2.0,801.0
zürich,oslo,2077.39,13.14,158.16,0.1,0.12,"21 Std., 46 Min.",1306,0.33,1338.33
zürich,zaragoza,1387.83,7.99,173.65,0.1,1.58,"12 Std., 38 Min.",758,2.52,792.52
zürich,helsinki,2307.77,19.02,121.32,0.1,0.72,40 Std. 11 Min.,2411,1.23,2444.23
zürich,wroclaw,1032.33,10.9,94.69,0.1,0.1,"12 Std., 49 Min.",769,0.3,801.3
zürich,lodz,1281.18,11.33,113.06,0.1,0.2,"15 Std., 35 Min.",935,0.45,967.45
zürich,stuttgart,292.28,2.53,115.38,0.1,0.3,"2 Std., 55 Min.",175,0.6,207.6
zürich,palermo,1293.97,6.76,191.41,0.1,0.84,"19 Std., 17 Min.",1157,1.41,1190.41
zürich,düsseldorf,610.42,4.9,124.6,0.1,1.13,"5 Std., 10 Min.",310,1.84,343.84
zürich,glasgow,1624.52,14.27,113.84,0.1,0.45,13 Std. 27 Min.,807,0.82,839.82
zürich,leipzig,721.99,5.0,144.32,0.1,0.9,"7 Std., 11 Min.",431,1.5,464.5
zürich,riga,1861.96,14.96,124.44,0.1,0.37,0,0,0.7,0.0
zürich,dortmund,667.87,5.23,127.78,0.1,0.4,"6 Std., 4 Min.",364,0.75,396.75
zürich,málaga,2075.21,10.6,195.81,0.1,0.7,"24 Std., 25 Min.",1465,1.2,1498.2
zürich,vilnius,1788.77,14.04,127.37,0.1,2.03,0,0,3.2,0.0
zürich,essen,644.71,5.27,122.3,0.1,0.62,"5 Std., 40 Min.",340,1.08,373.08
zürich,sheffield,1237.97,9.54,129.74,0.1,0.41,"9 Std., 27 Min.",567,0.76,599.76
zürich,kayseri,3151.6,28.34,111.2,0.1,0.36,0,0,0.69,0.0
zürich,bremen,864.81,5.35,161.66,0.1,0.91,"7 Std., 48 Min.",468,1.52,501.52
zürich,dresden,809.89,6.68,121.27,0.1,1.12,"8 Std., 39 Min.",519,1.83,552.83
zürich,genova,399.8,2.96,135.26,0.1,0.43,"5 Std., 3 Min.",303,0.8,335.8
zürich,københavn,1412.28,9.2,153.49,0.1,0.18,"13 Std., 39 Min.",819,0.42,851.42
zürich,manchester,1277.16,9.37,136.23,0.1,0.6,"9 Std., 31 Min.",571,1.05,604.05
zürich,poznan,1084.19,7.62,142.22,0.1,1.07,"11 Std., 55 Min.",715,1.76,748.76
zürich,hannover,742.71,4.54,163.5,0.1,0.96,"6 Std., 18 Min.",378,1.59,411.59
zürich,antwerpen,700.54,4.82,145.45,0.1,1.48,"6 Std., 53 Min.",413,2.37,447.37
zürich,bradford,1296.19,9.89,131.0,0.1,0.35,11 Std. 16 Min.,676,0.68,708.68
zürich,nürnberg,418.1,3.14,133.08,0.1,1.0,"4 Std., 55 Min.",295,1.65,328.65
zürich,edinburgh,1609.06,12.78,125.86,0.1,0.14,"11 Std., 46 Min.",706,0.36,738.36
zürich,duisburg,633.16,5.05,125.36,0.1,0.87,"5 Std., 23 Min.",323,1.45,356.45
oslo,zaragoza,3172.92,19.81,160.18,0.12,1.58,"39 Std., 31 Min.",2371,2.55,2405.55
oslo,helsinki,2795.21,23.27,120.14,0.12,0.72,21 Std. 54 Min.,1314,1.26,1347.26
oslo,wroclaw,1771.78,11.83,149.8,0.12,0.1,"21 Std., 7 Min.",1267,0.33,1299.33
oslo,lodz,1906.81,13.05,146.08,0.12,0.2,24 Std. 3 Min.,1443,0.48,1475.48
oslo,stuttgart,1839.84,11.83,155.56,0.12,0.3,"18 Std., 40 Min.",1120,0.63,1152.63
oslo,palermo,3254.98,20.0,162.78,0.12,0.84,44 Std. 46 Min.,2686,1.44,2719.44
oslo,düsseldorf,1555.73,9.74,159.75,0.12,1.13,"17 Std., 14 Min.",1034,1.88,1067.88
oslo,glasgow,2762.63,21.22,130.17,0.12,0.45,0,0,0.86,0.0
oslo,leipzig,1533.31,10.2,150.35,0.12,0.9,16 Std. 37 Min.,997,1.53,1030.53
oslo,riga,2349.39,19.21,122.32,0.12,0.37,0,0,0.74,0.0
oslo,dortmund,1495.96,9.77,153.06,0.12,0.4,"16 Std., 21 Min.",981,0.78,1013.78
oslo,málaga,3817.52,22.28,171.32,0.12,0.7,51 Std. 18 Min.,3078,1.23,3111.23
oslo,vilnius,2276.2,18.29,124.46,0.12,2.03,0,0,3.22,0.0
oslo,essen,1523.29,9.46,161.07,0.12,0.62,"16 Std., 47 Min.",1007,1.11,1040.11
oslo,sheffield,2376.09,16.5,144.05,0.12,0.41,28 Std. 3 Min.,1683,0.8,1715.8
oslo,kayseri,4649.07,37.63,123.53,0.12,0.36,0,0,0.72,0.0
oslo,bremen,1285.04,7.95,161.59,0.12,0.91,"14 Std., 13 Min.",853,1.55,886.55
oslo,dresden,1622.23,10.72,151.31,0.12,1.12,"20 Std., 41 Min.",1241,1.86,1274.86
oslo,genova,2447.55,15.88,154.1,0.12,0.43,28 Std. 59 Min.,1739,0.82,1771.82
oslo,københavn,672.28,4.05,166.15,0.12,0.18,"7 Std., 25 Min.",445,0.45,477.45
oslo,manchester,2415.28,16.33,147.92,0.12,0.6,28 Std. 5 Min.,1685,1.08,1718.08
oslo,poznan,1657.6,11.28,146.97,0.12,1.07,20 Std. 45 Min.,1245,1.78,1278.78
oslo,hannover,1334.69,8.62,154.89,0.12,0.96,"14 Std., 27 Min.",867,1.62,900.62
oslo,antwerpen,1721.32,11.0,156.55,0.12,1.48,"21 Std., 45 Min.",1305,2.4,1339.4
oslo,bradford,2434.31,16.85,144.48,0.12,0.35,28 Std. 39 Min.,1719,0.7,1751.7
oslo,nürnberg,1746.49,11.89,146.83,0.12,1.0,"18 Std., 38 Min.",1118,1.68,1151.68
oslo,edinburgh,2747.18,19.74,139.18,0.12,0.14,0,0,0.39,0.0
oslo,duisburg,1531.43,9.57,160.1,0.12,0.87,17 Std.,1020,1.48,1053.48
zaragoza,helsinki,3581.11,25.65,139.59,1.58,0.72,61 Std. 18 Min.,3678,3.45,3713.45
zaragoza,wroclaw,2346.49,14.46,162.25,1.58,0.1,"29 Std., 58 Min.",1798,2.52,1832.52
zaragoza,lodz,2567.34,16.85,152.35,1.58,0.2,"34 Std., 55 Min.",2095,2.67,2129.67
zaragoza,stuttgart,1576.95,9.18,171.81,1.58,0.3,"19 Std., 14 Min.",1154,2.82,1188.82
zaragoza,palermo,2193.73,12.91,169.95,1.58,0.84,"42 Std., 32 Min.",2552,3.63,2587.63
zaragoza,düsseldorf,1624.35,10.08,161.07,1.58,1.13,"21 Std., 46 Min.",1306,4.06,1342.06
zaragoza,glasgow,2216.58,17.13,129.37,1.58,0.45,"24 Std., 12 Min.",1452,3.05,1487.05
zaragoza,leipzig,1995.33,11.64,171.48,1.58,0.9,"23 Std., 34 Min.",1414,3.72,1449.72
zaragoza,riga,3135.3,21.6,145.18,1.58,0.37,0,0,2.92,0.0
zaragoza,dortmund,1694.62,10.69,158.56,1.58,0.4,"22 Std., 31 Min.",1351,2.97,1385.97
zaragoza,málaga,692.26,2.75,251.62,1.58,0.7,"4 Std., 11 Min.",251,3.42,286.42
zaragoza,vilnius,3062.11,20.68,148.1,1.58,2.03,0,0,5.42,0.0
zaragoza,essen,1660.49,10.37,160.1,1.58,0.62,"22 Std., 12 Min.",1332,3.3,1367.3
zaragoza,sheffield,1830.04,12.41,147.52,1.58,0.41,"21 Std., 58 Min.",1318,2.99,1352.99
zaragoza,kayseri,4340.51,33.97,127.76,1.58,0.36,0,0,2.91,0.0
zaragoza,bremen,1903.63,11.94,159.43,1.58,0.91,"24 Std., 25 Min.",1465,3.74,1500.74
zaragoza,dresden,2111.52,12.47,169.38,1.58,1.12,"24 Std., 49 Min.",1489,4.05,1525.05
zaragoza,genova,1229.73,7.02,175.22,1.58,0.43,"21 Std., 38 Min.",1298,3.02,1333.02
zaragoza,københavn,2507.71,15.84,158.29,1.58,0.18,"30 Std., 48 Min.",1848,2.64,1882.64
zaragoza,manchester,1869.23,12.24,152.74,1.58,0.6,"21 Std., 15 Min.",1275,3.27,1310.27
zaragoza,poznan,2357.53,14.26,165.37,1.58,1.07,"36 Std., 19 Min.",2179,3.98,2214.98
zaragoza,hannover,1900.56,11.71,162.26,1.58,0.96,"23 Std., 27 Min.",1407,3.81,1442.81
zaragoza,antwerpen,1479.89,8.8,168.1,1.58,1.48,"18 Std., 37 Min.",1117,4.59,1153.59
zaragoza,bradford,1888.26,12.76,148.0,1.58,0.35,"21 Std., 48 Min.",1308,2.9,1342.9
zaragoza,nürnberg,1744.63,10.27,169.87,1.58,1.0,"22 Std., 30 Min.",1350,3.87,1385.87
zaragoza,edinburgh,2201.13,15.65,140.67,1.58,0.14,"23 Std., 36 Min.",1416,2.58,1450.58
zaragoza,duisburg,1642.04,10.24,160.42,1.58,0.87,"21 Std., 59 Min.",1319,3.68,1354.68
helsinki,wroclaw,1418.11,13.16,107.79,0.72,0.1,38 Std. 50 Min.,2330,1.23,2363.23
helsinki,lodz,1320.71,12.18,108.44,0.72,0.2,0,0,1.38,0.0
helsinki,stuttgart,2079.69,17.31,120.12,0.72,0.3,32 Std. 16 Min.,1936,1.53,1969.53
helsinki,palermo,3394.21,27.4,123.85,0.72,0.84,64 Std. 47 Min.,3887,2.34,3921.34
helsinki,düsseldorf,1982.77,17.24,115.03,0.72,1.13,30 Std. 50 Min.,1850,2.77,1884.77
helsinki,glasgow,3202.83,28.91,110.78,0.72,0.45,47 Std. 25 Min.,2845,1.75,2878.75
helsinki,leipzig,1617.2,14.61,110.69,0.72,0.9,30 Std. 13 Min.,1813,2.43,1847.43
helsinki,riga,445.81,4.06,109.8,0.72,0.37,0,0,1.63,0.0
helsinki,dortmund,1912.05,16.53,115.71,0.72,0.4,29 Std. 57 Min.,1797,1.68,1830.68
helsinki,málaga,4250.28,29.34,144.85,0.72,0.7,64 Std. 54 Min.,3894,2.13,3928.13
helsinki,vilnius,755.93,8.22,91.93,0.72,2.03,0,0,4.12,0.0
helsinki,essen,1947.05,16.87,115.45,0.72,0.62,30 Std. 23 Min.,1823,2.01,1857.01
helsinki,sheffield,2816.29,24.18,116.46,0.72,0.41,45 Std. 7 Min.,2707,1.69,2740.69
helsinki,kayseri,4078.61,36.83,110.74,0.72,0.36,0,0,1.62,0.0
helsinki,bremen,1787.86,16.49,108.39,0.72,0.91,27 Std. 49 Min.,1669,2.44,1703.44
helsinki,dresden,1609.91,14.68,109.66,0.72,1.12,30 Std. 54 Min.,1854,2.76,1888.76
helsinki,genova,2676.15,21.92,122.1,0.72,0.43,44 Std. 9 Min.,2649,1.72,2682.72
helsinki,københavn,2130.09,19.31,110.33,0.72,0.18,20 Std. 4 Min.,1204,1.35,1237.35
helsinki,manchester,2855.48,24.02,118.9,0.72,0.6,45 Std. 15 Min.,2715,1.98,2748.98
helsinki,poznan,1277.42,11.77,108.53,0.72,1.07,43 Std. 55 Min.,2635,2.68,2669.68
helsinki,hannover,1709.0,15.25,112.09,0.72,0.96,28 Std. 3 Min.,1683,2.52,1717.52
helsinki,antwerpen,2165.6,18.74,115.58,0.72,1.48,38 Std. 51 Min.,2331,3.3,2366.3
helsinki,bradford,2874.51,24.54,117.15,0.72,0.35,45 Std. 40 Min.,2740,1.6,2773.6
helsinki,nürnberg,1892.71,15.86,119.37,0.72,1.0,34 Std. 40 Min.,2080,2.58,2114.58
helsinki,edinburgh,3187.38,27.43,116.22,0.72,0.14,47 Std. 33 Min.,2853,1.29,2886.29
helsinki,duisburg,1965.23,16.98,115.75,0.72,0.87,30 Std. 36 Min.,1836,2.38,1870.38
wroclaw,lodz,252.74,2.26,111.71,0.1,0.2,"2 Std., 53 Min.",173,0.45,205.45
wroclaw,stuttgart,807.46,7.48,108.0,0.1,0.3,"10 Std., 10 Min.",610,0.6,642.6
wroclaw,palermo,2003.72,14.57,137.49,0.1,0.84,"33 Std., 47 Min.",2027,1.41,2060.41
wroclaw,düsseldorf,822.37,7.73,106.39,0.1,1.13,"8 Std., 54 Min.",534,1.84,567.84
wroclaw,glasgow,2048.71,19.64,104.34,0.1,0.45,23 Std. 41 Min.,1421,0.82,1453.82
wroclaw,leipzig,354.62,2.87,123.57,0.1,0.9,"5 Std., 33 Min.",333,1.5,366.5
wroclaw,riga,972.3,9.1,106.86,0.1,0.37,0,0,0.7,0.0
wroclaw,dortmund,761.17,7.2,105.7,0.1,0.4,"7 Std., 57 Min.",477,0.75,509.75
wroclaw,málaga,3033.87,17.07,177.68,0.1,0.7,34 Std. 57 Min.,2097,1.2,2130.2
wroclaw,vilnius,869.76,7.59,114.57,0.1,2.03,0,0,3.2,0.0
wroclaw,essen,792.93,7.59,104.49,0.1,0.62,"8 Std., 22 Min.",502,1.08,535.08
wroclaw,sheffield,1662.17,14.91,111.5,0.1,0.41,21 Std. 22 Min.,1282,0.76,1314.76
wroclaw,kayseri,2880.89,25.42,113.31,0.1,0.36,0,0,0.69,0.0
wroclaw,bremen,669.6,5.71,117.26,0.1,0.91,"7 Std., 28 Min.",448,1.52,481.52
wroclaw,dresden,266.55,2.27,117.23,0.1,1.12,"5 Std., 23 Min.",323,1.83,356.83
wroclaw,genova,1400.71,13.79,101.57,0.1,0.43,"21 Std., 8 Min.",1268,0.8,1300.8
wroclaw,københavn,1106.66,7.87,140.66,0.1,0.18,"11 Std., 48 Min.",708,0.42,740.42
wroclaw,manchester,1701.35,14.74,115.42,0.1,0.6,21 Std. 8 Min.,1268,1.05,1301.05
wroclaw,poznan,164.71,1.08,152.45,0.1,1.07,"1 Std., 17 Min.",77,1.76,110.76
wroclaw,hannover,571.17,4.84,118.13,0.1,0.96,"6 Std., 10 Min.",370,1.59,403.59
wroclaw,antwerpen,1011.48,9.46,106.91,0.1,1.48,"12 Std., 17 Min.",737,2.37,771.37
wroclaw,bradford,1720.39,15.26,112.74,0.1,0.35,21 Std. 57 Min.,1317,0.68,1349.68
wroclaw,nürnberg,617.74,6.04,102.29,0.1,1.0,"7 Std., 39 Min.",459,1.65,492.65
wroclaw,edinburgh,2033.25,18.15,112.03,0.1,0.14,22 Std. 51 Min.,1371,0.36,1403.36
wroclaw,duisburg,811.11,7.7,105.31,0.1,0.87,"8 Std., 35 Min.",515,1.45,548.45
lodz,stuttgart,1053.39,9.63,109.37,0.2,0.3,"12 Std., 13 Min.",733,0.75,765.75
lodz,palermo,2126.03,15.35,138.49,0.2,0.84,"33 Std., 59 Min.",2039,1.56,2072.56
lodz,düsseldorf,1037.71,8.28,125.37,0.2,1.13,"10 Std., 23 Min.",623,2.0,657.0
lodz,glasgow,2257.77,19.95,113.16,0.2,0.45,26 Std. 7 Min.,1567,0.98,1599.98
lodz,leipzig,577.16,5.77,100.11,0.2,0.9,"8 Std., 3 Min.",483,1.65,516.65
lodz,riga,874.9,8.12,107.73,0.2,0.37,0,0,0.86,0.0
lodz,dortmund,966.99,7.57,127.82,0.2,0.4,"9 Std., 24 Min.",564,0.9,596.9
lodz,málaga,3254.72,19.46,167.23,0.2,0.7,39 Std. 1 Min.,2341,1.35,2374.35
lodz,vilnius,629.09,5.39,116.75,0.2,2.03,0,0,3.34,0.0
lodz,essen,1001.99,7.91,126.75,0.2,0.62,"9 Std., 48 Min.",588,1.23,621.23
lodz,sheffield,1871.23,15.22,122.92,0.2,0.41,19 Std. 31 Min.,1171,0.92,1203.92
lodz,kayseri,2980.52,27.15,109.76,0.2,0.36,0,0,0.84,0.0
lodz,bremen,842.8,7.53,111.85,0.2,0.91,"8 Std., 54 Min.",534,1.67,567.67
lodz,dresden,512.48,4.43,115.73,0.2,1.12,"7 Std., 40 Min.",460,1.98,493.98
lodz,genova,1536.18,13.0,118.15,0.2,0.43,"20 Std., 20 Min.",1220,0.94,1252.94
lodz,københavn,1241.69,9.09,136.55,0.2,0.18,"12 Std., 51 Min.",771,0.57,803.57
lodz,manchester,1910.42,15.06,126.88,0.2,0.6,21 Std. 47 Min.,1307,1.2,1340.2
lodz,poznan,249.87,1.78,140.25,0.2,1.07,"2 Std., 25 Min.",145,1.9,178.9
lodz,hannover,763.94,6.29,121.53,0.2,0.96,"7 Std., 31 Min.",451,1.74,484.74
lodz,antwerpen,1220.54,9.78,124.83,0.2,1.48,"14 Std., 19 Min.",859,2.52,893.52
lodz,bradford,1929.45,15.58,123.87,0.2,0.35,22 Std. 36 Min.,1356,0.82,1388.82
lodz,nürnberg,863.67,8.19,105.41,0.2,1.0,"9 Std., 13 Min.",553,1.8,586.8
lodz,edinburgh,2242.32,18.47,121.43,0.2,0.14,23 Std. 30 Min.,1410,0.51,1442.51
lodz,duisburg,1020.17,8.02,127.22,0.2,0.87,"10 Std., 1 Min.",601,1.6,634.6
stuttgart,palermo,1528.66,10.01,152.74,0.3,0.84,"22 Std., 55 Min.",1375,1.71,1408.71
stuttgart,düsseldorf,380.08,2.72,139.96,0.3,1.13,"2 Std., 28 Min.",148,2.14,182.14
stuttgart,glasgow,1544.49,14.38,107.42,0.3,0.45,"11 Std., 14 Min.",674,1.12,707.12
stuttgart,leipzig,493.92,3.29,149.9,0.3,0.9,"4 Std., 19 Min.",259,1.8,292.8
stuttgart,riga,1633.88,13.25,123.27,0.3,0.37,0,0,1.0,0.0
stuttgart,dortmund,435.45,3.47,125.48,0.3,0.4,"3 Std., 25 Min.",205,1.05,238.05
stuttgart,málaga,2264.33,11.79,192.11,0.3,0.7,26 Std. 16 Min.,1576,1.5,1609.5
stuttgart,vilnius,1560.7,12.34,126.52,0.3,2.03,0,0,3.49,0.0
stuttgart,essen,414.37,3.09,134.18,0.3,0.62,"3 Std., 1 Min.",181,1.38,214.38
stuttgart,sheffield,1157.95,9.65,120.0,0.3,0.41,"8 Std., 50 Min.",530,1.06,563.06
stuttgart,kayseri,3150.72,27.83,113.22,0.3,0.36,"67 Std., 24 Min.",4044,0.99,4076.99
stuttgart,bremen,627.26,4.02,156.18,0.3,0.91,"5 Std., 17 Min.",317,1.82,350.82
stuttgart,dresden,582.09,4.98,116.92,0.3,1.12,"5 Std., 47 Min.",347,2.13,381.13
stuttgart,genova,681.56,5.38,126.64,0.3,0.43,"8 Std., 16 Min.",496,1.1,529.1
stuttgart,københavn,1174.72,7.87,149.31,0.3,0.18,"10 Std., 14 Min.",614,0.72,646.72
stuttgart,manchester,1197.14,9.48,126.24,0.3,0.6,"8 Std., 52 Min.",532,1.35,565.35
stuttgart,poznan,856.12,5.92,144.72,0.3,1.07,"9 Std., 6 Min.",546,2.06,580.06
stuttgart,hannover,505.15,3.21,157.41,0.3,0.96,"3 Std., 49 Min.",229,1.89,262.89
stuttgart,antwerpen,565.25,4.54,124.4,0.3,1.48,"5 Std., 15 Min.",315,2.67,349.67
stuttgart,bradford,1216.17,10.0,121.58,0.3,0.35,"9 Std., 27 Min.",567,0.97,599.97
stuttgart,nürnberg,190.6,1.45,131.43,0.3,1.0,"2 Std., 7 Min.",127,1.95,160.95
stuttgart,edinburgh,1529.04,12.89,118.6,0.3,0.14,"11 Std., 1 Min.",661,0.66,693.66
stuttgart,duisburg,402.82,2.87,140.48,0.3,0.87,"2 Std., 44 Min.",164,1.75,197.75
palermo,düsseldorf,1874.84,11.22,167.06,0.84,1.13,"26 Std., 1 Min.",1561,2.95,1595.95
palermo,glasgow,2888.94,20.59,140.29,0.84,0.45,37 Std. 37 Min.,2257,1.94,2290.94
palermo,leipzig,1819.06,11.26,161.54,0.84,0.9,26 Std. 16 Min.,1576,2.61,1610.61
palermo,riga,2948.4,23.35,126.28,0.84,0.37,0,0,1.82,0.0
palermo,dortmund,1932.29,11.55,167.3,0.84,0.4,"26 Std., 33 Min.",1593,1.86,1626.86
palermo,málaga,2881.11,15.51,185.73,0.84,0.7,0,0,2.31,0.0
palermo,vilnius,2714.51,19.46,139.49,0.84,2.03,0,0,4.3,0.0
palermo,essen,1909.13,11.59,164.65,0.84,0.62,"26 Std., 27 Min.",1587,2.19,1621.19
palermo,sheffield,2502.39,15.87,157.73,0.84,0.41,30 Std. 40 Min.,1840,1.88,1873.88
palermo,kayseri,3724.4,30.11,123.71,0.84,0.36,0,0,1.8,0.0
palermo,bremen,2042.4,12.18,167.7,0.84,0.91,"28 Std., 27 Min.",1707,2.62,1741.62
palermo,dresden,1888.17,13.4,140.89,0.84,1.12,"28 Std., 51 Min.",1731,2.94,1765.94
palermo,genova,964.02,5.89,163.67,0.84,0.43,"16 Std., 8 Min.",968,1.9,1001.9
palermo,københavn,2589.87,16.03,161.56,0.84,0.18,"37 Std., 57 Min.",2277,1.53,2310.53
palermo,manchester,2541.58,15.7,161.9,0.84,0.6,35 Std. 30 Min.,2130,2.16,2164.16
palermo,poznan,2168.42,15.66,138.49,0.84,1.07,"32 Std., 21 Min.",1941,2.86,1975.86
palermo,hannover,1920.3,11.37,168.86,0.84,0.96,"26 Std., 31 Min.",1591,2.7,1625.7
palermo,antwerpen,1964.96,11.14,176.39,0.84,1.48,27 Std. 7 Min.,1627,3.48,1662.48
palermo,bradford,2560.61,16.22,157.88,0.84,0.35,35 Std. 43 Min.,2143,1.78,2176.78
palermo,nürnberg,1515.17,9.4,161.19,0.84,1.0,"25 Std., 7 Min.",1507,2.76,1541.76
palermo,edinburgh,2873.48,19.11,150.38,0.84,0.14,37 Std. 18 Min.,2238,1.47,2271.47
palermo,duisburg,1897.58,11.37,166.83,0.84,0.87,"26 Std., 14 Min.",1574,2.56,1608.56
düsseldorf,glasgow,1237.71,11.94,103.66,1.13,0.45,"9 Std., 47 Min.",587,2.37,621.37
düsseldorf,leipzig,474.09,4.59,103.39,1.13,0.9,"4 Std., 49 Min.",289,3.04,324.04
düsseldorf,riga,1536.96,13.18,116.63,1.13,0.37,0,0,2.25,0.0
düsseldorf,dortmund,70.72,0.71,99.31,1.13,0.4,44 Min.,44,2.29,78.29
düsseldorf,málaga,2269.05,12.57,180.58,1.13,0.7,"26 Std., 49 Min.",1609,2.74,1643.74
düsseldorf,vilnius,1463.77,12.26,119.4,1.13,2.03,0,0,4.74,0.0
düsseldorf,essen,37.95,0.38,98.8,1.13,0.62,23 Min.,23,2.62,57.62
düsseldorf,sheffield,851.16,7.21,118.02,1.13,0.41,"7 Std., 24 Min.",444,2.31,478.31
düsseldorf,kayseri,3487.49,29.46,118.4,1.13,0.36,"84 Std., 36 Min.",5076,2.24,5110.24
düsseldorf,bremen,286.54,1.88,152.7,1.13,0.91,"2 Std., 38 Min.",158,3.06,193.06
düsseldorf,dresden,590.27,5.42,108.96,1.13,1.12,"6 Std., 11 Min.",371,3.38,406.38
düsseldorf,genova,980.57,7.62,128.67,1.13,0.43,"10 Std., 51 Min.",651,2.34,685.34
düsseldorf,københavn,890.62,5.78,154.13,1.13,0.18,"9 Std., 4 Min.",544,1.96,577.96
düsseldorf,manchester,890.35,7.05,126.37,1.13,0.6,"7 Std., 31 Min.",451,2.6,485.6
düsseldorf,poznan,798.27,5.43,146.92,1.13,1.07,"7 Std., 39 Min.",459,3.3,494.3
düsseldorf,hannover,277.74,2.09,132.94,1.13,0.96,"2 Std., 36 Min.",156,3.14,191.14
düsseldorf,antwerpen,200.48,1.77,113.5,1.13,1.48,"3 Std., 11 Min.",191,3.92,226.92
düsseldorf,bradford,909.38,7.57,120.2,1.13,0.35,"8 Std., 2 Min.",482,2.22,516.22
düsseldorf,nürnberg,434.62,2.45,177.34,1.13,1.0,"3 Std., 8 Min.",188,3.2,223.2
düsseldorf,edinburgh,1222.25,10.45,116.91,1.13,0.14,"9 Std., 33 Min.",573,1.9,606.9
düsseldorf,duisburg,24.3,0.17,140.59,1.13,0.87,10 Min.,10,3.0,45.0
glasgow,leipzig,1700.42,16.6,102.42,0.45,0.9,"14 Std., 55 Min.",895,2.02,929.02
glasgow,riga,2757.01,24.96,110.44,0.45,0.37,0,0,1.23,0.0
glasgow,dortmund,1290.78,12.5,103.27,0.45,0.4,"11 Std., 38 Min.",698,1.28,731.28
glasgow,málaga,2861.28,19.69,145.34,0.45,0.7,30 Std. 41 Min.,1841,1.72,1874.72
glasgow,vilnius,2683.83,24.05,111.62,0.45,2.03,0,0,3.72,0.0
glasgow,essen,1256.65,12.18,103.15,0.45,0.62,"11 Std., 14 Min.",674,1.6,707.6
glasgow,sheffield,408.25,5.48,74.55,0.45,0.41,"4 Std., 21 Min.",261,1.29,294.29
glasgow,kayseri,4684.11,40.63,115.28,0.45,0.36,0,0,1.22,0.0
glasgow,bremen,1489.49,14.11,105.53,0.45,0.91,"13 Std., 41 Min.",821,2.04,855.04
glasgow,dresden,1816.6,17.43,104.19,0.45,1.12,"16 Std., 10 Min.",970,2.36,1004.36
glasgow,genova,1963.9,17.53,112.04,0.45,0.43,24 Std. 59 Min.,1499,1.32,1532.32
glasgow,københavn,2097.52,17.36,120.81,0.45,0.18,23 Std. 6 Min.,1386,0.94,1418.94
glasgow,manchester,365.22,3.84,95.1,0.45,0.6,"3 Std., 15 Min.",195,1.58,228.58
glasgow,poznan,2018.32,17.22,117.21,0.45,1.07,"20 Std., 36 Min.",1236,2.28,1270.28
glasgow,hannover,1497.79,13.88,107.94,0.45,0.96,"13 Std., 42 Min.",822,2.11,856.11
glasgow,antwerpen,1041.32,10.33,100.77,0.45,1.48,"8 Std., 2 Min.",482,2.9,516.9
glasgow,bradford,337.07,4.46,75.55,0.45,0.35,"3 Std., 39 Min.",219,1.2,252.2
glasgow,nürnberg,1631.24,13.63,119.69,0.45,1.0,"13 Std., 47 Min.",827,2.17,861.17
glasgow,edinburgh,74.88,0.91,82.64,0.45,0.14,45 Min.,45,0.89,77.89
glasgow,duisburg,1238.2,12.05,102.78,0.45,0.87,"10 Std., 48 Min.",648,1.98,681.98
leipzig,riga,1171.39,10.55,111.03,0.9,0.37,0,0,1.9,0.0
leipzig,dortmund,412.87,4.06,101.75,0.9,0.4,"4 Std., 25 Min.",265,1.95,298.95
leipzig,málaga,2682.71,14.25,188.29,0.9,0.7,"30 Std., 29 Min.",1829,2.4,1863.4
leipzig,vilnius,1098.2,9.63,114.02,0.9,2.03,0,0,4.39,0.0
leipzig,essen,444.64,4.44,100.04,0.9,0.62,"4 Std., 50 Min.",290,2.28,324.28
leipzig,sheffield,1313.87,11.76,111.69,0.9,0.41,"11 Std., 52 Min.",712,1.97,745.97
leipzig,kayseri,3170.11,27.68,114.53,0.9,0.36,0,0,1.89,0.0
leipzig,bremen,382.58,2.87,133.17,0.9,0.91,"4 Std., 7 Min.",247,2.72,281.72
leipzig,dresden,119.64,0.87,137.01,0.9,1.12,"1 Std., 7 Min.",67,3.03,102.03
leipzig,genova,1090.37,7.9,138.05,0.9,0.43,"12 Std., 20 Min.",740,2.0,774.0
leipzig,københavn,868.19,6.24,139.17,0.9,0.18,"8 Std., 22 Min.",502,1.62,535.62
leipzig,manchester,1353.06,11.6,116.68,0.9,0.6,"11 Std., 56 Min.",716,2.25,750.25
leipzig,poznan,367.35,3.17,115.87,0.9,1.07,"4 Std., 14 Min.",254,2.96,288.96
leipzig,hannover,264.45,2.17,122.13,0.9,0.96,"2 Std., 39 Min.",159,2.79,193.79
leipzig,antwerpen,663.19,6.32,104.98,0.9,1.48,"7 Std., 33 Min.",453,3.57,488.57
leipzig,bradford,1372.09,12.12,113.24,0.9,0.35,"12 Std., 36 Min.",756,1.88,789.88
leipzig,nürnberg,306.93,1.84,167.15,0.9,1.0,"2 Std., 4 Min.",124,2.85,158.85
leipzig,edinburgh,1684.96,15.01,112.29,0.9,0.14,"13 Std., 55 Min.",835,1.56,868.56
leipzig,duisburg,462.82,4.56,101.52,0.9,0.87,"5 Std., 1 Min.",301,2.66,335.66
riga,dortmund,1466.23,12.47,117.6,0.37,0.4,0,0,1.16,0.0
riga,málaga,3804.47,25.28,150.47,0.37,0.7,0,0,1.6,0.0
riga,vilnius,346.52,2.95,117.55,0.37,2.03,0,0,3.6,0.0
riga,essen,1501.24,12.81,117.22,0.37,0.62,0,0,1.48,0.0
riga,sheffield,2370.48,20.13,117.78,0.37,0.41,0,0,1.17,0.0
riga,kayseri,3632.79,32.77,110.85,0.37,0.36,0,0,1.1,0.0
riga,bremen,1342.04,12.44,107.91,0.37,0.91,0,0,1.92,0.0
riga,dresden,1164.1,10.62,109.58,0.37,1.12,0,0,2.24,0.0
riga,genova,2230.33,17.86,124.88,0.37,0.43,0,0,1.2,0.0
riga,københavn,1684.28,15.25,110.45,0.37,0.18,0,0,0.82,0.0
riga,manchester,2409.66,19.96,120.73,0.37,0.6,0,0,1.45,0.0
riga,poznan,831.61,7.71,107.83,0.37,1.07,0,0,2.16,0.0
riga,hannover,1263.19,11.19,112.9,0.37,0.96,0,0,2.0,0.0
riga,antwerpen,1719.79,14.68,117.15,0.37,1.48,0,0,2.78,0.0
riga,bradford,2428.69,20.48,118.59,0.37,0.35,0,0,1.08,0.0
riga,nürnberg,1446.9,11.8,122.64,0.37,1.0,0,0,2.06,0.0
riga,edinburgh,2741.56,23.37,117.32,0.37,0.14,0,0,0.76,0.0
riga,duisburg,1519.42,12.92,117.59,0.37,0.87,0,0,1.86,0.0
dortmund,málaga,2339.31,13.17,177.64,0.4,0.7,27 Std. 44 Min.,1664,1.65,1697.65
dortmund,vilnius,1393.05,11.55,120.64,0.4,2.03,0,0,3.64,0.0
dortmund,essen,35.01,0.34,102.99,0.4,0.62,19 Min.,19,1.53,52.53
dortmund,sheffield,904.24,7.66,118.07,0.4,0.41,"8 Std., 24 Min.",504,1.22,537.22
dortmund,kayseri,3510.05,30.66,114.47,0.4,0.36,"85 Std., 27 Min.",5127,1.14,5160.14
dortmund,bremen,226.78,1.37,165.59,0.4,0.91,"1 Std., 49 Min.",109,1.97,142.97
dortmund,dresden,529.06,4.89,108.22,0.4,1.12,"5 Std., 41 Min.",341,2.28,375.28
dortmund,genova,1038.02,7.95,130.6,0.4,0.43,"11 Std., 42 Min.",702,1.25,735.25
dortmund,københavn,830.85,5.8,143.25,0.4,0.18,"8 Std., 13 Min.",493,0.87,525.87
dortmund,manchester,943.43,7.49,125.93,0.4,0.6,"8 Std., 26 Min.",506,1.5,539.5
dortmund,poznan,727.54,4.72,154.1,0.4,1.07,"6 Std., 43 Min.",403,2.21,437.21
dortmund,hannover,207.01,1.38,150.33,0.4,0.96,"1 Std., 41 Min.",101,2.04,135.04
dortmund,antwerpen,253.56,2.21,114.61,0.4,1.48,"4 Std., 11 Min.",251,2.82,285.82
dortmund,bradford,962.46,8.01,120.13,0.4,0.35,"8 Std., 57 Min.",537,1.12,570.12
dortmund,nürnberg,457.18,3.66,125.02,0.4,1.0,"4 Std., 23 Min.",263,2.1,297.1
dortmund,edinburgh,1275.33,10.9,116.99,0.4,0.14,"10 Std., 30 Min.",630,0.81,662.81
dortmund,duisburg,53.19,0.45,117.19,0.4,0.87,32 Min.,32,1.9,65.9
málaga,vilnius,3731.19,24.36,153.18,0.7,2.03,0,0,4.1,0.0
málaga,essen,2305.09,12.85,179.44,0.7,0.62,"26 Std., 29 Min.",1589,1.98,1622.98
málaga,sheffield,2474.64,14.88,166.31,0.7,0.41,"26 Std., 15 Min.",1575,1.66,1608.66
málaga,kayseri,5027.89,36.58,137.45,0.7,0.36,0,0,1.59,0.0
málaga,bremen,2548.23,14.41,176.78,0.7,0.91,"28 Std., 42 Min.",1722,2.42,1756.42
málaga,dresden,2798.9,15.07,185.7,0.7,1.12,"29 Std., 6 Min.",1746,2.73,1780.73
málaga,genova,1917.11,9.62,199.19,0.7,0.43,"25 Std., 55 Min.",1555,1.69,1588.69
málaga,københavn,3152.31,18.32,172.1,0.7,0.18,"35 Std., 5 Min.",2105,1.32,2138.32
málaga,manchester,2513.83,14.71,170.86,0.7,0.6,26 Std. 40 Min.,1600,1.95,1633.95
málaga,poznan,3044.91,16.86,180.57,0.7,1.07,34 Std. 58 Min.,2098,2.66,2132.66
málaga,hannover,2545.16,14.19,179.39,0.7,0.96,"27 Std., 44 Min.",1664,2.49,1698.49
málaga,antwerpen,2124.49,11.28,188.37,0.7,1.48,22 Std. 7 Min.,1327,3.27,1362.27
málaga,bradford,2532.86,15.23,166.28,0.7,0.35,26 Std. 41 Min.,1601,1.57,1634.57
málaga,nürnberg,2432.02,12.88,188.87,0.7,1.0,"26 Std., 47 Min.",1607,2.55,1641.55
málaga,edinburgh,2845.73,18.12,157.03,0.7,0.14,"27 Std., 53 Min.",1673,1.26,1706.26
málaga,duisburg,2286.64,12.71,179.9,0.7,0.87,25 Std. 26 Min.,1526,2.35,1560.35
vilnius,essen,1428.05,11.89,120.12,2.03,0.62,0,0,3.98,0.0
vilnius,sheffield,2297.29,19.21,119.61,2.03,0.41,0,0,3.66,0.0
vilnius,kayseri,3373.91,29.82,113.15,2.03,0.36,0,0,3.58,0.0
vilnius,bremen,1268.86,11.52,110.16,2.03,0.91,0,0,4.41,0.0
vilnius,dresden,1090.91,9.7,112.41,2.03,1.12,0,0,4.72,0.0
vilnius,genova,2124.66,17.12,124.07,2.03,0.43,0,0,3.69,0.0
vilnius,københavn,1611.09,14.33,112.42,2.03,0.18,0,0,3.32,0.0
vilnius,manchester,2336.48,19.04,122.71,2.03,0.6,0,0,3.94,0.0
vilnius,poznan,758.42,6.79,111.64,2.03,1.07,0,0,4.65,0.0
vilnius,hannover,1190.01,10.27,115.88,2.03,0.96,0,0,4.48,0.0
vilnius,antwerpen,1646.6,13.76,119.66,2.03,1.48,0,0,5.26,0.0
vilnius,bradford,2355.51,19.56,120.42,2.03,0.35,0,0,3.57,0.0
vilnius,nürnberg,1373.71,10.88,126.28,2.03,1.0,0,0,4.54,0.0
vilnius,edinburgh,2668.38,22.45,118.86,2.03,0.14,0,0,3.26,0.0
vilnius,duisburg,1446.23,12.0,120.5,2.03,0.87,0,0,4.35,0.0
essen,sheffield,870.11,7.34,118.51,0.62,0.41,8 Std.,480,1.55,513.55
essen,kayseri,3521.78,29.83,118.07,0.62,0.36,0,0,1.47,0.0
essen,bremen,254.09,1.6,159.27,0.62,0.91,"2 Std., 11 Min.",131,2.3,165.3
essen,dresden,560.83,5.28,106.3,0.62,1.12,"6 Std., 6 Min.",366,2.61,400.61
essen,genova,1014.86,7.99,126.97,0.62,0.43,"11 Std., 14 Min.",674,1.58,707.58
essen,københavn,858.17,5.5,156.11,0.62,0.18,"8 Std., 38 Min.",518,1.2,551.2
essen,manchester,909.3,7.18,126.72,0.62,0.6,"8 Std., 4 Min.",484,1.83,517.83
essen,poznan,762.55,5.06,150.67,0.62,1.07,"7 Std., 8 Min.",428,2.53,462.53
essen,hannover,242.02,1.72,140.96,0.62,0.96,"2 Std., 6 Min.",126,2.37,160.37
essen,antwerpen,219.43,1.9,115.71,0.62,1.48,"3 Std., 47 Min.",227,3.15,262.15
essen,bradford,928.33,7.7,120.63,0.62,0.35,"8 Std., 35 Min.",515,1.45,548.45
essen,nürnberg,468.92,2.82,166.08,0.62,1.0,"3 Std., 54 Min.",234,2.43,268.43
essen,edinburgh,1241.2,10.58,117.26,0.62,0.14,"10 Std., 6 Min.",606,1.14,639.14
essen,duisburg,18.98,0.14,133.36,0.62,0.87,11 Min.,11,2.24,45.24
sheffield,kayseri,4297.56,35.91,119.69,0.41,0.36,0,0,1.16,0.0
sheffield,bremen,1102.95,9.39,117.51,0.41,0.91,"10 Std., 38 Min.",638,1.98,671.98
sheffield,dresden,1430.06,12.71,112.54,0.41,1.12,"13 Std., 39 Min.",819,2.3,853.3
sheffield,genova,1577.35,12.8,123.23,0.41,0.43,21 Std. 44 Min.,1304,1.26,1337.26
sheffield,københavn,1710.97,12.63,135.42,0.41,0.18,20 Std.,1200,0.88,1232.88
sheffield,manchester,67.82,1.1,61.59,0.41,0.6,,0,1.52,33.52
sheffield,poznan,1631.78,12.49,130.63,0.41,1.07,18 Std. 35 Min.,1115,2.22,1149.22
sheffield,hannover,1111.25,9.15,121.48,0.41,0.96,"10 Std., 41 Min.",641,2.05,675.05
sheffield,antwerpen,654.77,5.61,116.8,0.41,1.48,"10 Std., 50 Min.",650,2.84,684.84
sheffield,bradford,79.93,1.1,72.59,0.41,0.35,1 Std. 14 Min.,74,1.14,107.14
sheffield,nürnberg,1244.7,8.9,139.85,0.41,1.0,"10 Std., 51 Min.",651,2.11,685.11
sheffield,edinburgh,402.35,5.41,74.37,0.41,0.14,"3 Std., 29 Min.",209,0.82,241.82
sheffield,duisburg,851.65,7.32,116.37,0.41,0.87,"7 Std., 47 Min.",467,1.92,500.92
kayseri,bremen,3532.58,30.6,115.44,0.36,0.91,0,0,1.9,0.0
kayseri,dresden,3052.6,26.79,113.94,0.36,1.12,0,0,2.22,0.0
kayseri,genova,3135.78,27.83,112.66,0.36,0.43,0,0,1.18,0.0
kayseri,københavn,3983.6,33.65,118.4,0.36,0.18,0,0,0.81,0.0
kayseri,manchester,4336.4,35.62,121.74,0.36,0.6,0,0,1.44,0.0
kayseri,poznan,3042.57,26.94,112.96,0.36,1.07,0,0,2.15,0.0
kayseri,hannover,3414.44,29.89,114.22,0.36,0.96,0,0,1.98,0.0
kayseri,antwerpen,3677.48,30.99,118.68,0.36,1.48,0,0,2.76,0.0
kayseri,bradford,4355.43,36.14,120.52,0.36,0.35,0,0,1.06,0.0
kayseri,nürnberg,3052.52,26.97,113.16,0.36,1.0,0,0,2.04,0.0
kayseri,edinburgh,4668.3,39.03,119.61,0.36,0.14,0,0,0.75,0.0
kayseri,duisburg,3509.89,29.58,118.66,0.36,0.87,0,0,1.84,0.0
bremen,dresden,482.46,3.83,126.11,0.91,1.12,"4 Std., 57 Min.",297,3.05,332.05
bremen,genova,1234.96,8.07,153.01,0.91,0.43,"13 Std., 14 Min.",794,2.01,828.01
bremen,københavn,619.92,3.99,155.27,0.91,0.18,"6 Std., 5 Min.",365,1.64,398.64
bremen,manchester,1142.14,9.12,125.23,0.91,0.6,"10 Std., 52 Min.",652,2.26,686.26
bremen,poznan,603.35,4.7,128.45,0.91,1.07,"6 Std., 12 Min.",372,2.97,406.97
bremen,hannover,122.11,0.81,151.55,0.91,0.96,59 Min.,59,2.8,93.8
bremen,antwerpen,448.18,3.79,118.35,0.91,1.48,"5 Std., 38 Min.",338,3.58,373.58
bremen,bradford,1161.17,9.64,120.45,0.91,0.35,"11 Std., 26 Min.",686,1.89,719.89
bremen,nürnberg,544.66,3.3,165.11,0.91,1.0,"4 Std., 10 Min.",250,2.86,284.86
bremen,edinburgh,1474.04,12.53,117.65,0.91,0.14,"12 Std., 51 Min.",771,1.58,804.58
bremen,duisburg,262.23,1.7,153.93,0.91,0.87,"2 Std., 19 Min.",139,2.67,173.67
dresden,genova,1178.26,9.57,123.08,1.12,0.43,"13 Std., 58 Min.",838,2.33,872.33
dresden,københavn,957.11,6.76,141.55,1.12,0.18,"9 Std., 15 Min.",555,1.95,588.95
dresden,manchester,1469.24,12.43,118.22,1.12,0.6,"13 Std., 34 Min.",814,2.58,848.58
dresden,poznan,332.49,2.91,114.21,1.12,1.07,5 Std.,300,3.29,335.29
dresden,hannover,364.33,3.12,116.84,1.12,0.96,"3 Std., 36 Min.",216,3.12,251.12
dresden,antwerpen,779.37,7.15,109.02,1.12,1.48,"9 Std., 17 Min.",557,3.9,592.9
dresden,bradford,1488.27,12.95,114.94,1.12,0.35,"14 Std., 8 Min.",848,2.21,882.21
dresden,nürnberg,392.38,3.54,110.85,1.12,1.0,"3 Std., 42 Min.",222,3.18,257.18
dresden,edinburgh,1801.14,15.84,113.73,1.12,0.14,"15 Std., 33 Min.",933,1.89,966.89
dresden,duisburg,579.0,5.39,107.41,1.12,0.87,"6 Std., 18 Min.",378,2.99,412.99
genova,københavn,1782.43,11.92,149.55,0.43,0.18,"19 Std., 18 Min.",1158,0.92,1190.92
genova,manchester,1616.54,12.54,128.96,0.43,0.6,16 Std. 51 Min.,1011,1.55,1044.55
genova,poznan,1452.57,10.52,138.09,0.43,1.07,18 Std.,1080,2.25,1114.25
genova,hannover,1112.86,7.26,153.28,0.43,0.96,"11 Std., 19 Min.",679,2.08,713.08
genova,antwerpen,1057.71,8.15,129.85,0.43,1.48,"12 Std., 18 Min.",738,2.86,772.86
genova,bradford,1635.57,13.06,125.28,0.43,0.35,17 Std. 6 Min.,1026,1.17,1059.17
genova,nürnberg,786.48,6.04,130.27,0.43,1.0,"10 Std., 26 Min.",626,2.14,660.14
genova,edinburgh,1948.44,15.94,122.2,0.43,0.14,"17 Std., 16 Min.",1036,0.86,1068.86
genova,duisburg,1003.31,7.77,129.15,0.43,0.87,"10 Std., 51 Min.",651,1.95,684.95
københavn,manchester,1750.17,12.39,141.21,0.18,0.6,"17 Std., 23 Min.",1043,1.17,1076.17
københavn,poznan,992.49,7.34,135.13,0.18,1.07,"10 Std., 8 Min.",608,1.88,641.88
københavn,hannover,669.58,4.68,142.98,0.18,0.96,"6 Std., 16 Min.",376,1.71,409.71
københavn,antwerpen,1056.2,7.06,149.58,0.18,1.48,"12 Std., 44 Min.",764,2.49,798.49
københavn,bradford,1769.2,12.91,137.0,0.18,0.35,"18 Std., 14 Min.",1094,0.8,1126.8
københavn,nürnberg,1081.37,7.96,135.85,0.18,1.0,"10 Std., 1 Min.",601,1.77,634.77
københavn,edinburgh,2082.07,15.8,131.75,0.18,0.14,"19 Std., 21 Min.",1161,0.48,1193.48
københavn,duisburg,866.32,5.63,153.84,0.18,0.87,"8 Std., 49 Min.",529,1.58,562.58
manchester,poznan,1670.96,12.25,136.43,0.6,1.07,"17 Std., 34 Min.",1054,2.5,1088.5
manchester,hannover,1150.44,8.9,129.21,0.6,0.96,"10 Std., 43 Min.",643,2.34,677.34
manchester,antwerpen,693.96,5.36,129.41,0.6,1.48,"5 Std., 31 Min.",331,3.12,366.12
manchester,bradford,88.31,1.28,68.77,0.6,0.35,1 Std. 19 Min.,79,1.42,112.42
manchester,nürnberg,1283.88,8.66,148.31,0.6,1.0,"10 Std., 53 Min.",653,2.4,687.4
manchester,edinburgh,359.31,3.77,95.22,0.6,0.14,"3 Std., 12 Min.",192,1.11,225.11
manchester,duisburg,890.84,7.07,125.92,0.6,0.87,"7 Std., 49 Min.",469,2.2,503.2
poznan,hannover,524.5,3.44,152.38,1.07,0.96,"4 Std., 30 Min.",270,3.05,305.05
poznan,antwerpen,981.1,6.93,141.5,1.07,1.48,11 Std.,660,3.82,695.82
poznan,bradford,1690.0,12.73,132.73,1.07,0.35,19 Std. 27 Min.,1167,2.13,1201.13
poznan,nürnberg,669.13,4.46,150.13,1.07,1.0,"6 Std., 22 Min.",382,3.11,417.11
poznan,edinburgh,2002.87,15.62,128.21,1.07,0.14,"18 Std., 13 Min.",1093,1.82,1126.82
poznan,duisburg,780.73,5.17,150.87,1.07,0.87,"7 Std., 18 Min.",438,2.91,472.91
hannover,antwerpen,460.57,3.59,128.31,0.96,1.48,"5 Std., 34 Min.",334,3.66,369.66
hannover,bradford,1169.47,9.39,124.56,0.96,0.35,"11 Std., 28 Min.",688,1.97,721.97
hannover,nürnberg,422.56,2.49,169.59,0.96,1.0,"2 Std., 57 Min.",177,2.94,211.94
hannover,edinburgh,1482.34,12.28,120.73,0.96,0.14,"12 Std., 47 Min.",767,1.65,800.65
hannover,duisburg,260.2,1.83,142.11,0.96,0.87,"2 Std., 17 Min.",137,2.74,171.74
antwerpen,bradford,712.99,5.85,121.81,1.48,0.35,"6 Std., 13 Min.",373,2.74,407.74
antwerpen,nürnberg,624.96,4.01,155.76,1.48,1.0,"6 Std., 25 Min.",385,3.72,420.72
antwerpen,edinburgh,1025.86,8.74,117.34,1.48,0.14,"7 Std., 47 Min.",467,2.43,501.43
antwerpen,duisburg,200.97,1.77,113.74,1.48,0.87,"3 Std., 9 Min.",189,3.52,224.52
bradford,nürnberg,1302.91,9.25,140.8,0.35,1.0,"11 Std., 14 Min.",674,2.02,708.02
bradford,edinburgh,331.16,4.4,75.34,0.35,0.14,"3 Std., 23 Min.",203,0.74,235.74
bradford,duisburg,909.87,7.67,118.6,0.35,0.87,"8 Std., 30 Min.",510,1.83,543.83
nürnberg,edinburgh,1615.78,12.05,134.05,1.0,0.14,"12 Std., 45 Min.",765,1.71,798.71
nürnberg,duisburg,457.37,2.6,175.73,1.0,0.87,"3 Std., 46 Min.",226,2.8,260.8
edinburgh,duisburg,1222.74,10.56,115.78,0.14,0.87,"9 Std., 54 Min.",594,1.52,627.52
