city1,city2,distance_km,estimated_time_in_trains,average_speed,distance_to_first_station_city1,distance_to_first_station_city2
paris,istanbul,2850.72,24.64,115.7,0.58,1.06
paris,london,453.97,3.74,121.25,0.58,0.12
paris,madrid,1412.47,8.27,170.7,0.58,1.24
paris,barcelona,1074.87,5.3,202.8,0.58,1.09
paris,berlin,1037.61,6.94,149.53,0.58,1.44
paris,milano,785.67,5.28,148.78,0.58,1.2
paris,ankara,3395.41,27.95,121.46,0.58,1.26
paris,naples,1556.1,8.92,174.49,0.58,0.41
paris,rome,1346.18,7.68,175.29,0.58,0.24
paris,athina,2667.49,22.53,118.38,0.58,168.11
paris,izmir,3640.32,31.37,116.06,0.58,41.44
paris,bucarest,2356.28,17.7,133.09,0.58,3.02
paris,lisboa,1866.58,12.0,155.56,0.58,9.22
paris,hamburg,882.36,6.26,140.93,0.58,0.79
paris,warszawa,1609.98,10.97,146.72,0.58,0.81
paris,vienna,1260.07,7.26,173.67,0.58,1.09
paris,budapest,1614.46,10.81,149.34,0.58,1.1
paris,stockholm,2016.11,12.97,155.46,0.58,0.45
paris,munich,840.78,4.38,192.03,0.58,0.52
paris,valencia,1419.19,7.27,195.33,0.58,0.86
paris,bursa,3358.94,28.69,117.07,0.58,66.98
paris,dublin,876.22,7.82,112.03,0.58,107.42
paris,lyon,433.02,1.77,244.24,0.58,0.5
paris,prague,1122.84,7.92,141.71,0.58,0.91
paris,brussels,314.04,2.15,146.12,0.58,1.08
paris,rotterdam,451.92,3.23,139.77,0.58,0.45
paris,sofia,2214.49,18.95,116.87,0.58,1.4
paris,adana,3875.91,31.77,121.99,0.58,112.06
paris,birmingham,636.85,5.34,119.29,0.58,0.19
paris,köln,484.54,3.46,140.09,0.58,1.04
paris,amsterdam,521.79,3.62,144.22,0.58,0.81
paris,porto,1728.76,10.3,167.83,0.58,0.45
paris,marseille,749.75,3.45,217.17,0.58,0.64
paris,lille,227.87,0.93,243.88,0.58,0.94
paris,gaziantep,4271.41,33.61,127.09,0.58,23.61
paris,sevilla,1832.84,8.93,205.22,0.58,0.73
paris,torino,724.21,4.23,171.16,0.58,1.27
paris,konya,3504.93,28.18,124.35,0.58,0.73
paris,kraków,1564.04,10.83,144.43,0.58,0.8
paris,hague,381.22,2.51,152.15,0.58,9.47
paris,bilbao,1072.3,6.0,178.85,0.58,0.31
paris,leeds,747.12,6.23,119.92,0.58,0.18
paris,frankfurt am main,587.91,3.28,179.36,0.58,1.47
paris,zagreb,1407.6,9.54,147.61,0.58,1.2
paris,bordeaux,552.77,2.07,266.84,0.58,2.37
paris,toulouse,717.99,5.28,135.93,0.58,1.06
paris,göteborg,1715.29,11.38,150.69,0.58,0.46
paris,zürich,614.38,3.29,186.77,0.58,0.1
paris,oslo,2051.42,13.47,152.3,0.58,0.12
paris,antalya,3423.11,29.08,117.72,0.58,136.87
paris,zaragoza,1121.51,6.31,177.76,0.58,1.58
paris,helsinki,2484.19,20.55,120.86,0.58,74.83
paris,wroclaw,1307.69,8.67,150.77,0.58,0.1
paris,lodz,1528.54,11.06,138.18,0.58,0.2
paris,stuttgart,609.4,2.97,205.36,0.58,0.3
paris,palermo,1819.21,10.19,178.48,0.58,269.19
paris,düsseldorf,502.95,3.78,133.13,0.58,1.13
paris,glasgow,1095.18,10.83,101.16,0.58,0.45
paris,leipzig,956.53,5.85,163.61,0.58,0.9
paris,riga,2038.37,16.5,123.57,0.58,0.37
paris,diyarbakir,4302.18,33.87,127.04,0.58,2.73
paris,dortmund,573.21,4.38,130.84,0.58,0.4
paris,málaga,1766.11,8.78,201.07,0.58,92.61
paris,vilnius,1965.19,15.58,126.16,0.58,2.03
paris,essen,539.09,4.06,132.62,0.58,0.62
paris,sheffield,708.63,6.1,116.2,0.58,0.41
paris,kayseri,3753.25,30.75,122.06,0.58,0.36
paris,bremen,782.22,5.63,138.85,0.58,0.91
paris,dresden,1072.72,6.68,160.67,0.58,1.12
paris,genova,882.38,5.31,166.06,0.58,0.43
paris,københavn,1386.3,9.54,145.38,0.58,0.18
paris,manchester,747.82,5.93,126.07,0.58,0.6
paris,poznan,1299.68,8.75,148.52,0.58,1.07
paris,hannover,779.15,5.41,144.11,0.58,0.96
paris,antwerpen,358.48,2.5,143.56,0.58,1.48
paris,bradford,766.85,6.45,118.86,0.58,0.35
paris,nürnberg,772.0,4.55,169.59,0.58,1.0
paris,edinburgh,1079.72,9.34,115.59,0.58,0.14
paris,duisburg,520.63,3.93,132.5,0.58,0.87
istanbul,london,3140.01,27.32,114.94,1.06,0.12
istanbul,madrid,3774.77,29.98,125.92,1.06,1.24
istanbul,barcelona,3119.92,26.81,116.39,1.06,1.09
istanbul,berlin,2305.83,22.5,102.46,1.06,1.44
istanbul,milano,2109.23,20.88,101.03,1.06,1.2
istanbul,ankara,553.15,3.4,162.82,1.06,1.26
istanbul,naples,2558.4,22.69,112.77,1.06,0.41
istanbul,rome,2348.48,21.45,109.49,1.06,0.24
istanbul,athina,1037.12,8.52,121.76,1.06,168.11
istanbul,izmir,798.06,6.81,117.19,1.06,41.44
istanbul,bucarest,808.36,8.81,91.74,1.06,3.02
istanbul,lisboa,4455.78,37.45,118.97,1.06,9.22
istanbul,hamburg,2593.59,23.95,108.28,1.06,0.79
istanbul,warszawa,2078.59,20.52,101.31,1.06,0.81
istanbul,vienna,1670.25,15.77,105.92,1.06,1.09
istanbul,budapest,1506.71,13.88,108.56,1.06,1.1
istanbul,stockholm,3710.87,30.96,119.85,1.06,0.45
istanbul,munich,2009.59,20.23,99.33,1.06,0.52
istanbul,valencia,3464.23,28.77,120.4,1.06,0.86
istanbul,bursa,516.68,4.14,124.93,1.06,66.98
istanbul,dublin,3562.26,31.4,113.47,1.06,107.42
istanbul,lyon,2547.27,23.88,106.69,1.06,0.5
istanbul,prague,2008.95,19.11,105.1,1.06,0.91
istanbul,brussels,2768.0,24.4,113.45,1.06,1.08
istanbul,rotterdam,2788.95,24.78,112.56,1.06,0.45
istanbul,sofia,640.26,5.68,112.67,1.06,1.4
istanbul,adana,1033.65,7.22,143.25,1.06,112.06
istanbul,birmingham,3322.89,28.91,114.93,1.06,0.19
istanbul,köln,2551.39,23.12,110.33,1.06,1.04
istanbul,amsterdam,2801.5,25.01,112.0,1.06,0.81
istanbul,porto,4317.96,35.75,120.77,1.06,0.45
istanbul,marseille,2625.92,24.81,105.86,1.06,0.64
istanbul,lille,2874.49,25.35,113.41,1.06,0.94
istanbul,gaziantep,1429.15,9.05,157.87,1.06,23.61
istanbul,sevilla,4191.72,30.58,137.07,1.06,0.73
istanbul,torino,2245.22,21.37,105.08,1.06,1.27
istanbul,konya,662.66,3.63,182.64,1.06,0.73
istanbul,kraków,1883.32,19.35,97.32,1.06,0.8
istanbul,hague,3212.26,26.88,119.52,1.06,9.47
istanbul,bilbao,3661.51,31.45,116.43,1.06,0.31
istanbul,leeds,3433.16,29.8,115.19,1.06,0.18
istanbul,frankfurt am main,2371.95,22.32,106.25,1.06,1.47
istanbul,zagreb,1442.77,15.07,95.74,1.06,1.2
istanbul,bordeaux,3166.58,29.04,109.04,1.06,2.37
istanbul,toulouse,3023.36,26.51,114.04,1.06,1.06
istanbul,göteborg,3410.05,29.38,116.07,1.06,0.46
istanbul,zürich,2248.71,22.2,101.3,1.06,0.1
istanbul,oslo,3746.18,31.46,119.06,1.06,0.12
istanbul,antalya,580.85,4.52,128.46,1.06,136.87
istanbul,zaragoza,3437.61,27.83,123.54,1.06,1.58
istanbul,helsinki,3175.72,30.69,103.48,1.06,74.83
istanbul,wroclaw,1978.0,19.28,102.59,1.06,0.1
istanbul,lodz,2077.63,21.01,98.89,1.06,0.2
istanbul,stuttgart,2247.83,21.68,103.66,1.06,0.3
istanbul,palermo,2821.51,23.96,117.75,1.06,269.19
istanbul,düsseldorf,2584.6,23.31,110.87,1.06,1.13
istanbul,glasgow,3781.22,34.4,109.92,1.06,0.45
istanbul,leipzig,2267.22,21.53,105.28,1.06,0.9
istanbul,riga,2729.9,26.63,102.52,1.06,0.37
istanbul,diyarbakir,1459.92,9.31,156.83,1.06,2.73
istanbul,dortmund,2607.16,24.52,106.34,1.06,0.4
istanbul,málaga,4124.99,30.43,135.54,1.06,92.61
istanbul,vilnius,2471.02,23.67,104.38,1.06,2.03
istanbul,essen,2618.9,23.68,110.57,1.06,0.62
istanbul,sheffield,3394.67,29.67,114.41,1.06,0.41
istanbul,kayseri,910.99,6.19,147.09,1.06,0.36
istanbul,bremen,2630.04,24.49,107.41,1.06,0.91
istanbul,dresden,2150.06,20.68,103.98,1.06,1.12
istanbul,genova,2233.24,21.72,102.83,1.06,0.43
istanbul,københavn,3081.06,27.53,111.91,1.06,0.18
istanbul,manchester,3433.86,29.51,116.38,1.06,0.6
istanbul,poznan,2140.03,20.82,102.78,1.06,1.07
istanbul,hannover,2511.9,23.78,105.63,1.06,0.96
istanbul,antwerpen,2774.95,24.87,111.57,1.06,1.48
istanbul,bradford,3452.89,30.03,115.0,1.06,0.35
istanbul,nürnberg,2149.98,20.86,103.07,1.06,1.0
istanbul,edinburgh,3765.76,32.91,114.41,1.06,0.14
istanbul,duisburg,2607.35,23.46,111.12,1.06,0.87
london,madrid,1866.44,12.01,155.47,0.12,1.24
london,barcelona,1528.83,9.03,169.29,0.12,1.09
london,berlin,1115.04,8.24,135.39,0.12,1.44
london,milano,1220.35,9.58,127.32,0.12,1.2
london,ankara,3685.06,30.67,120.17,0.12,1.26
london,naples,1984.62,12.24,162.21,0.12,0.41
london,rome,1774.7,11.0,161.38,0.12,0.24
london,athina,2957.14,25.24,117.14,0.12,168.11
london,izmir,3929.97,34.08,115.32,0.12,41.44
london,bucarest,2598.54,20.41,127.32,0.12,3.02
london,lisboa,2320.54,15.73,147.52,0.12,9.22
london,hamburg,952.36,6.92,137.71,0.12,0.79
london,warszawa,1687.41,12.27,137.52,0.12,0.81
london,vienna,1502.32,9.96,150.81,0.12,1.09
london,budapest,1856.71,13.52,137.37,0.12,1.1
london,stockholm,2086.11,13.62,153.12,0.12,0.45
london,munich,1134.67,8.71,130.33,0.12,0.52
london,valencia,1873.15,11.0,170.34,0.12,0.86
london,bursa,3648.58,31.4,116.18,0.12,66.98
london,dublin,431.6,5.27,81.85,0.12,107.42
london,lyon,886.98,5.5,161.16,0.12,0.5
london,prague,1340.88,9.83,136.43,0.12,0.91
london,brussels,374.29,2.71,138.02,0.12,1.08
london,rotterdam,493.55,3.9,126.6,0.12,0.45
london,sofia,2504.13,21.66,115.61,0.12,1.4
london,adana,4165.56,34.48,120.8,0.12,112.06
london,birmingham,189.26,2.5,75.7,0.12,0.19
london,köln,591.14,4.3,137.59,0.12,1.04
london,amsterdam,563.42,4.28,131.55,0.12,0.81
london,porto,2182.72,14.03,155.56,0.12,0.45
london,marseille,1203.71,7.18,167.58,0.12,0.64
london,lille,267.69,2.03,131.71,0.12,0.94
london,gaziantep,4561.06,36.32,125.58,0.12,23.61
london,sevilla,2286.8,12.66,180.61,0.12,0.73
london,torino,1178.17,7.96,147.98,0.12,1.27
london,konya,3794.57,30.9,122.81,0.12,0.73
london,kraków,1663.85,14.73,112.95,0.12,0.8
london,hague,723.13,5.4,133.98,0.12,9.47
london,bilbao,1526.26,9.73,156.92,0.12,0.31
london,leeds,305.26,3.38,90.32,0.12,0.18
london,frankfurt am main,770.32,5.04,152.79,0.12,1.47
london,zagreb,1700.07,12.72,133.64,0.12,1.2
london,bordeaux,1006.73,5.8,173.5,0.12,2.37
london,toulouse,1171.95,9.01,130.03,0.12,1.06
london,göteborg,1785.3,12.04,148.3,0.12,0.46
london,zürich,983.31,7.19,136.83,0.12,0.1
london,oslo,2121.42,14.12,150.19,0.12,0.12
london,antalya,3712.75,31.79,116.79,0.12,136.87
london,zaragoza,1575.47,10.04,156.92,0.12,1.58
london,helsinki,2561.62,21.85,117.23,0.12,74.83
london,wroclaw,1407.51,12.57,111.93,0.12,0.1
london,lodz,1616.56,12.89,125.39,0.12,0.2
london,stuttgart,903.29,7.3,123.82,0.12,0.3
london,palermo,2247.73,13.51,166.38,0.12,269.19
london,düsseldorf,596.49,4.88,122.22,0.12,1.13
london,glasgow,653.31,7.98,81.91,0.12,0.45
london,leipzig,1059.21,9.43,112.31,0.12,0.9
london,riga,2115.81,17.79,118.92,0.12,0.37
london,diyarbakir,4591.83,36.58,125.54,0.12,2.73
london,dortmund,649.57,5.33,121.95,0.12,0.4
london,málaga,2220.07,12.51,177.4,0.12,92.61
london,vilnius,2042.62,16.87,121.06,0.12,2.03
london,essen,615.44,5.01,122.83,0.12,0.62
london,sheffield,261.21,3.22,81.01,0.12,0.41
london,kayseri,4042.9,33.46,120.82,0.12,0.36
london,bremen,848.28,6.94,122.19,0.12,0.91
london,dresden,1175.39,10.26,114.53,0.12,1.12
london,genova,1322.69,10.36,127.72,0.12,0.43
london,københavn,1456.31,10.19,142.91,0.12,0.18
london,manchester,303.2,3.38,89.61,0.12,0.6
london,poznan,1377.11,10.05,137.06,0.12,1.07
london,hannover,856.58,6.7,127.78,0.12,0.96
london,antwerpen,400.11,3.16,126.53,0.12,1.48
london,bradford,324.99,3.6,90.24,0.12,0.35
london,nürnberg,990.03,6.46,153.34,0.12,1.0
london,edinburgh,637.86,6.49,98.27,0.12,0.14
london,duisburg,596.99,4.87,122.47,0.12,0.87
madrid,barcelona,667.62,3.76,177.41,1.24,1.09
madrid,berlin,2449.98,15.21,161.07,1.24,1.44
madrid,milano,1676.81,9.29,180.5,1.24,1.2
madrid,ankara,4319.83,33.33,129.61,1.24,1.26
madrid,naples,2262.62,13.55,167.01,1.24,0.41
madrid,rome,2053.67,12.31,166.78,1.24,0.24
madrid,athina,3591.91,27.91,128.7,1.24,168.11
madrid,izmir,4564.74,36.74,124.24,1.24,41.44
madrid,bucarest,3494.18,27.32,127.88,1.24,3.02
madrid,lisboa,787.96,5.48,143.74,1.24,9.22
madrid,hamburg,2294.73,14.53,157.9,1.24,0.79
madrid,warszawa,3004.99,18.63,161.29,1.24,0.81
madrid,vienna,2475.41,15.6,158.63,1.24,1.09
madrid,budapest,2657.06,17.77,149.54,1.24,1.1
madrid,stockholm,3428.48,21.24,161.41,1.24,0.45
madrid,munich,2056.13,12.73,161.55,1.24,0.52
madrid,valencia,485.03,3.33,145.82,1.24,0.86
madrid,bursa,4283.36,34.07,125.73,1.24,66.98
madrid,dublin,2288.59,16.09,142.21,1.24,107.42
madrid,lyon,1298.09,6.71,193.38,1.24,0.5
madrid,prague,2432.64,15.79,154.03,1.24,0.91
madrid,brussels,1726.41,10.42,165.66,1.24,1.08
madrid,rotterdam,1864.3,11.51,162.04,1.24,0.45
madrid,sofia,3138.9,24.32,129.04,1.24,1.4
madrid,adana,4800.33,37.15,129.22,1.24,112.06
madrid,birmingham,2049.22,13.61,150.56,1.24,0.19
madrid,köln,1896.91,11.73,161.7,1.24,1.04
madrid,amsterdam,1934.17,11.89,162.67,1.24,0.81
madrid,porto,673.87,4.73,142.53,1.24,0.45
madrid,marseille,1166.84,6.03,193.58,1.24,0.64
madrid,lille,1640.25,9.21,178.16,1.24,0.94
madrid,gaziantep,5195.83,38.99,133.28,1.24,23.61
madrid,sevilla,568.76,3.34,170.36,1.24,0.73
madrid,torino,1535.08,8.71,176.25,1.24,1.27
madrid,konya,4429.34,33.56,131.98,1.24,0.73
madrid,kraków,2897.55,19.65,147.45,1.24,0.8
madrid,hague,1573.05,9.87,159.37,1.24,9.47
madrid,bilbao,570.66,4.19,136.16,1.24,0.31
madrid,leeds,2159.5,14.5,148.91,1.24,0.18
madrid,frankfurt am main,1963.87,11.22,175.05,1.24,1.47
madrid,zagreb,2332.02,14.91,156.38,1.24,1.2
madrid,bordeaux,859.71,6.2,138.6,1.24,2.37
madrid,toulouse,978.52,7.22,135.5,1.24,1.06
madrid,göteborg,3127.66,19.66,159.13,1.24,0.46
madrid,zürich,1732.66,10.22,169.47,1.24,0.1
madrid,oslo,3463.79,21.74,159.31,1.24,0.12
madrid,antalya,4347.53,34.45,126.18,1.24,136.87
madrid,zaragoza,339.44,2.29,147.92,1.24,1.58
madrid,helsinki,3896.56,28.83,135.17,1.24,74.83
madrid,wroclaw,2683.65,16.61,161.53,1.24,0.1
madrid,lodz,2904.5,19.0,152.85,1.24,0.2
madrid,stuttgart,1914.11,11.33,168.94,1.24,0.3
madrid,palermo,2530.89,15.06,168.06,1.24,269.19
madrid,düsseldorf,1915.32,12.05,158.95,1.24,1.13
madrid,glasgow,2507.55,19.1,131.29,1.24,0.45
madrid,leipzig,2332.49,13.79,169.18,1.24,0.9
madrid,riga,3450.75,24.77,139.33,1.24,0.37
madrid,diyarbakir,5226.6,39.24,133.19,1.24,2.73
madrid,dortmund,1985.59,12.65,156.92,1.24,0.4
madrid,málaga,499.76,3.17,157.64,1.24,92.61
madrid,vilnius,3377.56,23.85,141.63,1.24,2.03
madrid,essen,1951.46,12.34,158.18,1.24,0.62
madrid,sheffield,2121.01,14.37,147.59,1.24,0.41
madrid,kayseri,4677.67,36.13,129.48,1.24,0.36
madrid,bremen,2194.59,13.91,157.82,1.24,0.91
madrid,dresden,2448.68,14.62,167.52,1.24,1.12
madrid,genova,1566.89,9.17,170.87,1.24,0.43
madrid,københavn,2798.68,17.81,157.16,1.24,0.18
madrid,manchester,2160.2,14.2,152.09,1.24,0.6
madrid,poznan,2694.69,16.41,164.23,1.24,1.07
madrid,hannover,2191.52,13.68,160.21,1.24,0.96
madrid,antwerpen,1770.85,10.77,164.44,1.24,1.48
madrid,bradford,2179.23,14.72,148.01,1.24,0.35
madrid,nürnberg,2081.79,12.42,167.59,1.24,1.0
madrid,edinburgh,2492.1,17.61,141.49,1.24,0.14
madrid,duisburg,1933.0,12.2,158.43,1.24,0.87
barcelona,berlin,1827.7,11.45,159.68,1.09,1.44
barcelona,milano,1021.96,6.12,167.05,1.09,1.2
barcelona,ankara,3664.98,30.16,121.52,1.09,1.26
barcelona,naples,1607.77,10.38,154.95,1.09,0.41
barcelona,rome,1398.82,9.14,153.02,1.09,0.24
barcelona,athina,2937.06,24.74,118.73,1.09,168.11
barcelona,izmir,3909.89,33.57,116.47,1.09,41.44
barcelona,bucarest,2839.33,24.15,117.57,1.09,3.02
barcelona,lisboa,1447.42,9.16,157.95,1.09,9.22
barcelona,hamburg,1803.9,12.39,145.55,1.09,0.79
barcelona,warszawa,2350.14,15.46,152.03,1.09,0.81
barcelona,vienna,1820.56,12.43,146.43,1.09,1.09
barcelona,budapest,2002.21,14.6,137.18,1.09,1.1
barcelona,stockholm,2937.66,19.1,153.79,1.09,0.45
barcelona,munich,1401.28,9.56,146.64,1.09,0.52
barcelona,valencia,348.83,2.06,169.4,1.09,0.86
barcelona,bursa,3628.51,30.9,117.44,1.09,66.98
barcelona,dublin,1951.08,13.12,148.68,1.09,107.42
barcelona,lyon,643.24,3.54,181.67,1.09,0.5
barcelona,prague,1777.79,12.62,140.85,1.09,0.91
barcelona,brussels,1381.05,8.94,154.56,1.09,1.08
barcelona,rotterdam,1513.07,9.95,152.14,1.09,0.45
barcelona,sofia,2484.05,21.15,117.44,1.09,1.4
barcelona,adana,4145.48,33.98,122.01,1.09,112.06
barcelona,birmingham,1711.71,10.64,160.88,1.09,0.19
barcelona,köln,1391.48,9.26,150.25,1.09,1.04
barcelona,amsterdam,1562.52,10.94,142.83,1.09,0.81
barcelona,porto,1325.27,8.46,156.62,1.09,0.45
barcelona,marseille,511.99,2.86,179.28,1.09,0.64
barcelona,lille,1290.15,5.93,217.53,1.09,0.94
barcelona,gaziantep,4540.98,35.81,126.79,1.09,23.61
barcelona,sevilla,1084.58,4.37,248.47,1.09,0.73
barcelona,torino,880.23,5.54,158.94,1.09,1.27
barcelona,konya,3774.49,30.39,124.2,1.09,0.73
barcelona,kraków,2242.7,16.48,136.09,1.09,0.8
barcelona,hague,1337.19,9.14,146.35,1.09,9.47
barcelona,bilbao,670.9,4.16,161.12,1.09,0.31
barcelona,leeds,1821.98,11.53,158.0,1.09,0.18
barcelona,frankfurt am main,1309.02,8.05,162.67,1.09,1.47
barcelona,zagreb,1677.17,11.74,142.86,1.09,1.2
barcelona,bordeaux,648.89,3.85,168.67,1.09,2.37
barcelona,toulouse,391.37,2.2,178.18,1.09,1.06
barcelona,göteborg,2636.84,17.52,150.54,1.09,0.46
barcelona,zürich,1077.81,7.05,152.83,1.09,0.1
barcelona,oslo,2972.97,19.6,151.67,1.09,0.12
barcelona,antalya,3692.68,31.28,118.04,1.09,136.87
barcelona,zaragoza,330.47,1.61,205.06,1.09,1.58
barcelona,helsinki,3263.42,24.63,132.47,1.09,74.83
barcelona,wroclaw,2028.8,13.44,150.93,1.09,0.1
barcelona,lodz,2249.65,15.83,142.1,1.09,0.2
barcelona,stuttgart,1259.26,8.16,154.35,1.09,0.3
barcelona,palermo,1876.04,11.89,157.81,1.09,269.19
barcelona,düsseldorf,1427.52,9.58,149.03,1.09,1.13
barcelona,glasgow,2170.04,16.13,134.55,1.09,0.45
barcelona,leipzig,1677.64,10.62,158.04,1.09,0.9
barcelona,riga,2817.61,20.58,136.94,1.09,0.37
barcelona,diyarbakir,4571.75,36.07,126.75,1.09,2.73
barcelona,dortmund,1486.07,10.12,146.79,1.09,0.4
barcelona,málaga,1017.85,4.22,241.33,1.09,92.61
barcelona,vilnius,2744.42,19.66,139.62,1.09,2.03
barcelona,essen,1461.81,9.95,146.9,1.09,0.62
barcelona,sheffield,1783.49,11.4,156.45,1.09,0.41
barcelona,kayseri,4022.82,32.95,122.07,1.09,0.36
barcelona,bremen,1712.5,11.43,149.77,1.09,0.91
barcelona,dresden,1793.83,11.45,156.72,1.09,1.12
barcelona,genova,912.04,6.0,152.05,1.09,0.43
barcelona,københavn,2307.85,15.67,147.3,1.09,0.18
barcelona,manchester,1822.68,11.23,162.26,1.09,0.6
barcelona,poznan,2039.84,13.24,154.11,1.09,1.07
barcelona,hannover,1640.34,9.7,169.04,1.09,0.96
barcelona,antwerpen,1419.63,9.21,154.16,1.09,1.48
barcelona,bradford,1841.71,11.75,156.7,1.09,0.35
barcelona,nürnberg,1426.94,9.25,154.26,1.09,1.0
barcelona,edinburgh,2154.58,14.64,147.15,1.09,0.14
barcelona,duisburg,1450.26,9.73,149.04,1.09,0.87
berlin,milano,1109.02,7.8,142.13,1.44,1.2
berlin,ankara,2850.88,25.85,110.27,1.44,1.26
berlin,naples,1706.01,10.82,157.64,1.44,0.41
berlin,rome,1496.09,9.58,156.11,1.44,0.24
berlin,athina,2122.95,20.43,103.9,1.44,168.11
berlin,izmir,3095.79,29.27,105.78,1.44,41.44
berlin,bucarest,1694.45,16.75,101.13,1.44,3.02
berlin,lisboa,2904.18,18.94,153.32,1.44,9.22
berlin,hamburg,290.87,1.46,199.41,1.44,0.79
berlin,warszawa,572.38,4.03,141.88,1.44,0.81
berlin,vienna,695.38,6.64,104.66,1.44,1.09
berlin,budapest,1026.96,10.19,100.79,1.44,1.1
berlin,stockholm,1408.15,8.47,166.25,1.44,0.45
berlin,munich,629.83,3.54,178.09,1.44,0.52
berlin,valencia,2172.01,13.42,161.88,1.44,0.86
berlin,bursa,2814.4,26.59,105.84,1.44,66.98
berlin,dublin,1537.3,12.29,125.08,1.44,107.42
berlin,lyon,1185.84,7.92,149.64,1.44,0.5
berlin,prague,381.48,2.97,128.61,1.44,0.91
berlin,brussels,744.09,5.36,138.7,1.44,1.08
berlin,rotterdam,668.19,4.65,143.84,1.44,0.45
berlin,sofia,1669.95,16.85,99.13,1.44,1.4
berlin,adana,3331.38,29.67,112.28,1.44,112.06
berlin,birmingham,1297.92,9.81,132.33,1.44,0.19
berlin,köln,559.37,3.63,154.15,1.44,1.04
berlin,amsterdam,636.83,4.46,142.8,1.44,0.81
berlin,porto,2766.35,17.24,160.43,1.44,0.45
berlin,marseille,1502.57,9.6,156.45,1.44,0.64
berlin,lille,851.18,6.23,136.58,1.44,0.94
berlin,gaziantep,3726.88,31.51,118.28,1.44,23.61
berlin,sevilla,2870.44,15.87,180.83,1.44,0.73
berlin,torino,1208.53,8.61,140.34,1.44,1.27
berlin,konya,2960.39,26.08,113.5,1.44,0.73
berlin,kraków,584.67,4.99,117.24,1.44,0.8
berlin,hague,1365.47,9.06,150.77,1.44,9.47
berlin,bilbao,2109.9,12.94,163.07,1.44,0.31
berlin,leeds,1408.2,10.7,131.62,1.44,0.18
berlin,frankfurt am main,520.4,3.45,150.84,1.44,1.47
berlin,zagreb,1061.45,10.0,106.18,1.44,1.2
berlin,bordeaux,1590.36,9.01,176.42,1.44,2.37
berlin,toulouse,1723.28,12.86,134.05,1.44,1.06
berlin,göteborg,1107.33,6.88,160.85,1.44,0.46
berlin,zürich,872.06,5.83,149.5,1.44,0.1
berlin,oslo,1443.45,8.97,160.91,1.44,0.12
berlin,antalya,2878.57,26.98,106.71,1.44,136.87
berlin,zaragoza,2145.39,12.47,172.02,1.44,1.58
berlin,helsinki,1451.88,13.69,106.07,1.44,74.83
berlin,wroclaw,328.32,2.83,115.97,1.44,0.1
berlin,lodz,501.52,4.66,107.72,1.44,0.2
berlin,stuttgart,643.98,4.13,156.09,1.44,0.3
berlin,palermo,1969.12,12.1,162.78,1.44,269.19
berlin,düsseldorf,536.19,3.62,148.06,1.44,1.13
berlin,glasgow,1756.25,15.3,114.82,1.44,0.45
berlin,leipzig,181.49,1.42,128.25,1.44,0.9
berlin,riga,1006.06,9.63,104.49,1.44,0.37
berlin,diyarbakir,3757.65,31.76,118.3,1.44,2.73
berlin,dortmund,465.47,2.91,159.99,1.44,0.4
berlin,málaga,2803.71,15.73,178.28,1.44,92.61
berlin,vilnius,932.88,8.71,107.11,1.44,2.03
berlin,essen,500.47,3.25,154.03,1.44,0.62
berlin,sheffield,1369.71,10.57,129.61,1.44,0.41
berlin,kayseri,3208.72,28.65,112.0,1.44,0.36
berlin,bremen,341.28,2.88,118.54,1.44,0.91
berlin,dresden,190.13,1.38,137.33,1.44,1.12
berlin,genova,1240.43,8.73,142.11,1.44,0.43
berlin,københavn,778.34,5.04,154.54,1.44,0.18
berlin,manchester,1408.9,10.4,135.46,1.44,0.6
berlin,poznan,262.07,1.81,144.65,1.44,1.07
berlin,hannover,262.43,1.63,160.96,1.44,0.96
berlin,antwerpen,719.02,5.12,140.39,1.44,1.48
berlin,bradford,1427.93,10.92,130.75,1.44,0.35
berlin,nürnberg,457.0,2.67,171.36,1.44,1.0
berlin,edinburgh,1740.8,13.81,126.05,1.44,0.14
berlin,duisburg,518.65,3.36,154.21,1.44,0.87
milano,ankara,2654.28,24.22,109.57,1.2,1.26
milano,naples,780.45,3.76,207.5,1.2,0.41
milano,rome,570.53,2.52,226.15,1.2,0.24
milano,athina,1926.35,18.8,102.45,1.2,168.11
milano,izmir,2899.19,27.64,104.9,1.2,41.44
milano,bucarest,1828.63,18.22,100.38,1.2,3.02
milano,lisboa,2357.82,16.76,140.69,1.2,9.22
milano,hamburg,1147.18,7.52,152.56,1.2,0.79
milano,warszawa,1507.03,11.92,126.4,1.2,0.81
milano,vienna,850.39,6.81,124.94,1.2,1.09
milano,budapest,991.5,8.66,114.46,1.2,1.1
milano,stockholm,2280.93,14.23,160.32,1.2,0.45
milano,munich,562.24,4.49,125.3,1.2,0.52
milano,valencia,1366.26,8.08,169.1,1.2,0.86
milano,bursa,2617.8,24.96,104.87,1.2,66.98
milano,dublin,1642.6,13.65,120.3,1.2,107.42
milano,lyon,449.3,3.18,141.11,1.2,0.5
milano,prague,966.38,9.01,107.22,1.2,0.91
milano,brussels,900.81,6.14,146.8,1.2,1.08
milano,rotterdam,1032.82,7.15,144.53,1.2,0.45
milano,sofia,1473.35,15.22,96.81,1.2,1.4
milano,adana,3134.78,28.04,111.79,1.2,112.06
milano,birmingham,1403.22,11.17,125.61,1.2,0.19
milano,köln,813.23,6.17,131.7,1.2,1.04
milano,amsterdam,1066.16,8.19,130.1,1.2,0.81
milano,porto,2219.99,15.06,147.4,1.2,0.45
milano,marseille,541.6,4.31,125.73,1.2,0.64
milano,lille,954.81,7.61,125.51,1.2,0.94
milano,gaziantep,3530.28,29.88,118.15,1.2,23.61
milano,sevilla,2093.75,9.89,211.75,1.2,0.73
milano,torino,147.25,0.67,218.4,1.2,1.27
milano,konya,2763.79,24.46,113.01,1.2,0.73
milano,kraków,1272.53,10.85,117.25,1.2,0.8
milano,hague,1160.73,7.65,151.78,1.2,9.47
milano,bilbao,1563.54,10.76,145.37,1.2,0.31
milano,leeds,1513.5,12.06,125.47,1.2,0.18
milano,frankfurt am main,650.23,4.48,145.17,1.2,1.47
milano,zagreb,666.46,5.81,114.78,1.2,1.2
milano,bordeaux,1068.61,8.35,128.03,1.2,2.37
milano,toulouse,925.39,5.82,159.01,1.2,1.06
milano,göteborg,1980.11,12.64,156.63,1.2,0.46
milano,zürich,268.39,2.03,132.22,1.2,0.1
milano,oslo,2316.24,14.73,157.26,1.2,0.12
milano,antalya,2681.97,25.35,105.8,1.2,136.87
milano,zaragoza,1339.64,7.13,187.77,1.2,1.58
milano,helsinki,2544.74,20.99,121.23,1.2,74.83
milano,wroclaw,1269.3,12.87,98.61,1.2,0.1
milano,lodz,1412.17,12.16,116.13,1.2,0.2
milano,stuttgart,550.15,4.46,123.45,1.2,0.3
milano,palermo,1043.57,5.04,207.21,1.2,269.19
milano,düsseldorf,849.26,6.49,130.81,1.2,1.13
milano,glasgow,1861.55,16.66,111.75,1.2,0.45
milano,leipzig,958.96,6.97,137.54,1.2,0.9
milano,riga,2098.93,16.93,123.96,1.2,0.37
milano,diyarbakir,3561.05,30.14,118.16,1.2,2.73
milano,dortmund,906.72,6.82,132.95,1.2,0.4
milano,málaga,2027.02,9.74,208.1,1.2,92.61
milano,vilnius,2000.65,16.27,122.97,1.2,2.03
milano,essen,883.56,6.86,128.71,1.2,0.62
milano,sheffield,1475.01,11.93,123.63,1.2,0.41
milano,kayseri,3012.12,27.02,111.47,1.2,0.36
milano,bremen,1103.66,6.94,158.96,1.2,0.91
milano,dresden,1046.85,8.65,121.05,1.2,1.12
milano,genova,148.91,1.22,122.02,1.2,0.43
milano,københavn,1651.13,10.79,152.96,1.2,0.18
milano,manchester,1514.2,11.76,128.72,1.2,0.6
milano,poznan,1321.16,9.59,137.72,1.2,1.07
milano,hannover,981.55,6.14,159.97,1.2,0.96
milano,antwerpen,939.38,6.41,146.56,1.2,1.48
milano,bradford,1533.23,12.28,124.82,1.2,0.35
milano,nürnberg,655.07,5.11,128.16,1.2,1.0
milano,edinburgh,1846.1,15.17,121.67,1.2,0.14
milano,duisburg,872.01,6.64,131.24,1.2,0.87
ankara,naples,3103.1,26.01,119.32,1.26,0.41
ankara,rome,2893.17,24.77,116.81,1.26,0.24
ankara,athina,1581.82,11.84,133.64,1.26,168.11
ankara,izmir,737.45,5.82,126.73,1.26,41.44
ankara,bucarest,1353.06,12.13,111.54,1.26,3.02
ankara,lisboa,5000.48,40.77,122.65,1.26,9.22
ankara,hamburg,3138.29,27.27,115.08,1.26,0.79
ankara,warszawa,2623.28,23.84,110.05,1.26,0.81
ankara,vienna,2214.95,19.09,116.04,1.26,1.09
ankara,budapest,2051.41,17.2,119.28,1.26,1.1
ankara,stockholm,4255.57,34.28,124.13,1.26,0.45
ankara,munich,2554.29,23.55,108.47,1.26,0.52
ankara,valencia,4008.92,32.09,124.92,1.26,0.86
ankara,bursa,456.07,3.14,145.02,1.26,66.98
ankara,dublin,4106.96,34.71,118.31,1.26,107.42
ankara,lyon,3091.97,27.2,113.7,1.26,0.5
ankara,prague,2553.64,22.43,113.83,1.26,0.91
ankara,brussels,3312.69,27.72,119.51,1.26,1.08
ankara,rotterdam,3333.65,28.1,118.65,1.26,0.45
ankara,sofia,1184.95,9.0,131.65,1.26,1.4
ankara,adana,480.62,3.82,125.84,1.26,112.06
ankara,birmingham,3867.59,32.23,120.0,1.26,0.19
ankara,köln,3096.08,26.44,117.08,1.26,1.04
ankara,amsterdam,3346.2,28.33,118.1,1.26,0.81
ankara,porto,4862.66,39.07,124.45,1.26,0.45
ankara,marseille,3170.62,28.12,112.74,1.26,0.64
ankara,lille,3419.19,28.67,119.28,1.26,0.94
ankara,gaziantep,876.02,5.65,155.05,1.26,23.61
ankara,sevilla,4736.42,33.9,139.72,1.26,0.73
ankara,torino,2789.91,24.69,113.02,1.26,1.27
ankara,konya,309.21,1.44,214.1,1.26,0.73
ankara,kraków,2428.01,22.67,107.1,1.26,0.8
ankara,hague,3756.96,30.2,124.42,1.26,9.47
ankara,bilbao,4206.2,34.77,120.98,1.26,0.31
ankara,leeds,3977.86,33.12,120.1,1.26,0.18
ankara,frankfurt am main,2916.65,25.64,113.74,1.26,1.47
ankara,zagreb,1987.46,18.39,108.08,1.26,1.2
ankara,bordeaux,3711.28,32.36,114.69,1.26,2.37
ankara,toulouse,3568.06,29.83,119.61,1.26,1.06
ankara,göteborg,3954.75,32.7,120.95,1.26,0.46
ankara,zürich,2793.4,25.52,109.47,1.26,0.1
ankara,oslo,4290.87,34.78,123.36,1.26,0.12
ankara,antalya,520.24,3.53,147.35,1.26,136.87
ankara,zaragoza,3982.3,31.15,127.86,1.26,1.58
ankara,helsinki,3720.41,34.01,109.4,1.26,74.83
ankara,wroclaw,2522.7,22.6,111.63,1.26,0.1
ankara,lodz,2622.33,24.33,107.79,1.26,0.2
ankara,stuttgart,2792.53,25.0,111.69,1.26,0.3
ankara,palermo,3366.21,27.28,123.39,1.26,269.19
ankara,düsseldorf,3129.3,26.63,117.51,1.26,1.13
ankara,glasgow,4325.91,37.72,114.69,1.26,0.45
ankara,leipzig,2811.92,24.85,113.14,1.26,0.9
ankara,riga,3274.6,29.95,109.34,1.26,0.37
ankara,diyarbakir,906.79,5.91,153.53,1.26,2.73
ankara,dortmund,3151.86,27.84,113.23,1.26,0.4
ankara,málaga,4669.69,33.75,138.35,1.26,92.61
ankara,vilnius,3015.71,26.99,111.72,1.26,2.03
ankara,essen,3163.59,27.0,117.16,1.26,0.62
ankara,sheffield,3939.37,32.99,119.41,1.26,0.41
ankara,kayseri,357.96,2.8,127.97,1.26,0.36
ankara,bremen,3174.74,27.81,114.18,1.26,0.91
ankara,dresden,2694.76,24.0,112.3,1.26,1.12
ankara,genova,2777.94,25.04,110.95,1.26,0.43
ankara,københavn,3625.76,30.85,117.53,1.26,0.18
ankara,manchester,3978.56,32.82,121.21,1.26,0.6
ankara,poznan,2684.73,24.14,111.22,1.26,1.07
ankara,hannover,3056.6,27.1,112.8,1.26,0.96
ankara,antwerpen,3319.64,28.19,117.76,1.26,1.48
ankara,bradford,3997.59,33.34,119.89,1.26,0.35
ankara,nürnberg,2694.68,24.18,111.45,1.26,1.0
ankara,edinburgh,4310.46,36.23,118.96,1.26,0.14
ankara,duisburg,3152.05,26.78,117.69,1.26,0.87
naples,rome,212.63,1.26,168.16,0.41,0.24
naples,athina,2375.53,20.61,115.24,0.41,168.11
naples,izmir,3348.36,29.45,113.7,0.41,41.44
naples,bucarest,2277.8,20.03,113.73,0.41,3.02
naples,lisboa,2943.64,21.02,140.04,0.41,9.22
naples,hamburg,1822.81,11.48,158.77,0.41,0.79
naples,warszawa,1957.77,13.84,141.48,0.41,0.81
naples,vienna,1301.14,8.72,149.18,0.41,1.09
naples,budapest,1440.68,10.47,137.56,0.41,1.1
naples,stockholm,2956.56,18.19,162.55,0.41,0.45
naples,munich,1100.21,7.18,153.18,0.41,0.52
naples,valencia,1952.08,12.34,158.19,0.41,0.86
naples,bursa,3066.97,26.77,114.55,0.41,66.98
naples,dublin,2406.87,16.31,147.54,0.41,107.42
naples,lyon,1161.47,8.06,144.02,0.41,0.5
naples,prague,1502.35,11.29,133.04,0.41,0.91
naples,brussels,1663.27,9.59,173.41,0.41,1.08
naples,rotterdam,1795.29,10.6,169.35,0.41,0.45
naples,sofia,1922.52,17.03,112.89,0.41,1.4
naples,adana,3583.95,29.85,120.05,0.41,112.06
naples,birmingham,2167.5,13.83,156.72,0.41,0.19
naples,köln,1575.69,9.63,163.62,0.41,1.04
naples,amsterdam,1828.62,11.65,156.96,0.41,0.81
naples,porto,2805.81,19.32,145.22,0.41,0.45
naples,marseille,1098.33,7.57,145.08,0.41,0.64
naples,lille,1719.09,10.27,167.44,0.41,0.94
naples,gaziantep,3979.45,31.69,125.57,0.41,23.61
naples,sevilla,2679.57,14.15,189.39,0.41,0.73
naples,torino,857.09,5.51,155.62,0.41,1.27
naples,konya,3212.96,26.27,122.32,0.41,0.73
naples,kraków,1723.27,12.77,134.96,0.41,0.8
naples,hague,1931.16,11.28,171.13,0.41,9.47
naples,bilbao,2149.36,15.02,143.14,0.41,0.31
naples,leeds,2277.77,14.72,154.72,0.41,0.18
naples,frankfurt am main,1412.69,7.93,178.05,0.41,1.47
naples,zagreb,1115.63,7.62,146.46,0.41,1.2
naples,bordeaux,1768.74,11.73,150.78,0.41,2.37
naples,toulouse,1511.21,10.08,149.92,0.41,1.06
naples,göteborg,2655.74,16.6,159.95,0.41,0.46
naples,zürich,1030.85,5.49,187.93,0.41,0.1
naples,oslo,2991.87,18.69,160.08,0.41,0.12
naples,antalya,3131.14,27.16,115.29,0.41,136.87
naples,zaragoza,1925.46,11.39,168.98,0.41,1.58
naples,helsinki,3131.1,26.13,119.82,0.41,74.83
naples,wroclaw,1740.6,13.3,130.89,0.41,0.1
naples,lodz,1862.92,14.08,132.35,0.41,0.2
naples,stuttgart,1265.54,8.73,144.91,0.41,0.3
naples,palermo,269.75,1.67,161.93,0.41,269.19
naples,düsseldorf,1611.73,9.95,162.02,0.41,1.13
naples,glasgow,2625.82,19.32,135.92,0.41,0.45
naples,leipzig,1555.95,9.99,155.82,0.41,0.9
naples,riga,2685.28,22.07,121.66,0.41,0.37
naples,diyarbakir,4010.22,31.95,125.53,0.41,2.73
naples,dortmund,1669.18,10.28,162.45,0.41,0.4
naples,málaga,2612.84,14.0,186.62,0.41,92.61
naples,vilnius,2451.4,18.18,134.81,0.41,2.03
naples,essen,1646.02,10.32,159.5,0.41,0.62
naples,sheffield,2239.28,14.59,153.48,0.41,0.41
naples,kayseri,3461.29,28.83,120.05,0.41,0.36
naples,bremen,1779.29,10.9,163.17,0.41,0.91
naples,dresden,1625.06,12.13,134.01,0.41,1.12
naples,genova,695.76,4.38,158.9,0.41,0.43
naples,københavn,2326.76,14.76,157.69,0.41,0.18
naples,manchester,2278.47,14.42,157.97,0.41,0.6
naples,poznan,1905.31,14.38,132.48,0.41,1.07
naples,hannover,1657.18,10.1,164.12,0.41,0.96
naples,antwerpen,1701.84,9.86,172.51,0.41,1.48
naples,bradford,2297.5,14.94,153.75,0.41,0.35
naples,nürnberg,1252.06,8.12,154.1,0.41,1.0
naples,edinburgh,2610.37,17.83,146.38,0.41,0.14
naples,duisburg,1634.47,10.1,161.84,0.41,0.87
rome,athina,2165.6,19.38,111.77,0.24,168.11
rome,izmir,3138.44,28.21,111.25,0.24,41.44
rome,bucarest,2067.88,18.79,110.05,0.24,3.02
rome,lisboa,2734.69,19.79,138.22,0.24,9.22
rome,hamburg,1612.89,10.24,157.47,0.24,0.79
rome,warszawa,1747.85,12.6,138.72,0.24,0.81
rome,vienna,1091.22,7.48,145.82,0.24,1.09
rome,budapest,1230.75,9.23,133.28,0.24,1.1
rome,stockholm,2746.64,16.95,162.04,0.24,0.45
rome,munich,890.29,5.94,149.78,0.24,0.52
rome,valencia,1743.13,11.11,156.96,0.24,0.86
rome,bursa,2857.05,25.54,111.89,0.24,66.98
rome,dublin,2196.94,15.07,145.74,0.24,107.42
rome,lyon,952.53,6.83,139.46,0.24,0.5
rome,prague,1292.43,10.05,128.55,0.24,0.91
rome,brussels,1453.35,8.35,173.99,0.24,1.08
rome,rotterdam,1585.36,9.36,169.32,0.24,0.45
rome,sofia,1712.6,15.79,108.45,0.24,1.4
rome,adana,3374.03,28.62,117.91,0.24,112.06
rome,birmingham,1957.57,12.59,155.46,0.24,0.19
rome,köln,1365.77,8.39,162.75,0.24,1.04
rome,amsterdam,1618.7,10.41,155.47,0.24,0.81
rome,porto,2596.87,18.09,143.58,0.24,0.45
rome,marseille,889.38,6.34,140.37,0.24,0.64
rome,lille,1509.16,9.03,167.16,0.24,0.94
rome,gaziantep,3769.53,30.45,123.78,0.24,23.61
rome,sevilla,2470.62,12.91,191.32,0.24,0.73
rome,torino,648.14,4.27,151.68,0.24,1.27
rome,konya,3003.04,25.03,119.99,0.24,0.73
rome,kraków,1513.35,11.53,131.25,0.24,0.8
rome,hague,1721.24,10.05,171.33,0.24,9.47
rome,bilbao,1940.41,13.78,140.8,0.24,0.31
rome,leeds,2067.85,13.48,153.36,0.24,0.18
rome,frankfurt am main,1202.77,6.7,179.62,0.24,1.47
rome,zagreb,905.71,6.38,141.98,0.24,1.2
rome,bordeaux,1559.79,10.5,148.61,0.24,2.37
rome,toulouse,1302.27,8.85,147.22,0.24,1.06
rome,göteborg,2445.82,15.36,159.18,0.24,0.46
rome,zürich,820.93,4.25,193.31,0.24,0.1
rome,oslo,2781.95,17.45,159.41,0.24,0.12
rome,antalya,2921.22,25.92,112.7,0.24,136.87
rome,zaragoza,1716.51,10.16,168.94,0.24,1.58
rome,helsinki,2921.18,24.89,117.35,0.24,74.83
rome,wroclaw,1530.68,12.06,126.92,0.24,0.1
rome,lodz,1653.0,12.84,128.76,0.24,0.2
rome,stuttgart,1055.62,7.49,140.85,0.24,0.3
rome,palermo,477.33,2.56,186.78,0.24,269.19
rome,düsseldorf,1401.8,8.71,160.96,0.24,1.13
rome,glasgow,2415.9,18.08,133.62,0.24,0.45
rome,leipzig,1346.03,8.75,153.88,0.24,0.9
rome,riga,2475.36,20.83,118.81,0.24,0.37
rome,diyarbakir,3800.3,30.71,123.75,0.24,2.73
rome,dortmund,1459.26,9.04,161.48,0.24,0.4
rome,málaga,2403.89,12.77,188.3,0.24,92.61
rome,vilnius,2241.48,16.95,132.27,0.24,2.03
rome,essen,1436.1,9.08,158.13,0.24,0.62
rome,sheffield,2029.36,13.35,151.99,0.24,0.41
rome,kayseri,3251.37,27.59,117.83,0.24,0.36
rome,bremen,1569.37,9.67,162.36,0.24,0.91
rome,dresden,1415.13,10.89,129.97,0.24,1.12
rome,genova,486.81,3.14,154.83,0.24,0.43
rome,københavn,2116.84,13.52,156.6,0.24,0.18
rome,manchester,2068.55,13.18,156.89,0.24,0.6
rome,poznan,1695.38,13.14,128.99,0.24,1.07
rome,hannover,1447.26,8.86,163.37,0.24,0.96
rome,antwerpen,1491.92,8.63,172.95,0.24,1.48
rome,bradford,2087.58,13.7,152.32,0.24,0.35
rome,nürnberg,1042.14,6.89,151.33,0.24,1.0
rome,edinburgh,2400.45,16.59,144.65,0.24,0.14
rome,duisburg,1424.55,8.86,160.77,0.24,0.87
athina,izmir,1826.73,15.24,119.83,168.11,41.44
athina,bucarest,1077.55,10.99,98.02,168.11,3.02
athina,lisboa,4272.92,35.38,120.78,168.11,9.22
athina,hamburg,2410.72,21.88,110.18,168.11,0.79
athina,warszawa,1970.86,18.61,105.89,168.11,0.81
athina,vienna,1487.38,13.7,108.6,168.11,1.09
athina,budapest,1323.85,11.81,112.13,168.11,1.1
athina,stockholm,3528.0,28.89,122.11,168.11,0.45
athina,munich,1826.72,18.16,100.6,168.11,0.52
athina,valencia,3281.36,26.7,122.9,168.11,0.86
athina,bursa,1545.35,12.57,122.94,168.11,66.98
athina,dublin,3379.39,29.32,115.25,168.11,107.42
athina,lyon,2364.4,21.8,108.44,168.11,0.5
athina,prague,1826.08,17.04,107.15,168.11,0.91
athina,brussels,2585.13,22.33,115.79,168.11,1.08
athina,rotterdam,2606.08,22.7,114.78,168.11,0.45
athina,sofia,576.78,4.89,117.89,168.11,1.4
athina,adana,2062.32,15.65,131.77,168.11,112.06
athina,birmingham,3140.02,26.84,116.99,168.11,0.19
athina,köln,2368.52,21.05,112.51,168.11,1.04
athina,amsterdam,2618.63,22.94,114.14,168.11,0.81
athina,porto,4135.09,33.68,122.78,168.11,0.45
athina,marseille,2443.06,22.73,107.47,168.11,0.64
athina,lille,2691.62,23.27,115.65,168.11,0.94
athina,gaziantep,2457.82,17.49,140.55,168.11,23.61
athina,sevilla,4008.85,28.51,140.62,168.11,0.73
athina,torino,2062.35,19.29,106.89,168.11,1.27
athina,konya,1691.34,12.06,140.21,168.11,0.73
athina,kraków,1700.45,17.28,98.41,168.11,0.8
athina,hague,3029.39,24.8,122.13,168.11,9.47
athina,bilbao,3478.64,29.37,118.42,168.11,0.31
athina,leeds,3250.29,27.73,117.21,168.11,0.18
athina,frankfurt am main,2189.08,20.25,108.1,168.11,1.47
athina,zagreb,1259.9,13.0,96.94,168.11,1.2
athina,bordeaux,2983.71,26.97,110.65,168.11,2.37
athina,toulouse,2840.49,24.44,116.23,168.11,1.06
athina,göteborg,3227.18,27.31,118.19,168.11,0.46
athina,zürich,2065.84,20.13,102.65,168.11,0.1
athina,oslo,3563.31,29.39,121.24,168.11,0.12
athina,antalya,1609.52,12.96,124.23,168.11,136.87
athina,zaragoza,3254.74,25.75,126.38,168.11,1.58
athina,helsinki,3161.81,29.32,107.82,168.11,74.83
athina,wroclaw,1795.13,17.21,104.32,168.11,0.1
athina,lodz,1894.76,18.94,100.06,168.11,0.2
athina,stuttgart,2064.96,19.61,105.29,168.11,0.3
athina,palermo,2638.64,21.89,120.54,168.11,269.19
athina,düsseldorf,2401.74,21.24,113.08,168.11,1.13
athina,glasgow,3598.35,32.33,111.31,168.11,0.45
athina,leipzig,2084.35,19.46,107.1,168.11,0.9
athina,riga,2716.0,25.27,107.5,168.11,0.37
athina,diyarbakir,2488.59,17.74,140.25,168.11,2.73
athina,dortmund,2424.29,22.45,108.01,168.11,0.4
athina,málaga,3942.12,28.36,139.0,168.11,92.61
athina,vilnius,2464.48,22.96,107.34,168.11,2.03
athina,essen,2436.03,21.61,112.72,168.11,0.62
athina,sheffield,3211.81,27.6,116.37,168.11,0.41
athina,kayseri,1939.66,14.63,132.6,168.11,0.36
athina,bremen,2447.17,22.41,109.18,168.11,0.91
athina,dresden,1967.19,18.6,105.74,168.11,1.12
athina,genova,2050.37,19.65,104.37,168.11,0.43
athina,københavn,2898.19,25.46,113.84,168.11,0.18
athina,manchester,3250.99,27.43,118.51,168.11,0.6
athina,poznan,1957.16,18.75,104.39,168.11,1.07
athina,hannover,2329.03,21.71,107.3,168.11,0.96
athina,antwerpen,2592.08,22.8,113.69,168.11,1.48
athina,bradford,3270.03,27.95,116.98,168.11,0.35
athina,nürnberg,1967.11,18.79,104.7,168.11,1.0
athina,edinburgh,3582.89,30.84,116.17,168.11,0.14
athina,duisburg,2424.48,21.39,113.34,168.11,0.87
izmir,bucarest,1597.97,15.54,102.84,41.44,3.02
izmir,lisboa,5245.39,44.18,118.73,41.44,9.22
izmir,hamburg,3383.2,30.68,110.28,41.44,0.79
izmir,warszawa,2868.2,27.24,105.28,41.44,0.81
izmir,vienna,2459.86,22.5,109.35,41.44,1.09
izmir,budapest,2296.32,20.61,111.44,41.44,1.1
izmir,stockholm,4500.48,37.69,119.41,41.44,0.45
izmir,munich,2799.2,26.96,103.84,41.44,0.52
izmir,valencia,4253.84,35.5,119.83,41.44,0.86
izmir,bursa,281.38,2.67,105.22,41.44,66.98
izmir,dublin,4351.87,38.12,114.16,41.44,107.42
izmir,lyon,3336.88,30.6,109.04,41.44,0.5
izmir,prague,2798.56,25.84,108.3,41.44,0.91
izmir,brussels,3557.6,31.13,114.3,41.44,1.08
izmir,rotterdam,3578.56,31.5,113.59,41.44,0.45
izmir,sofia,1429.86,12.41,115.23,41.44,1.4
izmir,adana,1217.95,9.64,126.38,41.44,112.06
izmir,birmingham,4112.5,35.64,115.39,41.44,0.19
izmir,köln,3340.99,29.85,111.92,41.44,1.04
izmir,amsterdam,3591.11,31.74,113.14,41.44,0.81
izmir,porto,5107.57,42.48,120.24,41.44,0.45
izmir,marseille,3415.53,31.53,108.32,41.44,0.64
izmir,lille,3664.1,32.07,114.24,41.44,0.94
izmir,gaziantep,1613.45,11.47,140.61,41.44,23.61
izmir,sevilla,4981.33,37.31,133.52,41.44,0.73
izmir,torino,3034.83,28.09,108.03,41.44,1.27
izmir,konya,846.96,6.05,140.0,41.44,0.73
izmir,kraków,2672.93,26.08,102.5,41.44,0.8
izmir,hague,4001.87,33.6,119.09,41.44,9.47
izmir,bilbao,4451.12,38.17,116.6,41.44,0.31
izmir,leeds,4222.77,36.53,115.6,41.44,0.18
izmir,frankfurt am main,3161.56,29.05,108.83,41.44,1.47
izmir,zagreb,2232.37,21.8,102.42,41.44,1.2
izmir,bordeaux,3956.19,35.77,110.61,41.44,2.37
izmir,toulouse,3812.97,33.24,114.71,41.44,1.06
izmir,göteborg,4199.66,36.1,116.32,41.44,0.46
izmir,zürich,3038.32,28.92,105.04,41.44,0.1
izmir,oslo,4535.78,38.19,118.77,41.44,0.12
izmir,antalya,632.33,5.81,108.76,41.44,136.87
izmir,zaragoza,4227.21,34.55,122.34,41.44,1.58
izmir,helsinki,3965.32,37.42,105.98,41.44,74.83
izmir,wroclaw,2767.61,26.01,106.42,41.44,0.1
izmir,lodz,2867.24,27.74,103.38,41.44,0.2
izmir,stuttgart,3037.44,28.41,106.91,41.44,0.3
izmir,palermo,3611.12,30.69,117.67,41.44,269.19
izmir,düsseldorf,3374.21,30.04,112.33,41.44,1.13
izmir,glasgow,4570.83,41.13,111.14,41.44,0.45
izmir,leipzig,3056.83,28.26,108.16,41.44,0.9
izmir,riga,3519.51,33.36,105.51,41.44,0.37
izmir,diyarbakir,1644.22,11.73,140.16,41.44,2.73
izmir,dortmund,3396.77,31.24,108.71,41.44,0.4
izmir,málaga,4914.6,37.16,132.26,41.44,92.61
izmir,vilnius,3260.63,30.4,107.25,41.44,2.03
izmir,essen,3408.5,30.41,112.08,41.44,0.62
izmir,sheffield,4184.28,36.4,114.96,41.44,0.41
izmir,kayseri,1095.29,8.62,127.14,41.44,0.36
izmir,bremen,3419.65,31.21,109.56,41.44,0.91
izmir,dresden,2939.67,27.4,107.27,41.44,1.12
izmir,genova,3022.85,28.44,106.27,41.44,0.43
izmir,københavn,3870.67,34.26,112.99,41.44,0.18
izmir,manchester,4223.47,36.23,116.57,41.44,0.6
izmir,poznan,2929.64,27.55,106.35,41.44,1.07
izmir,hannover,3301.51,30.51,108.23,41.44,0.96
izmir,antwerpen,3564.55,31.6,112.81,41.44,1.48
izmir,bradford,4242.5,36.75,115.44,41.44,0.35
izmir,nürnberg,2939.59,27.59,106.56,41.44,1.0
izmir,edinburgh,4555.37,39.64,114.91,41.44,0.14
izmir,duisburg,3396.96,30.19,112.52,41.44,0.87
bucarest,lisboa,4166.92,33.39,124.78,3.02,9.22
bucarest,hamburg,1985.32,18.21,109.0,3.02,0.79
bucarest,warszawa,1291.53,12.21,105.74,3.02,0.81
bucarest,vienna,1103.04,10.58,104.3,3.02,1.09
bucarest,budapest,995.96,9.94,100.16,3.02,1.1
bucarest,stockholm,3102.6,25.22,123.0,3.02,0.45
bucarest,munich,1515.51,13.33,113.7,3.02,0.52
bucarest,valencia,3183.63,26.11,121.92,3.02,0.86
bucarest,bursa,1316.94,12.9,102.1,3.02,66.98
bucarest,dublin,3020.79,24.49,123.36,3.02,107.42
bucarest,lyon,2266.68,21.22,106.83,3.02,0.5
bucarest,prague,1426.58,13.98,102.06,3.02,0.91
bucarest,brussels,2226.53,17.49,127.29,3.02,1.08
bucarest,rotterdam,2247.48,17.87,125.77,3.02,0.45
bucarest,sofia,501.18,6.11,82.02,3.02,1.4
bucarest,adana,1833.92,15.98,114.78,3.02,112.06
bucarest,birmingham,2781.42,22.0,126.4,3.02,0.19
bucarest,köln,2009.92,16.22,123.94,3.02,1.04
bucarest,amsterdam,2260.03,18.11,124.82,3.02,0.81
bucarest,porto,4029.1,31.7,127.12,3.02,0.45
bucarest,marseille,2345.33,22.15,105.9,3.02,0.64
bucarest,lille,2333.02,18.44,126.53,3.02,0.94
bucarest,gaziantep,2229.42,17.82,125.14,3.02,23.61
bucarest,sevilla,3911.12,27.92,140.08,3.02,0.73
bucarest,torino,1964.62,18.71,105.02,3.02,1.27
bucarest,konya,1462.93,12.39,118.06,3.02,0.73
bucarest,kraków,1149.39,10.89,105.55,3.02,0.8
bucarest,hague,2718.18,19.97,136.08,3.02,9.47
bucarest,bilbao,3372.65,27.39,123.13,3.02,0.31
bucarest,leeds,2891.69,22.9,126.3,3.02,0.18
bucarest,frankfurt am main,1830.49,15.42,118.74,3.02,1.47
bucarest,zagreb,1162.17,12.41,93.64,3.02,1.2
bucarest,bordeaux,2853.13,23.46,121.62,3.02,2.37
bucarest,toulouse,2742.77,23.85,114.99,3.02,1.06
bucarest,göteborg,2801.78,23.64,118.52,3.02,0.46
bucarest,zürich,1840.77,15.84,116.24,3.02,0.1
bucarest,oslo,3137.91,25.73,121.98,3.02,0.12
bucarest,antalya,1381.11,13.28,103.97,3.02,136.87
bucarest,zaragoza,3157.01,25.17,125.44,3.02,1.58
bucarest,helsinki,2388.66,22.39,106.7,3.02,74.83
bucarest,wroclaw,1366.14,13.92,98.15,3.02,0.1
bucarest,lodz,1290.54,13.5,95.62,3.02,0.2
bucarest,stuttgart,1753.75,14.78,118.64,3.02,0.3
bucarest,palermo,2540.92,21.3,119.27,3.02,269.19
bucarest,düsseldorf,2043.14,16.4,124.55,3.02,1.13
bucarest,glasgow,3239.75,27.49,117.84,3.02,0.45
bucarest,leipzig,1684.85,16.4,102.75,3.02,0.9
bucarest,riga,1942.84,18.33,106.01,3.02,0.37
bucarest,diyarbakir,2260.19,18.07,125.07,3.02,2.73
bucarest,dortmund,2065.69,17.61,117.3,3.02,0.4
bucarest,málaga,3844.39,27.77,138.42,3.02,92.61
bucarest,vilnius,1683.96,15.37,109.55,3.02,2.03
bucarest,essen,2077.43,16.78,123.82,3.02,0.62
bucarest,sheffield,2853.21,22.76,125.33,3.02,0.41
bucarest,kayseri,1711.26,14.96,114.42,3.02,0.36
bucarest,bremen,2035.73,19.63,103.68,3.02,0.91
bucarest,dresden,1567.69,15.54,100.88,3.02,1.12
bucarest,genova,1952.64,19.06,102.45,3.02,0.43
bucarest,københavn,2472.79,21.79,113.48,3.02,0.18
bucarest,manchester,2892.39,22.6,127.99,3.02,0.6
bucarest,poznan,1528.17,15.46,98.85,3.02,1.07
bucarest,hannover,1929.54,18.64,103.5,3.02,0.96
bucarest,antwerpen,2233.48,17.96,124.33,3.02,1.48
bucarest,bradford,2911.43,23.12,125.94,3.02,0.35
bucarest,nürnberg,1608.51,13.95,115.28,3.02,1.0
bucarest,edinburgh,3224.29,26.01,123.98,3.02,0.14
bucarest,duisburg,2065.88,16.56,124.78,3.02,0.87
lisboa,hamburg,2748.83,18.26,150.55,9.22,0.79
lisboa,warszawa,3476.31,22.5,154.49,9.22,0.81
lisboa,vienna,3070.71,22.95,133.81,9.22,1.09
lisboa,budapest,3338.08,25.24,132.25,9.22,1.1
lisboa,stockholm,3882.59,24.97,155.52,9.22,0.45
lisboa,munich,2651.42,20.07,132.1,9.22,0.52
lisboa,valencia,1128.33,8.12,138.99,9.22,0.86
lisboa,bursa,4964.38,41.54,119.5,9.22,66.98
lisboa,dublin,2742.7,19.82,138.39,9.22,107.42
lisboa,lyon,1933.29,15.08,128.23,9.22,0.5
lisboa,prague,2970.12,19.74,150.49,9.22,0.91
lisboa,brussels,2180.52,14.15,154.14,9.22,1.08
lisboa,rotterdam,2318.4,15.23,152.22,9.22,0.45
lisboa,sofia,3819.92,31.8,120.13,9.22,1.4
lisboa,adana,5481.35,44.62,122.84,9.22,112.06
lisboa,birmingham,2503.33,17.34,144.4,9.22,0.19
lisboa,köln,2351.02,15.46,152.11,9.22,1.04
lisboa,amsterdam,2388.27,15.61,152.95,9.22,0.81
lisboa,porto,400.38,2.75,145.65,9.22,0.45
lisboa,marseille,1847.86,13.5,136.87,9.22,0.64
lisboa,lille,2094.35,12.93,161.96,9.22,0.94
lisboa,gaziantep,5876.85,46.46,126.5,9.22,23.61
lisboa,sevilla,639.13,4.86,131.45,9.22,0.73
lisboa,torino,2216.1,16.18,136.94,9.22,1.27
lisboa,konya,5110.36,41.03,124.54,9.22,0.73
lisboa,kraków,3411.31,22.64,150.67,9.22,0.8
lisboa,hague,2027.15,13.6,149.11,9.22,9.47
lisboa,bilbao,1003.59,7.58,132.48,9.22,0.31
lisboa,leeds,2613.6,18.23,143.39,9.22,0.18
lisboa,frankfurt am main,2435.19,15.09,161.37,9.22,1.47
lisboa,zagreb,3013.03,22.39,134.6,9.22,1.2
lisboa,bordeaux,1313.81,9.93,132.34,9.22,2.37
lisboa,toulouse,1432.63,10.95,130.88,9.22,1.06
lisboa,göteborg,3581.77,23.38,153.2,9.22,0.46
lisboa,zürich,2343.09,17.43,134.43,9.22,0.1
lisboa,oslo,3917.89,25.47,153.84,9.22,0.12
lisboa,antalya,5028.54,41.93,119.93,9.22,136.87
lisboa,zaragoza,1119.24,7.7,145.45,9.22,1.58
lisboa,helsinki,4350.66,32.55,133.65,9.22,74.83
lisboa,wroclaw,3154.97,20.49,154.01,9.22,0.1
lisboa,lodz,3375.82,22.87,147.58,9.22,0.2
lisboa,stuttgart,2456.67,14.78,166.21,9.22,0.3
lisboa,palermo,3211.91,22.53,142.54,9.22,269.19
lisboa,düsseldorf,2369.42,15.77,150.2,9.22,1.13
lisboa,glasgow,2961.65,22.82,129.76,9.22,0.45
lisboa,leipzig,2803.8,17.66,158.78,9.22,0.9
lisboa,riga,3904.85,28.49,137.05,9.22,0.37
lisboa,diyarbakir,5907.62,46.72,126.46,9.22,2.73
lisboa,dortmund,2439.69,16.38,148.96,9.22,0.4
lisboa,málaga,753.95,5.59,134.95,9.22,92.61
lisboa,vilnius,3831.66,27.57,138.96,9.22,2.03
lisboa,essen,2405.56,16.06,149.77,9.22,0.62
lisboa,sheffield,2575.11,18.1,142.31,9.22,0.41
lisboa,kayseri,5358.69,43.6,122.91,9.22,0.36
lisboa,bremen,2648.7,17.63,150.23,9.22,0.91
lisboa,dresden,2919.99,18.49,157.93,9.22,1.12
lisboa,genova,2247.91,16.64,135.06,9.22,0.43
lisboa,københavn,3252.78,21.53,151.06,9.22,0.18
lisboa,manchester,2614.3,17.93,145.82,9.22,0.6
lisboa,poznan,3166.01,20.28,156.12,9.22,1.07
lisboa,hannover,2645.63,17.4,152.02,9.22,0.96
lisboa,antwerpen,2224.96,14.49,153.51,9.22,1.48
lisboa,bradford,2633.33,18.45,142.74,9.22,0.35
lisboa,nürnberg,2619.27,16.36,160.05,9.22,1.0
lisboa,edinburgh,2946.2,21.34,138.07,9.22,0.14
lisboa,duisburg,2387.11,15.93,149.89,9.22,0.87
hamburg,warszawa,863.24,5.49,157.16,0.79,0.81
hamburg,vienna,983.14,8.09,121.49,0.79,1.09
hamburg,budapest,1314.72,11.64,112.98,0.79,1.1
hamburg,stockholm,1133.76,6.71,169.04,0.79,0.45
hamburg,munich,750.26,5.53,135.68,0.79,0.52
hamburg,valencia,2148.22,14.37,149.5,0.79,0.86
hamburg,bursa,3102.16,28.04,110.64,0.79,66.98
hamburg,dublin,1374.62,10.98,125.15,0.79,107.42
hamburg,lyon,1162.05,8.88,130.91,0.79,0.5
hamburg,prague,649.92,5.58,116.41,0.79,0.91
hamburg,brussels,587.76,4.34,135.57,0.79,1.08
hamburg,rotterdam,498.74,3.54,140.92,0.79,0.45
hamburg,sofia,1957.71,18.29,107.01,0.79,1.4
hamburg,adana,3619.14,31.12,116.3,0.79,112.06
hamburg,birmingham,1135.24,8.5,133.54,0.79,0.19
hamburg,köln,420.8,3.26,129.14,0.79,1.04
hamburg,amsterdam,467.38,3.35,139.38,0.79,0.81
hamburg,porto,2611.1,16.57,157.62,0.79,0.45
hamburg,marseille,1478.78,10.56,140.09,0.79,0.64
hamburg,lille,688.5,4.93,139.79,0.79,0.94
hamburg,gaziantep,4014.64,32.96,121.82,0.79,23.61
hamburg,sevilla,2715.18,15.2,178.68,0.79,0.73
hamburg,torino,1239.45,8.25,150.32,0.79,1.27
hamburg,konya,3248.15,27.53,117.98,0.79,0.73
hamburg,kraków,875.53,6.45,135.84,0.79,0.8
hamburg,hague,1209.14,8.03,150.63,0.79,9.47
hamburg,bilbao,1954.65,12.26,159.43,0.79,0.31
hamburg,leeds,1245.52,9.39,132.61,0.79,0.18
hamburg,frankfurt am main,498.67,3.09,161.31,0.79,1.47
hamburg,zagreb,1287.46,10.92,117.85,0.79,1.2
hamburg,bordeaux,1435.11,8.34,172.15,0.79,2.37
hamburg,toulouse,1600.34,11.55,138.59,0.79,1.06
hamburg,göteborg,832.94,5.12,162.65,0.79,0.46
hamburg,zürich,908.33,5.93,153.16,0.79,0.1
hamburg,oslo,1169.07,7.21,162.2,0.79,0.12
hamburg,antalya,3166.33,28.42,111.39,0.79,136.87
hamburg,zaragoza,2003.85,12.57,159.37,0.79,1.58
hamburg,helsinki,1698.56,16.51,102.88,0.79,74.83
hamburg,wroclaw,619.19,4.29,144.34,0.79,0.1
hamburg,lodz,792.39,6.11,129.59,0.79,0.2
hamburg,stuttgart,670.78,4.59,146.04,0.79,0.3
hamburg,palermo,2085.92,12.76,163.46,0.79,269.19
hamburg,düsseldorf,386.67,2.5,154.43,0.79,1.13
hamburg,glasgow,1593.57,13.99,113.92,0.79,0.45
hamburg,leipzig,364.24,2.96,122.89,0.79,0.9
hamburg,riga,1252.75,12.45,100.62,0.79,0.37
hamburg,diyarbakir,4045.41,33.21,121.8,0.79,2.73
hamburg,dortmund,326.9,2.54,128.75,0.79,0.4
hamburg,málaga,2648.45,15.05,175.99,0.79,92.61
hamburg,vilnius,1179.56,11.53,102.29,0.79,2.03
hamburg,essen,354.22,2.22,159.37,0.79,0.62
hamburg,sheffield,1207.03,9.26,130.34,0.79,0.41
hamburg,kayseri,3496.48,30.1,116.17,0.79,0.36
hamburg,bremen,115.98,0.72,161.51,0.79,0.91
hamburg,dresden,458.7,3.99,114.98,0.79,1.12
hamburg,genova,1278.48,8.65,147.83,0.79,0.43
hamburg,københavn,503.96,3.27,153.94,0.79,0.18
hamburg,manchester,1246.22,9.09,137.04,0.79,0.6
hamburg,poznan,552.94,3.27,169.07,0.79,1.07
hamburg,hannover,165.63,1.38,119.81,0.79,0.96
hamburg,antwerpen,552.26,3.76,146.85,0.79,1.48
hamburg,bradford,1265.25,9.61,131.61,0.79,0.35
hamburg,nürnberg,577.42,4.66,123.91,0.79,1.0
hamburg,edinburgh,1578.12,12.5,126.22,0.79,0.14
hamburg,duisburg,362.37,2.33,155.46,0.79,0.87
warszawa,vienna,656.66,5.13,128.11,0.81,1.09
warszawa,budapest,973.98,8.8,110.69,0.81,1.1
warszawa,stockholm,1934.0,12.91,149.78,0.81,0.45
warszawa,munich,1075.93,8.01,134.4,0.81,0.52
warszawa,valencia,2694.45,17.43,154.59,0.81,0.86
warszawa,bursa,2587.16,24.6,105.15,0.81,66.98
warszawa,dublin,2109.67,16.32,129.23,0.81,107.42
warszawa,lyon,1708.28,11.94,143.11,0.81,0.5
warszawa,prague,665.81,6.17,107.91,0.81,0.91
warszawa,brussels,1316.46,9.4,140.06,0.81,1.08
warszawa,rotterdam,1240.56,8.68,142.93,0.81,0.45
warszawa,sofia,1517.85,15.03,101.01,0.81,1.4
warszawa,adana,3104.14,27.68,112.13,0.81,112.06
warszawa,birmingham,1870.3,13.84,135.12,0.81,0.19
warszawa,köln,1131.75,7.66,147.69,0.81,1.04
warszawa,amsterdam,1209.2,8.49,142.37,0.81,0.81
warszawa,porto,3338.49,20.8,160.48,0.81,0.45
warszawa,marseille,2023.73,15.86,127.59,0.81,0.64
warszawa,lille,1423.55,10.27,138.66,0.81,0.94
warszawa,gaziantep,3499.64,29.52,118.55,0.81,23.61
warszawa,sevilla,3421.94,19.24,177.87,0.81,0.73
warszawa,torino,1643.02,12.42,132.27,0.81,1.27
warszawa,konya,2733.15,24.1,113.42,0.81,0.73
warszawa,kraków,298.21,2.18,137.05,0.81,0.8
warszawa,hague,1937.85,13.09,148.03,0.81,9.47
warszawa,bilbao,2682.03,16.5,162.56,0.81,0.31
warszawa,leeds,1980.57,14.73,134.43,0.81,0.18
warszawa,frankfurt am main,1042.84,7.46,139.74,0.81,1.47
warszawa,zagreb,1021.38,9.17,111.43,0.81,1.2
warszawa,bordeaux,2162.5,12.57,171.98,0.81,2.37
warszawa,toulouse,2245.72,16.87,133.13,0.81,1.06
warszawa,göteborg,1633.18,11.33,144.2,0.81,0.46
warszawa,zürich,1388.11,13.12,105.81,0.81,0.1
warszawa,oslo,1969.3,13.41,146.82,0.81,0.12
warszawa,antalya,2651.33,24.99,106.1,0.81,136.87
warszawa,zaragoza,2667.83,16.48,161.84,0.81,1.58
warszawa,helsinki,1233.3,11.23,109.78,0.81,74.83
warszawa,wroclaw,376.14,3.24,115.92,0.81,0.1
warszawa,lodz,135.47,1.04,130.1,0.81,0.2
warszawa,stuttgart,1166.42,8.14,143.33,0.81,0.3
warszawa,palermo,2220.89,15.12,146.86,0.81,269.19
warszawa,düsseldorf,1108.57,7.66,144.8,0.81,1.13
warszawa,glasgow,2328.63,19.33,120.47,0.81,0.45
warszawa,leipzig,677.65,5.39,125.66,0.81,0.9
warszawa,riga,787.49,7.17,109.76,0.81,0.37
warszawa,diyarbakir,3530.41,29.78,118.56,0.81,2.73
warszawa,dortmund,1037.84,6.94,149.47,0.81,0.4
warszawa,málaga,3355.21,19.09,175.75,0.81,92.61
warszawa,vilnius,535.97,4.87,110.09,0.81,2.03
warszawa,essen,1072.85,7.28,147.3,0.81,0.62
warszawa,sheffield,1942.08,14.6,133.0,0.81,0.41
warszawa,kayseri,2981.48,26.66,111.83,0.81,0.36
warszawa,bremen,913.65,6.91,132.16,0.81,0.91
warszawa,dresden,635.88,5.41,117.52,0.81,1.12
warszawa,genova,1631.04,12.77,127.69,0.81,0.43
warszawa,københavn,1304.19,9.48,137.59,0.81,0.18
warszawa,manchester,1981.27,14.44,137.25,0.81,0.6
warszawa,poznan,312.37,2.17,144.17,0.81,1.07
warszawa,hannover,834.8,5.66,147.37,0.81,0.96
warszawa,antwerpen,1291.4,9.16,141.04,0.81,1.48
warszawa,bradford,2000.3,14.96,133.75,0.81,0.35
warszawa,nürnberg,979.44,6.68,146.63,0.81,1.0
warszawa,edinburgh,2313.17,17.84,129.63,0.81,0.14
warszawa,duisburg,1091.03,7.4,147.49,0.81,0.87
vienna,budapest,361.21,3.68,98.09,1.09,1.1
vienna,stockholm,2100.42,15.1,139.07,1.09,0.45
vienna,munich,419.29,2.88,145.58,1.09,0.52
vienna,valencia,2157.2,14.31,150.73,1.09,0.86
vienna,bursa,2178.82,19.86,109.74,1.09,66.98
vienna,dublin,1924.58,14.04,137.09,1.09,107.42
vienna,lyon,1171.04,8.82,132.78,1.09,0.5
vienna,prague,350.64,2.9,121.09,1.09,0.91
vienna,brussels,1130.31,7.04,160.48,1.09,1.08
vienna,rotterdam,1151.27,7.42,155.13,1.09,0.45
vienna,sofia,1034.37,10.11,102.3,1.09,1.4
vienna,adana,2695.8,22.94,117.54,1.09,112.06
vienna,birmingham,1685.21,11.56,145.82,1.09,0.19
vienna,köln,913.7,5.77,158.38,1.09,1.04
vienna,amsterdam,1163.81,7.66,151.96,1.09,0.81
vienna,porto,2932.89,21.25,138.04,1.09,0.45
vienna,marseille,1367.09,10.74,127.35,1.09,0.64
vienna,lille,1236.8,7.99,154.78,1.09,0.94
vienna,gaziantep,3091.3,24.77,124.79,1.09,23.61
vienna,sevilla,2884.7,16.12,178.95,1.09,0.73
vienna,torino,986.38,7.3,135.18,1.09,1.27
vienna,konya,2324.81,19.35,120.16,1.09,0.73
vienna,kraków,422.16,4.05,104.31,1.09,0.8
vienna,hague,1621.96,9.53,170.26,1.09,9.47
vienna,bilbao,2276.43,16.94,134.37,1.09,0.31
vienna,leeds,1795.48,12.45,144.24,1.09,0.18
vienna,frankfurt am main,734.27,4.97,147.81,1.09,1.47
vienna,zagreb,367.92,3.42,107.48,1.09,1.2
vienna,bordeaux,1756.92,13.01,135.03,1.09,2.37
vienna,toulouse,1716.34,12.05,142.41,1.09,1.06
vienna,göteborg,1799.61,13.52,133.13,1.09,0.46
vienna,zürich,744.56,5.39,138.18,1.09,0.1
vienna,oslo,2135.73,15.6,136.87,1.09,0.12
vienna,antalya,2242.99,20.24,110.81,1.09,136.87
vienna,zaragoza,2130.58,13.37,159.39,1.09,1.58
vienna,helsinki,1829.99,17.41,105.11,1.09,74.83
vienna,wroclaw,439.49,4.58,96.03,1.09,0.1
vienna,lodz,561.81,5.35,104.92,1.09,0.2
vienna,stuttgart,657.53,4.33,151.71,1.09,0.3
vienna,palermo,1564.25,10.0,156.48,1.09,269.19
vienna,düsseldorf,946.92,5.96,158.98,1.09,1.13
vienna,glasgow,2143.53,17.04,125.76,1.09,0.45
vienna,leipzig,651.95,6.17,105.68,1.09,0.9
vienna,riga,1384.17,13.35,103.68,1.09,0.37
vienna,diyarbakir,3122.07,25.03,124.74,1.09,2.73
vienna,dortmund,969.47,7.16,135.36,1.09,0.4
vienna,málaga,2817.96,15.97,176.42,1.09,92.61
vienna,vilnius,1150.29,9.46,121.55,1.09,2.03
vienna,essen,981.21,6.33,155.04,1.09,0.62
vienna,sheffield,1756.99,12.32,142.66,1.09,0.41
vienna,kayseri,2573.14,21.91,117.42,1.09,0.36
vienna,bremen,1019.6,8.63,118.19,1.09,0.91
vienna,dresden,539.61,4.82,112.04,1.09,1.12
vienna,genova,974.41,7.65,127.41,1.09,0.43
vienna,københavn,1470.62,11.67,126.02,1.09,0.18
vienna,manchester,1796.18,12.15,147.84,1.09,0.6
vienna,poznan,604.19,5.66,106.73,1.09,1.07
vienna,hannover,901.04,8.09,111.35,1.09,0.96
vienna,antwerpen,1137.26,7.52,151.31,1.09,1.48
vienna,bradford,1815.21,12.67,143.27,1.09,0.35
vienna,nürnberg,512.3,3.5,146.19,1.09,1.0
vienna,edinburgh,2128.08,15.56,136.78,1.09,0.14
vienna,duisburg,969.67,6.11,158.75,1.09,0.87
budapest,stockholm,2432.0,18.65,130.42,1.1,0.45
budapest,munich,773.68,6.43,120.23,1.1,0.52
budapest,valencia,2346.5,16.56,141.72,1.1,0.86
budapest,bursa,2015.29,17.97,112.17,1.1,66.98
budapest,dublin,2278.97,17.59,129.53,1.1,107.42
budapest,lyon,1429.55,11.66,122.58,1.1,0.5
budapest,prague,709.51,6.38,111.22,1.1,0.91
budapest,brussels,1484.7,10.6,140.09,1.1,1.08
budapest,rotterdam,1505.66,10.98,137.18,1.1,0.45
budapest,sofia,870.84,8.22,105.92,1.1,1.4
budapest,adana,2532.26,21.05,120.32,1.1,112.06
budapest,birmingham,2039.6,15.11,134.97,1.1,0.19
budapest,köln,1268.09,9.32,136.01,1.1,1.04
budapest,amsterdam,1518.2,11.21,135.39,1.1,0.81
budapest,porto,3200.24,23.54,135.96,1.1,0.45
budapest,marseille,1508.2,12.59,119.78,1.1,0.64
budapest,lille,1591.19,11.55,137.82,1.1,0.94
budapest,gaziantep,2927.76,22.88,127.95,1.1,23.61
budapest,sevilla,3074.0,18.37,167.37,1.1,0.73
budapest,torino,1127.49,9.15,123.19,1.1,1.27
budapest,konya,2161.28,17.46,123.8,1.1,0.73
budapest,kraków,711.7,7.22,98.56,1.1,0.8
budapest,hague,1976.35,13.08,151.08,1.1,9.47
budapest,bilbao,2543.78,19.23,132.26,1.1,0.31
budapest,leeds,2149.87,16.0,134.34,1.1,0.18
budapest,frankfurt am main,1088.66,8.52,127.74,1.1,1.47
budapest,zagreb,349.44,3.19,109.53,1.1,1.2
budapest,bordeaux,2048.86,16.83,121.77,1.1,2.37
budapest,toulouse,1905.64,14.3,133.28,1.1,1.06
budapest,göteborg,2131.18,17.06,124.9,1.1,0.46
budapest,zürich,1097.31,9.13,120.14,1.1,0.1
budapest,oslo,2467.31,19.15,128.85,1.1,0.12
budapest,antalya,2079.46,18.35,113.31,1.1,136.87
budapest,zaragoza,2319.88,15.61,148.59,1.1,1.58
budapest,helsinki,2147.3,21.08,101.85,1.1,74.83
budapest,wroclaw,756.81,8.25,91.74,1.1,0.1
budapest,lodz,879.12,9.03,97.38,1.1,0.2
budapest,stuttgart,1011.92,7.89,128.27,1.1,0.3
budapest,palermo,1703.79,11.75,145.03,1.1,269.19
budapest,düsseldorf,1301.31,9.51,136.82,1.1,1.13
budapest,glasgow,2497.92,20.6,121.26,1.1,0.45
budapest,leipzig,988.35,9.22,107.21,1.1,0.9
budapest,riga,1701.49,17.02,99.95,1.1,0.37
budapest,diyarbakir,2958.53,23.14,127.86,1.1,2.73
budapest,dortmund,1323.86,10.72,123.53,1.1,0.4
budapest,málaga,3007.26,18.22,165.06,1.1,92.61
budapest,vilnius,1467.6,13.14,111.72,1.1,2.03
budapest,essen,1335.6,9.88,135.13,1.1,0.62
budapest,sheffield,2111.38,15.87,133.03,1.1,0.41
budapest,kayseri,2409.6,20.02,120.34,1.1,0.36
budapest,bremen,1351.17,12.17,111.01,1.1,0.91
budapest,dresden,871.19,8.36,104.19,1.1,1.12
budapest,genova,1115.52,9.5,117.38,1.1,0.43
budapest,københavn,1802.2,15.21,118.45,1.1,0.18
budapest,manchester,2150.57,15.7,136.94,1.1,0.6
budapest,poznan,921.51,9.33,98.73,1.1,1.07
budapest,hannover,1233.04,11.46,107.56,1.1,0.96
budapest,antwerpen,1491.65,11.07,134.74,1.1,1.48
budapest,bradford,2169.6,16.22,133.73,1.1,0.35
budapest,nürnberg,866.69,7.06,122.78,1.1,1.0
budapest,edinburgh,2482.47,19.11,129.88,1.1,0.14
budapest,duisburg,1324.06,9.66,137.02,1.1,0.87
stockholm,munich,1884.02,12.26,153.63,0.45,0.52
stockholm,valencia,3281.97,21.1,155.52,0.45,0.86
stockholm,bursa,4219.44,35.08,120.29,0.45,66.98
stockholm,dublin,2508.37,17.72,141.58,0.45,107.42
stockholm,lyon,2295.8,15.61,147.07,0.45,0.5
stockholm,prague,1778.14,11.81,150.51,0.45,0.91
stockholm,brussels,1721.51,11.07,155.53,0.45,1.08
stockholm,rotterdam,1632.5,10.27,158.91,0.45,0.45
stockholm,sofia,3074.99,25.33,121.39,0.45,1.4
stockholm,adana,4736.42,38.16,124.13,0.45,112.06
stockholm,birmingham,2269.0,15.23,148.94,0.45,0.19
stockholm,köln,1554.56,9.99,155.58,0.45,1.04
stockholm,amsterdam,1601.14,10.09,158.73,0.45,0.81
stockholm,porto,3744.86,23.3,160.73,0.45,0.45
stockholm,marseille,2612.53,17.29,151.11,0.45,0.64
stockholm,lille,1822.25,11.66,156.3,0.45,0.94
stockholm,gaziantep,5131.92,39.99,128.32,0.45,23.61
stockholm,sevilla,3848.94,21.93,175.51,0.45,0.73
stockholm,torino,2373.21,14.98,158.43,0.45,1.27
stockholm,konya,4365.43,34.57,126.28,0.45,0.73
stockholm,kraków,1992.81,13.48,147.81,0.45,0.8
stockholm,hague,2342.9,14.76,158.72,0.45,9.47
stockholm,bilbao,3088.4,18.99,162.6,0.45,0.31
stockholm,leeds,2379.27,16.13,147.54,0.45,0.18
stockholm,frankfurt am main,1632.42,9.83,166.15,0.45,1.47
stockholm,zagreb,2421.21,17.66,137.12,0.45,1.2
stockholm,bordeaux,2568.87,15.07,170.46,0.45,2.37
stockholm,toulouse,2734.1,18.28,149.56,0.45,1.06
stockholm,göteborg,452.62,2.44,185.83,0.45,0.46
stockholm,zürich,2042.09,12.66,161.25,0.45,0.1
stockholm,oslo,691.65,4.07,169.86,0.45,0.12
stockholm,antalya,4283.61,35.46,120.8,0.45,136.87
stockholm,zaragoza,3137.61,19.31,162.51,0.45,1.58
stockholm,helsinki,2759.9,22.77,121.23,0.45,74.83
stockholm,wroclaw,1736.47,11.33,153.31,0.45,0.1
stockholm,lodz,1871.5,12.55,149.09,0.45,0.2
stockholm,stuttgart,1804.53,11.33,159.32,0.45,0.3
stockholm,palermo,3219.67,19.5,165.15,0.45,269.19
stockholm,düsseldorf,1520.43,9.24,164.59,0.45,1.13
stockholm,glasgow,2727.33,20.72,131.61,0.45,0.45
stockholm,leipzig,1498.0,9.7,154.47,0.45,0.9
stockholm,riga,2314.08,18.71,123.7,0.45,0.37
stockholm,diyarbakir,5162.69,40.25,128.27,0.45,2.73
stockholm,dortmund,1460.65,9.27,157.52,0.45,0.4
stockholm,málaga,3782.21,21.78,173.64,0.45,92.61
stockholm,vilnius,2240.9,17.79,125.98,0.45,2.03
stockholm,essen,1487.98,8.96,166.14,0.45,0.62
stockholm,sheffield,2340.78,15.99,146.35,0.45,0.41
stockholm,kayseri,4613.76,37.13,124.25,0.45,0.36
stockholm,bremen,1249.73,7.45,167.71,0.45,0.91
stockholm,dresden,1586.92,10.22,155.27,0.45,1.12
stockholm,genova,2412.24,15.38,156.82,0.45,0.43
stockholm,københavn,636.97,3.55,179.66,0.45,0.18
stockholm,manchester,2379.97,15.83,150.37,0.45,0.6
stockholm,poznan,1622.3,10.78,150.52,0.45,1.07
stockholm,hannover,1299.38,8.12,160.1,0.45,0.96
stockholm,antwerpen,1686.01,10.49,160.66,0.45,1.48
stockholm,bradford,2399.0,16.35,146.75,0.45,0.35
stockholm,nürnberg,1711.18,11.39,150.19,0.45,1.0
stockholm,edinburgh,2711.87,19.24,140.97,0.45,0.14
stockholm,duisburg,1496.12,9.06,165.05,0.45,0.87
munich,valencia,1737.92,11.43,151.98,0.52,0.86
munich,bursa,2518.16,24.32,103.56,0.52,66.98
munich,dublin,1556.92,12.78,121.79,0.52,107.42
munich,lyon,751.75,5.94,126.51,0.52,0.5
munich,prague,418.39,4.68,89.46,0.52,0.91
munich,brussels,789.69,5.48,144.04,0.52,1.08
munich,rotterdam,811.81,4.79,169.63,0.52,0.45
munich,sofia,1373.71,14.57,94.27,0.52,1.4
munich,adana,3035.14,27.4,110.78,0.52,112.06
munich,birmingham,1317.55,10.3,127.9,0.52,0.19
munich,köln,574.24,3.13,183.27,0.52,1.04
munich,amsterdam,824.36,5.02,164.12,0.52,0.81
munich,porto,2513.6,18.37,136.83,0.52,0.45
munich,marseille,1052.33,9.11,115.46,0.52,0.64
munich,lille,869.14,6.74,129.0,0.52,0.94
munich,gaziantep,3430.64,29.23,117.35,0.52,23.61
munich,sevilla,2465.41,13.24,186.16,0.52,0.73
munich,torino,661.74,5.29,125.11,0.52,1.27
munich,konya,2664.15,23.81,111.89,0.52,0.73
munich,kraków,841.42,6.93,121.47,0.52,0.8
munich,hague,1202.68,6.65,180.87,0.52,9.47
munich,bilbao,1857.15,14.06,132.04,0.52,0.31
munich,leeds,1427.82,11.19,127.57,0.52,0.18
munich,frankfurt am main,394.81,2.33,169.31,0.52,1.47
munich,zagreb,566.82,5.16,109.84,0.52,1.2
munich,bordeaux,1337.63,10.13,132.0,0.52,2.37
munich,toulouse,1297.05,9.17,141.37,0.52,1.06
munich,göteborg,1583.2,10.65,148.63,0.52,0.46
munich,zürich,325.27,2.51,129.54,0.52,0.1
munich,oslo,1919.32,12.74,150.67,0.52,0.12
munich,antalya,2582.33,24.7,104.54,0.52,136.87
munich,zaragoza,1711.3,10.49,163.14,0.52,1.58
munich,helsinki,2065.55,16.73,123.5,0.52,74.83
munich,wroclaw,721.31,8.54,84.51,0.52,0.1
munich,lodz,970.65,10.76,90.24,0.52,0.2
munich,stuttgart,238.25,1.46,163.51,0.52,0.3
munich,palermo,1363.32,8.46,161.1,0.52,269.19
munich,düsseldorf,607.46,3.32,182.94,0.52,1.13
munich,glasgow,1775.88,15.79,112.48,0.52,0.45
munich,leipzig,472.85,4.24,111.55,0.52,0.9
munich,riga,1619.73,12.67,127.88,0.52,0.37
munich,diyarbakir,3461.41,29.49,117.37,0.52,2.73
munich,dortmund,630.02,4.53,139.18,0.52,0.4
munich,málaga,2398.68,13.1,183.16,0.52,92.61
munich,vilnius,1546.55,11.75,131.66,0.52,2.03
munich,essen,641.75,3.69,173.77,0.52,0.62
munich,sheffield,1389.33,11.06,125.61,0.52,0.41
munich,kayseri,2912.48,26.37,110.43,0.52,0.36
munich,bremen,717.5,4.17,172.13,0.52,0.91
munich,dresden,541.1,5.51,98.2,0.52,1.12
munich,genova,693.65,5.41,128.3,0.52,0.43
munich,københavn,1254.21,8.8,142.45,0.52,0.18
munich,manchester,1428.52,10.89,131.13,0.52,0.6
munich,poznan,836.79,7.36,113.65,0.52,1.07
munich,hannover,595.39,3.36,177.13,0.52,0.96
munich,antwerpen,796.64,5.95,133.78,0.52,1.48
munich,bradford,1447.55,11.41,126.82,0.52,0.35
munich,nürnberg,172.84,0.87,198.98,0.52,1.0
munich,edinburgh,1760.42,14.3,123.08,0.52,0.14
munich,duisburg,630.21,3.47,181.49,0.52,0.87
valencia,bursa,3972.82,32.86,120.89,0.86,66.98
valencia,dublin,2295.39,15.09,152.13,0.86,107.42
valencia,lyon,987.55,5.51,179.35,0.86,0.5
valencia,prague,2122.1,14.59,145.48,0.86,0.91
valencia,brussels,1725.37,10.9,158.28,0.86,1.08
valencia,rotterdam,1857.38,11.91,155.94,0.86,0.45
valencia,sofia,2828.37,23.12,122.35,0.86,1.4
valencia,adana,4489.79,35.94,124.92,0.86,112.06
valencia,birmingham,2056.02,12.61,163.11,0.86,0.19
valencia,köln,1735.79,11.23,154.61,0.86,1.04
valencia,amsterdam,1906.83,12.91,147.76,0.86,0.81
valencia,porto,1061.35,5.44,195.0,0.86,0.45
valencia,marseille,856.3,4.82,177.61,0.86,0.64
valencia,lille,1634.46,7.9,206.99,0.86,0.94
valencia,gaziantep,4885.29,37.78,129.31,0.86,23.61
valencia,sevilla,758.98,4.75,159.71,0.86,0.73
valencia,torino,1224.54,7.5,163.2,0.86,1.27
valencia,konya,4118.8,32.35,127.3,0.86,0.73
valencia,kraków,2587.01,18.45,140.25,0.86,0.8
valencia,hague,1634.96,10.12,161.6,0.86,9.47
valencia,bilbao,693.31,4.77,145.49,0.86,0.31
valencia,leeds,2166.29,13.5,160.5,0.86,0.18
valencia,frankfurt am main,1653.33,10.01,165.13,0.86,1.47
valencia,zagreb,2021.48,13.71,147.49,0.86,1.2
valencia,bordeaux,921.61,6.45,142.88,0.86,2.37
valencia,toulouse,735.68,4.16,176.76,0.86,1.06
valencia,göteborg,2981.15,19.48,153.03,0.86,0.46
valencia,zürich,1422.12,9.02,157.7,0.86,0.1
valencia,oslo,3317.28,21.57,153.81,0.86,0.12
valencia,antalya,4036.99,33.25,121.42,0.86,136.87
valencia,zaragoza,361.88,2.32,156.14,0.86,1.58
valencia,helsinki,3607.73,26.6,135.63,0.86,74.83
valencia,wroclaw,2373.11,15.41,154.02,0.86,0.1
valencia,lodz,2593.97,17.8,145.76,0.86,0.2
valencia,stuttgart,1603.57,10.12,158.39,0.86,0.3
valencia,palermo,2220.35,13.85,160.28,0.86,269.19
valencia,düsseldorf,1771.83,11.54,153.48,0.86,1.13
valencia,glasgow,2514.35,18.09,138.97,0.86,0.45
valencia,leipzig,2021.95,12.58,160.72,0.86,0.9
valencia,riga,3161.92,22.54,140.27,0.86,0.37
valencia,diyarbakir,4916.06,38.04,129.25,0.86,2.73
valencia,dortmund,1830.38,12.09,151.4,0.86,0.4
valencia,málaga,689.98,4.58,150.52,0.86,92.61
valencia,vilnius,3088.73,21.62,142.85,0.86,2.03
valencia,essen,1806.12,11.92,151.56,0.86,0.62
valencia,sheffield,2127.8,13.37,159.21,0.86,0.41
valencia,kayseri,4367.13,34.92,125.06,0.86,0.36
valencia,bremen,2056.81,13.4,153.5,0.86,0.91
valencia,dresden,2138.14,13.41,159.43,0.86,1.12
valencia,genova,1256.35,7.96,157.76,0.86,0.43
valencia,københavn,2652.16,17.63,150.4,0.86,0.18
valencia,manchester,2166.99,13.2,164.19,0.86,0.6
valencia,poznan,2384.15,15.2,156.83,0.86,1.07
valencia,hannover,1984.66,11.67,170.08,0.86,0.96
valencia,antwerpen,1763.94,11.17,157.86,0.86,1.48
valencia,bradford,2186.02,13.72,159.35,0.86,0.35
valencia,nürnberg,1771.26,11.22,157.93,0.86,1.0
valencia,edinburgh,2498.89,16.61,150.47,0.86,0.14
valencia,duisburg,1794.58,11.7,153.44,0.86,0.87
bursa,dublin,4070.49,35.45,114.83,66.98,107.42
bursa,lyon,3055.5,27.93,109.4,66.98,0.5
bursa,prague,2517.17,23.17,108.65,66.98,0.91
bursa,brussels,3276.22,28.45,115.15,66.98,1.08
bursa,rotterdam,3297.18,28.83,114.37,66.98,0.45
bursa,sofia,1148.48,9.73,117.98,66.98,1.4
bursa,adana,936.57,6.96,134.5,66.98,112.06
bursa,birmingham,3831.11,32.96,116.22,66.98,0.19
bursa,köln,3059.61,27.18,112.58,66.98,1.04
bursa,amsterdam,3309.72,29.07,113.87,66.98,0.81
bursa,porto,4826.19,39.81,121.24,66.98,0.45
bursa,marseille,3134.15,28.86,108.61,66.98,0.64
bursa,lille,3382.71,29.4,115.06,66.98,0.94
bursa,gaziantep,1332.07,8.8,151.37,66.98,23.61
bursa,sevilla,4699.94,34.63,135.71,66.98,0.73
bursa,torino,2753.44,25.42,108.32,66.98,1.27
bursa,konya,565.58,3.38,167.55,66.98,0.73
bursa,kraków,2391.54,23.4,102.18,66.98,0.8
bursa,hague,3720.48,30.93,120.29,66.98,9.47
bursa,bilbao,4169.73,35.5,117.46,66.98,0.31
bursa,leeds,3941.39,33.86,116.42,66.98,0.18
bursa,frankfurt am main,2880.18,26.38,109.2,66.98,1.47
bursa,zagreb,1950.99,19.12,102.03,66.98,1.2
bursa,bordeaux,3674.81,33.09,111.05,66.98,2.37
bursa,toulouse,3531.59,30.56,115.55,66.98,1.06
bursa,göteborg,3918.27,33.43,117.21,66.98,0.46
bursa,zürich,2756.93,26.25,105.02,66.98,0.1
bursa,oslo,4254.4,35.52,119.79,66.98,0.12
bursa,antalya,350.95,3.14,111.77,66.98,136.87
bursa,zaragoza,3945.83,31.88,123.77,66.98,1.58
bursa,helsinki,3683.94,34.74,106.04,66.98,74.83
bursa,wroclaw,2486.22,23.33,106.56,66.98,0.1
bursa,lodz,2585.86,25.06,103.18,66.98,0.2
bursa,stuttgart,2756.06,25.74,107.09,66.98,0.3
bursa,palermo,3329.74,28.01,118.86,66.98,269.19
bursa,düsseldorf,3092.83,27.36,113.02,66.98,1.13
bursa,glasgow,4289.44,38.45,111.55,66.98,0.45
bursa,leipzig,2775.44,25.59,108.47,66.98,0.9
bursa,riga,3238.13,30.68,105.54,66.98,0.37
bursa,diyarbakir,1362.84,9.06,150.48,66.98,2.73
bursa,dortmund,3115.38,28.57,109.04,66.98,0.4
bursa,málaga,4633.21,34.49,134.35,66.98,92.61
bursa,vilnius,2979.24,27.73,107.45,66.98,2.03
bursa,essen,3127.12,27.74,112.74,66.98,0.62
bursa,sheffield,3902.9,33.72,115.73,66.98,0.41
bursa,kayseri,813.91,5.94,137.0,66.98,0.36
bursa,bremen,3138.26,28.54,109.96,66.98,0.91
bursa,dresden,2658.28,24.73,107.5,66.98,1.12
bursa,genova,2741.46,25.77,106.38,66.98,0.43
bursa,københavn,3589.29,31.58,113.65,66.98,0.18
bursa,manchester,3942.09,33.56,117.47,66.98,0.6
bursa,poznan,2648.26,24.87,106.47,66.98,1.07
bursa,hannover,3020.13,27.83,108.51,66.98,0.96
bursa,antwerpen,3283.17,28.92,113.51,66.98,1.48
bursa,bradford,3961.12,34.08,116.24,66.98,0.35
bursa,nürnberg,2658.2,24.91,106.7,66.98,1.0
bursa,edinburgh,4273.99,36.97,115.62,66.98,0.14
bursa,duisburg,3115.57,27.52,113.23,66.98,0.87
dublin,lyon,1309.23,9.56,136.94,107.42,0.5
dublin,prague,1763.13,13.88,126.98,107.42,0.91
dublin,brussels,796.54,6.77,117.68,107.42,1.08
dublin,rotterdam,915.8,7.96,115.12,107.42,0.45
dublin,sofia,2926.38,25.72,113.79,107.42,1.4
dublin,adana,4587.81,38.54,119.04,107.42,112.06
dublin,birmingham,255.09,3.32,76.91,107.42,0.19
dublin,köln,1013.39,8.35,121.32,107.42,1.04
dublin,amsterdam,985.67,8.34,118.19,107.42,0.81
dublin,porto,2604.97,18.09,144.01,107.42,0.45
dublin,marseille,1625.96,11.24,144.66,107.42,0.64
dublin,lille,689.94,6.09,113.31,107.42,0.94
dublin,gaziantep,4983.31,40.38,123.42,107.42,23.61
dublin,sevilla,2709.05,16.72,162.04,107.42,0.73
dublin,torino,1600.42,12.02,133.16,107.42,1.27
dublin,konya,4216.82,34.95,120.64,107.42,0.73
dublin,kraków,2086.1,18.79,111.04,107.42,0.8
dublin,hague,1145.38,9.45,121.15,107.42,9.47
dublin,bilbao,1948.51,13.78,141.37,107.42,0.31
dublin,leeds,268.22,3.72,72.06,107.42,0.18
dublin,frankfurt am main,1192.57,9.1,131.07,107.42,1.47
dublin,zagreb,2122.31,16.78,126.49,107.42,1.2
dublin,bordeaux,1428.98,9.86,144.94,107.42,2.37
dublin,toulouse,1594.2,13.07,121.98,107.42,1.06
dublin,göteborg,2207.55,16.09,137.16,107.42,0.46
dublin,zürich,1405.56,11.24,125.01,107.42,0.1
dublin,oslo,2543.67,18.18,139.91,107.42,0.12
dublin,antalya,4135.0,35.85,115.35,107.42,136.87
dublin,zaragoza,1997.72,14.1,141.72,107.42,1.58
dublin,helsinki,2983.87,25.91,115.17,107.42,74.83
dublin,wroclaw,1829.76,16.63,110.02,107.42,0.1
dublin,lodz,2038.81,16.95,120.29,107.42,0.2
dublin,stuttgart,1325.54,11.35,116.76,107.42,0.3
dublin,palermo,2669.98,17.57,151.99,107.42,269.19
dublin,düsseldorf,1018.74,8.94,113.99,107.42,1.13
dublin,glasgow,521.78,5.74,90.93,107.42,0.45
dublin,leipzig,1481.46,13.49,109.84,107.42,0.9
dublin,riga,2538.06,21.85,116.16,107.42,0.37
dublin,diyarbakir,5014.08,40.63,123.39,107.42,2.73
dublin,dortmund,1071.82,9.38,114.23,107.42,0.4
dublin,málaga,2642.32,16.57,159.45,107.42,92.61
dublin,vilnius,2464.87,20.93,117.77,107.42,2.03
dublin,essen,1037.69,9.07,114.44,107.42,0.62
dublin,sheffield,256.85,3.47,73.99,107.42,0.41
dublin,kayseri,4465.15,37.52,119.01,107.42,0.36
dublin,bremen,1270.53,11.0,115.51,107.42,0.91
dublin,dresden,1597.64,14.32,111.57,107.42,1.12
dublin,genova,1744.94,14.41,121.07,107.42,0.43
dublin,københavn,1878.56,14.25,131.85,107.42,0.18
dublin,manchester,201.1,2.74,73.39,107.42,0.6
dublin,poznan,1799.36,14.1,127.57,107.42,1.07
dublin,hannover,1278.83,10.76,118.85,107.42,0.96
dublin,antwerpen,822.36,7.22,113.92,107.42,1.48
dublin,bradford,288.2,3.95,72.91,107.42,0.35
dublin,nürnberg,1412.28,10.51,134.33,107.42,1.0
dublin,edinburgh,515.87,5.67,90.94,107.42,0.14
dublin,duisburg,1019.24,8.93,114.12,107.42,0.87
lyon,prague,1135.93,9.09,124.92,0.5,0.91
lyon,brussels,739.2,5.41,136.72,0.5,1.08
lyon,rotterdam,871.21,6.42,135.78,0.5,0.45
lyon,sofia,1911.4,18.22,104.9,0.5,1.4
lyon,adana,3572.83,31.04,115.09,0.5,112.06
lyon,birmingham,1069.85,7.11,150.45,0.5,0.19
lyon,köln,749.63,5.73,130.77,0.5,1.04
lyon,amsterdam,920.67,7.41,124.23,0.5,0.81
lyon,porto,1795.47,13.38,134.21,0.5,0.45
lyon,marseille,318.11,1.69,188.1,0.5,0.64
lyon,lille,648.29,2.4,269.89,0.5,0.94
lyon,gaziantep,3968.33,32.88,120.68,0.5,23.61
lyon,sevilla,1715.05,7.31,234.52,0.5,0.73
lyon,torino,307.58,2.61,118.02,0.5,1.27
lyon,konya,3201.84,27.46,116.61,0.5,0.73
lyon,kraków,1600.84,12.95,123.61,0.5,0.8
lyon,hague,808.08,4.14,195.07,0.5,9.47
lyon,bilbao,1139.01,9.07,125.54,0.5,0.31
lyon,leeds,1180.13,8.0,147.47,0.5,0.18
lyon,frankfurt am main,667.16,4.52,147.66,0.5,1.47
lyon,zagreb,1104.51,8.81,125.39,0.5,1.2
lyon,bordeaux,619.5,5.14,120.47,0.5,2.37
lyon,toulouse,546.69,3.24,168.5,0.5,1.06
lyon,göteborg,1994.98,13.99,142.63,0.5,0.46
lyon,zürich,435.95,3.52,123.73,0.5,0.1
lyon,oslo,2331.11,16.07,145.03,0.5,0.12
lyon,antalya,3120.02,28.35,110.05,0.5,136.87
lyon,zaragoza,960.93,4.56,210.76,0.5,1.58
lyon,helsinki,2621.56,21.11,124.21,0.5,74.83
lyon,wroclaw,1386.95,9.91,139.9,0.5,0.1
lyon,lodz,1607.8,12.3,130.69,0.5,0.2
lyon,stuttgart,617.41,4.63,133.36,0.5,0.3
lyon,palermo,1429.75,9.58,149.27,0.5,269.19
lyon,düsseldorf,785.66,6.05,129.87,0.5,1.13
lyon,glasgow,1528.18,12.6,121.29,0.5,0.45
lyon,leipzig,1035.78,7.09,146.16,0.5,0.9
lyon,riga,2175.75,17.05,127.64,0.5,0.37
lyon,diyarbakir,3999.1,33.14,120.68,0.5,2.73
lyon,dortmund,844.21,6.6,128.01,0.5,0.4
lyon,málaga,1648.32,7.17,230.04,0.5,92.61
lyon,vilnius,2102.56,16.13,130.37,0.5,2.03
lyon,essen,819.95,6.42,127.67,0.5,0.62
lyon,sheffield,1141.64,7.87,145.05,0.5,0.41
lyon,kayseri,3450.17,30.02,114.92,0.5,0.36
lyon,bremen,1070.64,7.91,135.44,0.5,0.91
lyon,dresden,1151.97,7.92,145.51,0.5,1.12
lyon,genova,465.75,3.69,126.26,0.5,0.43
lyon,københavn,1666.0,12.14,137.24,0.5,0.18
lyon,manchester,1180.83,7.7,153.28,0.5,0.6
lyon,poznan,1397.98,9.71,144.01,0.5,1.07
lyon,hannover,998.49,6.17,161.7,0.5,0.96
lyon,antwerpen,777.77,5.68,136.94,0.5,1.48
lyon,bradford,1199.86,8.22,145.9,0.5,0.35
lyon,nürnberg,785.09,5.72,137.22,0.5,1.0
lyon,edinburgh,1512.73,11.11,136.12,0.5,0.14
lyon,duisburg,808.41,6.2,130.36,0.5,0.87
prague,brussels,968.87,6.91,140.23,0.91,1.08
prague,rotterdam,957.29,7.88,121.54,0.91,0.45
prague,sofia,1373.07,13.46,102.04,0.91,1.4
prague,adana,3034.5,26.28,115.46,0.91,112.06
prague,birmingham,1523.76,11.42,133.4,0.91,0.19
prague,köln,752.26,5.63,133.5,0.91,1.04
prague,amsterdam,925.93,7.69,120.4,0.91,0.81
prague,porto,2832.3,18.03,157.1,0.91,0.45
prague,marseille,1450.64,13.14,110.44,0.91,0.64
prague,lille,1075.36,7.86,136.88,0.91,0.94
prague,gaziantep,3430.0,28.12,121.98,0.91,23.61
prague,sevilla,2849.59,16.39,173.84,0.91,0.73
prague,torino,1065.89,9.81,108.6,0.91,1.27
prague,konya,2663.51,22.69,117.37,0.91,0.73
prague,kraków,479.21,5.02,95.37,0.91,0.8
prague,hague,1484.74,10.19,145.76,0.91,9.47
prague,bilbao,2175.84,13.72,158.55,0.91,0.31
prague,leeds,1634.03,12.31,132.7,0.91,0.18
prague,frankfurt am main,572.82,4.83,118.51,0.91,1.47
prague,zagreb,710.02,6.01,118.08,0.91,1.2
prague,bordeaux,1656.31,9.8,169.02,0.91,2.37
prague,toulouse,1673.37,14.02,119.34,0.91,1.06
prague,göteborg,1477.32,10.2,144.79,0.91,0.46
prague,zürich,729.42,7.04,103.66,0.91,0.1
prague,oslo,1813.45,12.29,147.56,0.91,0.12
prague,antalya,2581.69,23.59,109.45,0.91,136.87
prague,zaragoza,2095.48,13.64,153.64,0.91,1.58
prague,helsinki,1718.18,16.73,102.72,0.91,74.83
prague,wroclaw,310.01,3.94,78.6,0.91,0.1
prague,lodz,559.35,6.16,90.74,0.91,0.2
prague,stuttgart,541.45,4.82,112.3,0.91,0.3
prague,palermo,1765.46,12.57,140.49,0.91,269.19
prague,düsseldorf,781.48,7.01,111.46,0.91,1.13
prague,glasgow,1982.09,16.91,117.21,0.91,0.45
prague,leipzig,310.87,2.47,126.01,0.91,0.9
prague,riga,1272.36,12.67,100.45,0.91,0.37
prague,diyarbakir,3460.77,28.37,121.97,0.91,2.73
prague,dortmund,720.28,6.48,111.1,0.91,0.4
prague,málaga,2782.86,16.25,171.31,0.91,92.61
prague,vilnius,1159.44,10.52,110.24,0.91,2.03
prague,essen,752.04,6.87,109.46,0.91,0.62
prague,sheffield,1595.54,12.18,130.97,0.91,0.41
prague,kayseri,2911.84,25.26,115.28,0.91,0.36
prague,bremen,673.69,5.42,124.31,0.91,0.91
prague,dresden,193.71,1.61,120.36,0.91,1.12
prague,genova,1097.79,9.93,110.53,0.91,0.43
prague,københavn,1148.34,8.36,137.44,0.91,0.18
prague,manchester,1634.73,12.02,136.05,0.91,0.6
prague,poznan,440.76,4.95,88.96,0.91,1.07
prague,hannover,555.55,4.71,117.9,0.91,0.96
prague,antwerpen,970.59,8.74,111.02,0.91,1.48
prague,bradford,1653.76,12.54,131.93,0.91,0.35
prague,nürnberg,350.85,3.37,104.12,0.91,1.0
prague,edinburgh,1966.63,15.42,127.5,0.91,0.14
prague,duisburg,770.22,6.98,110.28,0.91,0.87
brussels,rotterdam,137.91,1.11,124.07,1.08,0.45
brussels,sofia,2132.12,18.74,113.76,1.08,1.4
brussels,adana,3793.54,31.57,120.18,1.08,112.06
brussels,birmingham,557.17,4.31,129.38,1.08,0.19
brussels,köln,219.13,1.38,159.0,1.08,1.04
brussels,amsterdam,207.78,1.5,138.88,1.08,0.81
brussels,porto,2042.79,12.45,164.03,1.08,0.45
brussels,marseille,1055.93,7.08,149.05,1.08,0.64
brussels,lille,108.76,0.73,148.68,1.08,0.94
brussels,gaziantep,4189.04,33.4,125.41,1.08,23.61
brussels,sevilla,2146.87,11.08,193.69,1.08,0.73
brussels,torino,980.11,7.48,131.06,1.08,1.27
brussels,konya,3422.56,27.98,122.33,1.08,0.73
brussels,kraków,1292.9,11.86,108.98,1.08,0.8
brussels,hague,621.41,3.72,167.09,1.08,9.47
brussels,bilbao,1386.33,8.15,170.13,1.08,0.31
brussels,leeds,667.44,5.2,128.41,1.08,0.18
brussels,frankfurt am main,398.31,2.12,187.58,1.08,1.47
brussels,zagreb,1328.05,9.8,135.48,1.08,1.2
brussels,bordeaux,866.8,4.22,205.18,1.08,2.37
brussels,toulouse,1032.03,7.44,138.8,1.08,1.06
brussels,göteborg,1420.7,9.46,150.14,1.08,0.46
brussels,zürich,661.96,4.54,145.73,1.08,0.1
brussels,oslo,1756.82,11.55,152.12,1.08,0.12
brussels,antalya,3340.74,28.87,115.71,1.08,136.87
brussels,zaragoza,1435.54,8.46,169.64,1.08,1.58
brussels,helsinki,2190.67,18.99,115.39,1.08,74.83
brussels,wroclaw,1036.55,9.71,106.77,1.08,0.1
brussels,lodz,1245.61,10.03,124.25,1.08,0.2
brussels,stuttgart,558.3,4.06,137.55,1.08,0.3
brussels,palermo,1926.38,10.87,177.29,1.08,269.19
brussels,düsseldorf,225.54,2.01,111.99,1.08,1.13
brussels,glasgow,1015.5,9.79,103.68,1.08,0.45
brussels,leipzig,688.26,6.56,104.85,1.08,0.9
brussels,riga,1744.85,14.93,116.9,1.08,0.37
brussels,diyarbakir,4219.81,33.66,125.37,1.08,2.73
brussels,dortmund,278.62,2.46,113.26,1.08,0.4
brussels,málaga,2080.14,10.94,190.2,1.08,92.61
brussels,vilnius,1671.67,14.01,119.35,1.08,2.03
brussels,essen,244.49,2.14,114.04,1.08,0.62
brussels,sheffield,628.95,5.07,124.15,1.08,0.41
brussels,kayseri,3670.88,30.54,120.19,1.08,0.36
brussels,bremen,487.62,3.71,131.34,1.08,0.91
brussels,dresden,804.44,7.4,108.76,1.08,1.12
brussels,genova,1019.14,7.88,129.32,1.08,0.43
brussels,københavn,1091.71,7.61,143.37,1.08,0.18
brussels,manchester,668.14,4.9,136.37,1.08,0.6
brussels,poznan,1006.16,7.18,140.11,1.08,1.07
brussels,hannover,485.63,3.84,126.56,1.08,0.96
brussels,antwerpen,44.47,0.38,118.52,1.08,1.48
brussels,bradford,687.17,5.42,126.8,1.08,0.35
brussels,nürnberg,618.02,3.54,174.68,1.08,1.0
brussels,edinburgh,1000.04,8.31,120.36,1.08,0.14
brussels,duisburg,226.03,2.01,112.56,1.08,0.87
rotterdam,sofia,2153.07,19.12,112.61,0.45,1.4
rotterdam,adana,3814.5,31.94,119.41,0.45,112.06
rotterdam,birmingham,676.43,5.48,123.51,0.45,0.19
rotterdam,köln,240.21,1.82,132.06,0.45,1.04
rotterdam,amsterdam,69.87,0.38,181.71,0.45,0.81
rotterdam,porto,2180.67,13.54,161.06,0.45,0.45
rotterdam,marseille,1187.94,8.1,146.74,0.45,0.64
rotterdam,lille,229.69,1.9,120.82,0.45,0.94
rotterdam,gaziantep,4210.0,33.78,124.63,0.45,23.61
rotterdam,sevilla,2284.75,12.17,187.74,0.45,0.73
rotterdam,torino,1112.13,8.49,131.0,0.45,1.27
rotterdam,konya,3443.51,28.36,121.44,0.45,0.73
rotterdam,kraków,1229.26,10.15,121.13,0.45,0.8
rotterdam,hague,755.97,5.48,137.91,0.45,9.47
rotterdam,bilbao,1524.21,9.23,165.06,0.45,0.31
rotterdam,leeds,786.71,6.37,123.54,0.45,0.18
rotterdam,frankfurt am main,419.27,2.5,167.62,0.45,1.47
rotterdam,zagreb,1349.01,10.18,132.51,0.45,1.2
rotterdam,bordeaux,1004.68,5.31,189.19,0.45,2.37
rotterdam,toulouse,1169.91,8.52,137.29,0.45,1.06
rotterdam,göteborg,1331.68,8.65,153.87,0.45,0.46
rotterdam,zürich,793.97,5.55,142.96,0.45,0.1
rotterdam,oslo,1667.8,10.74,155.27,0.45,0.12
rotterdam,antalya,3361.7,29.25,114.93,0.45,136.87
rotterdam,zaragoza,1573.42,9.55,164.79,0.45,1.58
rotterdam,helsinki,2114.77,18.25,115.85,0.45,74.83
rotterdam,wroclaw,972.91,7.99,121.72,0.45,0.1
rotterdam,lodz,1169.7,9.29,125.85,0.45,0.2
rotterdam,stuttgart,584.19,4.17,140.08,0.45,0.3
rotterdam,palermo,2058.39,11.88,173.31,0.45,269.19
rotterdam,düsseldorf,213.17,1.58,135.18,0.45,1.13
rotterdam,glasgow,1134.76,10.96,103.49,0.45,0.45
rotterdam,leipzig,655.23,6.15,106.55,0.45,0.9
rotterdam,riga,1668.95,14.2,117.57,0.45,0.37
rotterdam,diyarbakir,4240.77,34.04,124.59,0.45,2.73
rotterdam,dortmund,244.75,2.07,118.35,0.45,0.4
rotterdam,málaga,2218.02,12.02,184.49,0.45,92.61
rotterdam,vilnius,1595.77,13.28,120.2,0.45,2.03
rotterdam,essen,215.27,1.78,120.95,0.45,0.62
rotterdam,sheffield,748.22,6.24,119.97,0.45,0.41
rotterdam,kayseri,3691.84,30.92,119.39,0.45,0.36
rotterdam,bremen,394.66,3.56,110.9,0.45,0.91
rotterdam,dresden,766.07,6.28,122.07,0.45,1.12
rotterdam,genova,1151.16,8.89,129.46,0.45,0.43
rotterdam,københavn,1002.69,6.81,147.3,0.45,0.18
rotterdam,manchester,787.41,6.07,129.72,0.45,0.6
rotterdam,poznan,930.26,6.45,144.22,0.45,1.07
rotterdam,hannover,409.73,3.11,131.9,0.45,0.96
rotterdam,antwerpen,93.44,0.74,126.87,0.45,1.48
rotterdam,bradford,806.44,6.59,122.38,0.45,0.35
rotterdam,nürnberg,638.97,3.92,163.17,0.45,1.0
rotterdam,edinburgh,1119.31,9.48,118.08,0.45,0.14
rotterdam,duisburg,206.52,1.65,124.97,0.45,0.87
sofia,adana,1665.81,12.85,129.65,1.4,112.06
sofia,birmingham,2687.01,23.25,115.55,1.4,0.19
sofia,köln,1915.51,17.47,109.67,1.4,1.04
sofia,amsterdam,2165.62,19.36,111.88,1.4,0.81
sofia,porto,3682.09,30.1,122.35,1.4,0.45
sofia,marseille,1990.05,19.15,103.93,1.4,0.64
sofia,lille,2238.61,19.69,113.7,1.4,0.94
sofia,gaziantep,2061.31,14.69,140.36,1.4,23.61
sofia,sevilla,3555.84,24.92,142.68,1.4,0.73
sofia,torino,1609.34,15.71,102.45,1.4,1.27
sofia,konya,1294.82,9.26,139.81,1.4,0.73
sofia,kraków,1247.44,13.69,91.09,1.4,0.8
sofia,hague,2576.38,21.22,121.42,1.4,9.47
sofia,bilbao,3025.63,25.79,117.32,1.4,0.31
sofia,leeds,2797.29,24.15,115.85,1.4,0.18
sofia,frankfurt am main,1736.08,16.67,104.17,1.4,1.47
sofia,zagreb,806.89,9.41,85.73,1.4,1.2
sofia,bordeaux,2530.7,23.38,108.24,1.4,2.37
sofia,toulouse,2387.48,20.85,114.48,1.4,1.06
sofia,göteborg,2774.17,23.72,116.95,1.4,0.46
sofia,zürich,1612.83,16.54,97.51,1.4,0.1
sofia,oslo,3110.3,25.81,120.52,1.4,0.12
sofia,antalya,1213.0,10.15,119.45,1.4,136.87
sofia,zaragoza,2801.73,22.17,126.38,1.4,1.58
sofia,helsinki,2708.8,25.74,105.24,1.4,74.83
sofia,wroclaw,1342.12,13.62,98.52,1.4,0.1
sofia,lodz,1441.75,15.35,93.91,1.4,0.2
sofia,stuttgart,1611.95,16.03,100.58,1.4,0.3
sofia,palermo,2185.63,18.3,119.41,1.4,269.19
sofia,düsseldorf,1948.73,17.65,110.38,1.4,1.13
sofia,glasgow,3145.34,28.74,109.43,1.4,0.45
sofia,leipzig,1631.34,15.88,102.75,1.4,0.9
sofia,riga,2262.99,21.68,104.38,1.4,0.37
sofia,diyarbakir,2092.08,14.94,140.01,1.4,2.73
sofia,dortmund,1971.28,18.86,104.52,1.4,0.4
sofia,málaga,3489.11,24.78,140.83,1.4,92.61
sofia,vilnius,2011.47,19.37,103.82,1.4,2.03
sofia,essen,1983.02,18.03,110.0,1.4,0.62
sofia,sheffield,2758.8,24.01,114.88,1.4,0.41
sofia,kayseri,1543.15,11.83,130.48,1.4,0.36
sofia,bremen,1994.16,18.83,105.91,1.4,0.91
sofia,dresden,1514.18,15.02,100.82,1.4,1.12
sofia,genova,1597.36,16.06,99.46,1.4,0.43
sofia,københavn,2445.19,21.87,111.79,1.4,0.18
sofia,manchester,2797.99,23.85,117.33,1.4,0.6
sofia,poznan,1504.16,15.16,99.2,1.4,1.07
sofia,hannover,1876.03,18.12,103.53,1.4,0.96
sofia,antwerpen,2139.07,19.21,111.33,1.4,1.48
sofia,bradford,2817.02,24.37,115.61,1.4,0.35
sofia,nürnberg,1514.1,15.2,99.6,1.4,1.0
sofia,edinburgh,3129.89,27.26,114.83,1.4,0.14
sofia,duisburg,1971.47,17.81,110.72,1.4,0.87
adana,birmingham,4348.09,36.05,120.61,112.06,0.19
adana,köln,3576.58,30.26,118.19,112.06,1.04
adana,amsterdam,3826.7,32.15,119.02,112.06,0.81
adana,porto,5343.16,42.89,124.58,112.06,0.45
adana,marseille,3651.12,31.94,114.3,112.06,0.64
adana,lille,3899.69,32.48,120.05,112.06,0.94
adana,gaziantep,792.25,6.6,120.0,112.06,23.61
adana,sevilla,5216.92,37.72,138.32,112.06,0.73
adana,torino,3270.42,28.5,114.74,112.06,1.27
adana,konya,789.71,5.26,150.07,112.06,0.73
adana,kraków,2908.52,26.49,109.8,112.06,0.8
adana,hague,4237.46,34.01,124.58,112.06,9.47
adana,bilbao,4686.71,38.58,121.47,112.06,0.31
adana,leeds,4458.36,36.94,120.69,112.06,0.18
adana,frankfurt am main,3397.15,29.46,115.31,112.06,1.47
adana,zagreb,2467.97,22.21,111.14,112.06,1.2
adana,bordeaux,4191.78,36.18,115.87,112.06,2.37
adana,toulouse,4048.56,33.65,120.32,112.06,1.06
adana,göteborg,4435.25,36.51,121.46,112.06,0.46
adana,zürich,3273.91,29.34,111.6,112.06,0.1
adana,oslo,4771.38,38.6,123.61,112.06,0.12
adana,antalya,1000.74,7.35,136.17,112.06,136.87
adana,zaragoza,4462.81,34.96,127.64,112.06,1.58
adana,helsinki,4200.92,37.83,111.06,112.06,74.83
adana,wroclaw,3003.2,26.42,113.68,112.06,0.1
adana,lodz,3102.83,28.15,110.24,112.06,0.2
adana,stuttgart,3273.03,28.82,113.56,112.06,0.3
adana,palermo,3846.71,31.1,123.69,112.06,269.19
adana,düsseldorf,3609.8,30.45,118.55,112.06,1.13
adana,glasgow,4806.42,41.54,115.71,112.06,0.45
adana,leipzig,3292.42,28.67,114.83,112.06,0.9
adana,riga,3755.1,33.77,111.21,112.06,0.37
adana,diyarbakir,823.02,6.86,120.0,112.06,2.73
adana,dortmund,3632.36,31.66,114.75,112.06,0.4
adana,málaga,5150.19,37.57,137.08,112.06,92.61
adana,vilnius,3496.22,30.81,113.47,112.06,2.03
adana,essen,3644.1,30.82,118.23,112.06,0.62
adana,sheffield,4419.87,36.81,120.08,112.06,0.41
adana,kayseri,154.53,1.29,120.0,112.06,0.36
adana,bremen,3655.24,31.62,115.58,112.06,0.91
adana,dresden,3175.26,27.81,114.16,112.06,1.12
adana,genova,3258.44,28.85,112.92,112.06,0.43
adana,københavn,4106.26,34.67,118.45,112.06,0.18
adana,manchester,4459.06,36.64,121.69,112.06,0.6
adana,poznan,3165.23,27.96,113.22,112.06,1.07
adana,hannover,3537.1,30.92,114.41,112.06,0.96
adana,antwerpen,3800.14,32.01,118.72,112.06,1.48
adana,bradford,4478.09,37.16,120.5,112.06,0.35
adana,nürnberg,3175.18,28.0,113.41,112.06,1.0
adana,edinburgh,4790.96,40.05,119.62,112.06,0.14
adana,duisburg,3632.55,30.6,118.71,112.06,0.87
birmingham,köln,774.02,5.89,131.39,0.19,1.04
birmingham,amsterdam,746.3,5.88,126.97,0.19,0.81
birmingham,porto,2365.6,15.63,151.39,0.19,0.45
birmingham,marseille,1386.59,8.78,157.97,0.19,0.64
birmingham,lille,450.57,3.63,124.22,0.19,0.94
birmingham,gaziantep,4743.94,37.92,125.12,0.19,23.61
birmingham,sevilla,2469.68,14.26,173.23,0.19,0.73
birmingham,torino,1361.05,9.56,142.42,0.19,1.27
birmingham,konya,3977.45,32.49,122.42,0.19,0.73
birmingham,kraków,1846.73,16.32,113.12,0.19,0.8
birmingham,hague,906.01,6.99,129.58,0.19,9.47
birmingham,bilbao,1709.14,11.32,150.97,0.19,0.31
birmingham,leeds,187.47,2.34,80.18,0.19,0.18
birmingham,frankfurt am main,953.2,6.64,143.63,0.19,1.47
birmingham,zagreb,1882.95,14.32,131.53,0.19,1.2
birmingham,bordeaux,1189.61,7.4,160.82,0.19,2.37
birmingham,toulouse,1354.83,10.61,127.72,0.19,1.06
birmingham,göteborg,1968.18,13.63,144.37,0.19,0.46
birmingham,zürich,1166.19,8.78,132.8,0.19,0.1
birmingham,oslo,2304.3,15.72,146.59,0.19,0.12
birmingham,antalya,3895.63,33.38,116.69,0.19,136.87
birmingham,zaragoza,1758.35,11.63,151.13,0.19,1.58
birmingham,helsinki,2744.5,23.45,117.05,0.19,74.83
birmingham,wroclaw,1590.39,14.17,112.24,0.19,0.1
birmingham,lodz,1799.44,14.49,124.22,0.19,0.2
birmingham,stuttgart,1086.17,8.89,122.18,0.19,0.3
birmingham,palermo,2430.61,15.1,160.92,0.19,269.19
birmingham,düsseldorf,779.37,6.48,120.36,0.19,1.13
birmingham,glasgow,480.7,5.13,93.77,0.19,0.45
birmingham,leipzig,1242.09,11.03,112.66,0.19,0.9
birmingham,riga,2298.69,19.39,118.57,0.19,0.37
birmingham,diyarbakir,4774.71,38.17,125.08,0.19,2.73
birmingham,dortmund,832.45,6.92,120.28,0.19,0.4
birmingham,málaga,2402.95,14.11,170.31,0.19,92.61
birmingham,vilnius,2225.5,18.47,120.51,0.19,2.03
birmingham,essen,798.32,6.61,120.86,0.19,0.62
birmingham,sheffield,128.7,1.65,78.05,0.19,0.41
birmingham,kayseri,4225.78,35.06,120.54,0.19,0.36
birmingham,bremen,1031.16,8.54,120.79,0.19,0.91
birmingham,dresden,1358.27,11.86,114.55,0.19,1.12
birmingham,genova,1505.57,11.95,125.98,0.19,0.43
birmingham,københavn,1639.19,11.79,139.09,0.19,0.18
birmingham,manchester,132.88,1.6,82.83,0.19,0.6
birmingham,poznan,1559.99,11.64,133.99,0.19,1.07
birmingham,hannover,1039.46,8.3,125.26,0.19,0.96
birmingham,antwerpen,582.99,4.76,122.56,0.19,1.48
birmingham,bradford,207.2,2.56,80.95,0.19,0.35
birmingham,nürnberg,1172.91,8.05,145.68,0.19,1.0
birmingham,edinburgh,474.8,5.06,93.82,0.19,0.14
birmingham,duisburg,779.87,6.47,120.55,0.19,0.87
köln,amsterdam,256.86,2.09,122.83,1.04,0.81
köln,porto,2213.29,13.76,160.81,1.04,0.45
köln,marseille,1066.36,7.4,144.11,1.04,0.64
köln,lille,325.62,2.33,140.04,1.04,0.94
köln,gaziantep,3972.43,32.13,123.64,1.04,23.61
köln,sevilla,2317.37,12.39,186.98,1.04,0.73
köln,torino,905.51,6.89,131.41,1.04,1.27
köln,konya,3205.95,26.7,120.06,1.04,0.73
köln,kraków,1101.51,10.14,108.64,1.04,0.8
köln,hague,823.02,5.78,142.5,1.04,9.47
köln,bilbao,1556.83,9.46,164.6,1.04,0.31
köln,leeds,884.3,6.78,130.38,1.04,0.18
köln,frankfurt am main,181.7,0.85,214.04,1.04,1.47
köln,zagreb,1111.44,8.53,130.33,1.04,1.2
köln,bordeaux,1037.3,5.53,187.44,1.04,2.37
köln,toulouse,1202.53,8.74,137.51,1.04,1.06
köln,göteborg,1253.74,8.37,149.84,1.04,0.46
köln,zürich,574.38,4.58,125.53,1.04,0.1
köln,oslo,1589.86,10.45,152.09,1.04,0.12
köln,antalya,3124.13,27.6,113.21,1.04,136.87
köln,zaragoza,1606.04,9.77,164.36,1.04,1.58
köln,helsinki,2005.95,17.24,116.32,1.04,74.83
köln,wroclaw,845.17,7.98,105.86,1.04,0.1
köln,lodz,1060.89,8.28,128.06,1.04,0.2
köln,stuttgart,344.04,2.39,144.21,1.04,0.3
köln,palermo,1838.8,10.9,168.71,1.04,269.19
köln,düsseldorf,44.34,0.41,108.97,1.04,1.13
köln,glasgow,1232.35,11.38,108.3,1.04,0.45
köln,leipzig,496.88,4.84,102.66,1.04,0.9
köln,riga,1560.14,13.19,118.32,1.04,0.37
köln,diyarbakir,4003.2,32.38,123.61,1.04,2.73
köln,dortmund,102.97,0.98,105.56,1.04,0.4
köln,málaga,2250.64,12.25,183.78,1.04,92.61
köln,vilnius,1486.95,12.27,121.22,1.04,2.03
köln,essen,78.71,0.8,98.08,1.04,0.62
köln,sheffield,845.81,6.65,127.17,1.04,0.41
köln,kayseri,3454.27,29.27,118.02,1.04,0.36
köln,bremen,329.31,2.26,145.56,1.04,0.91
köln,dresden,613.06,5.67,108.09,1.04,1.12
köln,genova,944.53,7.29,129.51,1.04,0.43
köln,københavn,924.75,6.52,141.84,1.04,0.18
köln,manchester,885.0,6.48,136.49,1.04,0.6
köln,poznan,821.44,5.44,150.99,1.04,1.07
köln,hannover,300.92,2.1,143.53,1.04,0.96
köln,antwerpen,226.08,1.85,122.16,1.04,1.48
köln,bradford,904.03,7.0,129.07,1.04,0.35
köln,nürnberg,401.41,2.26,177.33,1.04,1.0
köln,edinburgh,1216.9,9.89,123.0,1.04,0.14
köln,duisburg,67.08,0.56,120.06,1.04,0.87
amsterdam,porto,2250.54,13.92,161.63,0.81,0.45
amsterdam,marseille,1237.39,9.09,136.15,0.81,0.64
amsterdam,lille,299.56,2.29,131.07,0.81,0.94
amsterdam,gaziantep,4222.55,34.02,124.13,0.81,23.61
amsterdam,sevilla,2354.62,12.55,187.55,0.81,0.73
amsterdam,torino,1158.43,8.92,129.86,0.81,1.27
amsterdam,konya,3456.06,28.59,120.87,0.81,0.73
amsterdam,kraków,1197.9,9.96,120.24,0.81,0.8
amsterdam,hague,825.85,5.87,140.78,0.81,9.47
amsterdam,bilbao,1594.09,9.62,165.72,0.81,0.31
amsterdam,leeds,856.58,6.75,126.85,0.81,0.18
amsterdam,frankfurt am main,431.81,2.74,157.68,0.81,1.47
amsterdam,zagreb,1361.55,10.42,130.69,0.81,1.2
amsterdam,bordeaux,1074.55,5.7,188.68,0.81,2.37
amsterdam,toulouse,1239.78,8.91,139.21,0.81,1.06
amsterdam,göteborg,1300.32,8.47,153.54,0.81,0.46
amsterdam,zürich,827.31,6.61,125.25,0.81,0.1
amsterdam,oslo,1636.44,10.56,155.04,0.81,0.12
amsterdam,antalya,3374.24,29.49,114.43,0.81,136.87
amsterdam,zaragoza,1643.29,9.93,165.45,0.81,1.58
amsterdam,helsinki,2083.41,18.07,115.31,0.81,74.83
amsterdam,wroclaw,941.55,7.81,120.61,0.81,0.1
amsterdam,lodz,1138.34,9.11,124.97,0.81,0.2
amsterdam,stuttgart,596.97,4.42,135.19,0.81,0.3
amsterdam,palermo,2091.73,12.93,161.79,0.81,269.19
amsterdam,düsseldorf,218.45,1.72,126.76,0.81,1.13
amsterdam,glasgow,1204.63,11.35,106.14,0.81,0.45
amsterdam,leipzig,630.45,5.17,121.92,0.81,0.9
amsterdam,riga,1637.59,14.01,116.89,0.81,0.37
amsterdam,diyarbakir,4253.32,34.27,124.1,0.81,2.73
amsterdam,dortmund,232.37,1.97,118.2,0.81,0.4
amsterdam,málaga,2287.89,12.41,184.4,0.81,92.61
amsterdam,vilnius,1564.41,13.09,119.51,0.81,2.03
amsterdam,essen,202.9,1.68,120.94,0.81,0.62
amsterdam,sheffield,818.09,6.62,123.56,0.81,0.41
amsterdam,kayseri,3704.39,31.16,118.89,0.81,0.36
amsterdam,bremen,363.3,3.37,107.72,0.81,0.91
amsterdam,dresden,734.71,6.09,120.64,0.81,1.12
amsterdam,genova,1197.46,9.32,128.44,0.81,0.43
amsterdam,københavn,971.33,6.62,146.7,0.81,0.18
amsterdam,manchester,857.28,6.45,132.82,0.81,0.6
amsterdam,poznan,898.9,6.26,143.49,0.81,1.07
amsterdam,hannover,378.37,2.92,129.56,0.81,0.96
amsterdam,antwerpen,163.32,1.12,145.68,0.81,1.48
amsterdam,bradford,876.31,6.97,125.65,0.81,0.35
amsterdam,nürnberg,651.52,4.15,156.87,0.81,1.0
amsterdam,edinburgh,1189.18,9.86,120.56,0.81,0.14
amsterdam,duisburg,194.15,1.55,125.22,0.81,0.87
porto,marseille,1710.04,11.8,144.89,0.45,0.64
porto,lille,1956.53,11.23,174.18,0.45,0.94
porto,gaziantep,5739.03,44.76,128.22,0.45,23.61
porto,sevilla,705.12,4.95,142.58,0.45,0.73
porto,torino,2078.28,14.48,143.48,0.45,1.27
porto,konya,4972.54,39.34,126.41,0.45,0.73
porto,kraków,3273.49,20.94,156.31,0.45,0.8
porto,hague,1889.33,11.9,158.81,0.45,9.47
porto,bilbao,865.77,5.88,147.32,0.45,0.31
porto,leeds,2475.78,16.53,149.79,0.45,0.18
porto,frankfurt am main,2297.37,13.39,171.55,0.45,1.47
porto,zagreb,2875.21,20.69,138.99,0.45,1.2
porto,bordeaux,1175.99,8.23,142.91,0.45,2.37
porto,toulouse,1294.81,9.25,140.01,0.45,1.06
porto,göteborg,3443.95,21.68,158.84,0.45,0.46
porto,zürich,2205.27,15.73,140.19,0.45,0.1
porto,oslo,3780.07,23.77,159.04,0.45,0.12
porto,antalya,4890.72,40.23,121.57,0.45,136.87
porto,zaragoza,994.8,6.85,145.22,0.45,1.58
porto,helsinki,4212.84,30.85,136.55,0.45,74.83
porto,wroclaw,3017.15,18.79,160.6,0.45,0.1
porto,lodz,3238.0,21.18,152.91,0.45,0.2
porto,stuttgart,2318.85,13.08,177.26,0.45,0.3
porto,palermo,3074.08,20.83,147.55,0.45,269.19
porto,düsseldorf,2231.6,14.08,158.54,0.45,1.13
porto,glasgow,2823.83,21.12,133.67,0.45,0.45
porto,leipzig,2665.98,15.96,167.04,0.45,0.9
porto,riga,3767.03,26.79,140.59,0.45,0.37
porto,diyarbakir,5769.8,45.02,128.17,0.45,2.73
porto,dortmund,2301.87,14.68,156.81,0.45,0.4
porto,málaga,819.94,5.67,144.61,0.45,92.61
porto,vilnius,3693.84,25.87,142.76,0.45,2.03
porto,essen,2267.74,14.36,157.88,0.45,0.62
porto,sheffield,2437.29,16.4,148.64,0.45,0.41
porto,kayseri,5220.87,41.9,124.6,0.45,0.36
porto,bremen,2510.87,15.93,157.6,0.45,0.91
porto,dresden,2782.17,16.79,165.7,0.45,1.12
porto,genova,2110.09,14.94,141.2,0.45,0.43
porto,københavn,3114.96,19.83,157.05,0.45,0.18
porto,manchester,2476.48,16.23,152.59,0.45,0.6
porto,poznan,3028.19,18.58,162.97,0.45,1.07
porto,hannover,2507.81,15.7,159.68,0.45,0.96
porto,antwerpen,2087.14,12.8,163.12,0.45,1.48
porto,bradford,2495.51,16.75,148.99,0.45,0.35
porto,nürnberg,2481.45,14.67,169.2,0.45,1.0
porto,edinburgh,2808.38,19.64,143.0,0.45,0.14
porto,duisburg,2249.29,14.23,158.09,0.45,0.87
marseille,lille,965.02,4.08,236.44,0.64,0.94
marseille,gaziantep,4046.97,33.81,119.7,0.64,23.61
marseille,sevilla,1583.79,6.63,238.96,0.64,0.73
marseille,torino,430.65,4.17,103.29,0.64,1.27
marseille,konya,3280.49,28.38,115.57,0.64,0.73
marseille,kraków,1789.22,14.78,121.04,0.64,0.8
marseille,hague,1124.81,5.82,193.2,0.64,9.47
marseille,bilbao,1053.58,7.5,140.57,0.64,0.31
marseille,leeds,1496.85,9.68,154.61,0.64,0.18
marseille,frankfurt am main,983.89,6.2,158.76,0.64,1.47
marseille,zagreb,1183.16,9.74,121.53,0.64,1.2
marseille,bordeaux,672.96,4.21,159.84,0.64,2.37
marseille,toulouse,415.44,2.56,162.31,0.64,1.06
marseille,göteborg,2311.71,15.67,147.56,0.64,0.46
marseille,zürich,749.66,6.87,109.15,0.64,0.1
marseille,oslo,2647.84,17.75,149.15,0.64,0.12
marseille,antalya,3198.67,29.28,109.25,0.64,136.87
marseille,zaragoza,829.68,3.87,214.15,0.64,1.58
marseille,helsinki,2938.29,22.79,128.96,0.64,74.83
marseille,wroclaw,1703.67,11.59,146.96,0.64,0.1
marseille,lodz,1924.52,13.98,137.65,0.64,0.2
marseille,stuttgart,934.13,6.31,148.06,0.64,0.3
marseille,palermo,1366.6,9.08,150.48,0.64,269.19
marseille,düsseldorf,1102.39,7.73,142.63,0.64,1.13
marseille,glasgow,1844.91,14.28,129.21,0.64,0.45
marseille,leipzig,1352.51,8.77,154.29,0.64,0.9
marseille,riga,2492.48,18.73,133.1,0.64,0.37
marseille,diyarbakir,4077.74,34.07,119.7,0.64,2.73
marseille,dortmund,1160.94,8.27,140.3,0.64,0.4
marseille,málaga,1517.06,6.48,234.1,0.64,92.61
marseille,vilnius,2419.29,17.81,135.86,0.64,2.03
marseille,essen,1136.68,8.1,140.3,0.64,0.62
marseille,sheffield,1458.36,9.55,152.71,0.64,0.41
marseille,kayseri,3528.81,30.95,114.02,0.64,0.36
marseille,bremen,1387.37,9.58,144.75,0.64,0.91
marseille,dresden,1468.7,9.6,153.05,0.64,1.12
marseille,genova,402.6,3.19,126.11,0.64,0.43
marseille,københavn,1982.72,13.82,143.48,0.64,0.18
marseille,manchester,1497.55,9.38,159.6,0.64,0.6
marseille,poznan,1714.71,11.39,150.59,0.64,1.07
marseille,hannover,1315.22,7.85,167.45,0.64,0.96
marseille,antwerpen,1094.5,7.36,148.73,0.64,1.48
marseille,bradford,1516.58,9.9,153.14,0.64,0.35
marseille,nürnberg,1101.82,7.4,148.88,0.64,1.0
marseille,edinburgh,1829.45,12.79,143.01,0.64,0.14
marseille,duisburg,1125.13,7.88,142.77,0.64,0.87
lille,gaziantep,4295.54,34.35,125.05,0.94,23.61
lille,sevilla,2060.72,9.87,208.78,0.94,0.73
lille,torino,939.48,4.86,193.3,0.94,1.27
lille,konya,3529.05,28.93,122.0,0.94,0.73
lille,kraków,1399.99,12.75,109.81,0.94,0.8
lille,hague,527.99,3.63,145.3,0.94,9.47
lille,bilbao,1300.18,6.93,187.48,0.94,0.31
lille,leeds,560.84,4.52,124.12,0.94,0.18
lille,frankfurt am main,504.8,3.07,164.4,0.94,1.47
lille,zagreb,1434.54,10.75,133.45,0.94,1.2
lille,bordeaux,780.65,3.01,259.26,0.94,2.37
lille,toulouse,945.87,6.22,152.03,0.94,1.06
lille,göteborg,1521.43,10.06,151.28,0.94,0.46
lille,zürich,717.78,5.22,137.57,0.94,0.1
lille,oslo,1857.56,12.14,152.97,0.94,0.12
lille,antalya,3447.23,29.82,115.61,0.94,136.87
lille,zaragoza,1349.39,7.25,186.16,0.94,1.58
lille,helsinki,2297.76,19.87,115.64,0.94,74.83
lille,wroclaw,1143.64,10.59,107.96,0.94,0.1
lille,lodz,1352.69,10.91,123.98,0.94,0.2
lille,stuttgart,637.76,5.33,119.74,0.94,0.3
lille,palermo,1982.2,11.54,171.75,0.94,269.19
lille,düsseldorf,332.63,2.9,114.73,0.94,1.13
lille,glasgow,908.9,9.11,99.72,0.94,0.45
lille,leipzig,795.35,7.45,106.76,0.94,0.9
lille,riga,1851.94,15.81,117.13,0.94,0.37
lille,diyarbakir,4326.31,34.61,125.01,0.94,2.73
lille,dortmund,385.71,3.35,115.3,0.94,0.4
lille,málaga,1993.99,9.72,205.08,0.94,92.61
lille,vilnius,1778.75,14.89,119.44,0.94,2.03
lille,essen,351.58,3.03,116.06,0.94,0.62
lille,sheffield,522.35,4.39,119.07,0.94,0.41
lille,kayseri,3777.38,31.49,119.95,0.94,0.36
lille,bremen,584.42,4.96,117.8,0.94,0.91
lille,dresden,911.53,8.28,110.07,0.94,1.12
lille,genova,1057.16,8.39,126.05,0.94,0.43
lille,københavn,1192.44,8.21,145.25,0.94,0.18
lille,manchester,561.54,4.22,133.07,0.94,0.6
lille,poznan,1113.25,8.07,138.01,0.94,1.07
lille,hannover,592.72,4.72,125.51,0.94,0.96
lille,antwerpen,136.24,1.18,115.37,0.94,1.48
lille,bradford,580.57,4.74,122.48,0.94,0.35
lille,nürnberg,724.51,4.49,161.53,0.94,1.0
lille,edinburgh,893.44,7.63,117.11,0.94,0.14
lille,duisburg,333.12,2.89,115.13,0.94,0.87
gaziantep,sevilla,5609.16,39.53,141.91,23.61,0.73
gaziantep,torino,3662.65,30.31,120.83,23.61,1.27
gaziantep,konya,1181.95,7.07,167.12,23.61,0.73
gaziantep,kraków,3300.75,28.3,116.64,23.61,0.8
gaziantep,hague,4629.7,35.82,129.24,23.61,9.47
gaziantep,bilbao,5078.94,40.39,125.73,23.61,0.31
gaziantep,leeds,4850.6,38.75,125.17,23.61,0.18
gaziantep,frankfurt am main,3789.39,31.27,121.18,23.61,1.47
gaziantep,zagreb,2860.2,24.02,119.09,23.61,1.2
gaziantep,bordeaux,4584.02,37.99,120.68,23.61,2.37
gaziantep,toulouse,4440.8,35.46,125.24,23.61,1.06
gaziantep,göteborg,4827.49,38.32,125.96,23.61,0.46
gaziantep,zürich,3666.14,31.14,117.71,23.61,0.1
gaziantep,oslo,5163.61,40.41,127.78,23.61,0.12
gaziantep,antalya,1392.97,9.16,152.09,23.61,136.87
gaziantep,zaragoza,4855.04,36.77,132.02,23.61,1.58
gaziantep,helsinki,4593.15,39.64,115.88,23.61,74.83
gaziantep,wroclaw,3395.44,28.23,120.29,23.61,0.1
gaziantep,lodz,3495.07,29.96,116.67,23.61,0.2
gaziantep,stuttgart,3665.27,30.63,119.66,23.61,0.3
gaziantep,palermo,4238.95,32.91,128.81,23.61,269.19
gaziantep,düsseldorf,4002.04,32.26,124.06,23.61,1.13
gaziantep,glasgow,5198.65,43.35,119.93,23.61,0.45
gaziantep,leipzig,3684.66,30.48,120.88,23.61,0.9
gaziantep,riga,4147.34,35.58,116.58,23.61,0.37
gaziantep,diyarbakir,470.26,3.92,120.0,23.61,2.73
gaziantep,dortmund,4024.6,33.47,120.26,23.61,0.4
gaziantep,málaga,5542.43,39.38,140.74,23.61,92.61
gaziantep,vilnius,3888.45,32.62,119.2,23.61,2.03
gaziantep,essen,4036.33,32.63,123.69,23.61,0.62
gaziantep,sheffield,4812.11,38.62,124.6,23.61,0.41
gaziantep,kayseri,637.84,5.32,120.0,23.61,0.36
gaziantep,bremen,4047.48,33.43,121.06,23.61,0.91
gaziantep,dresden,3567.5,29.62,120.43,23.61,1.12
gaziantep,genova,3650.68,30.66,119.05,23.61,0.43
gaziantep,københavn,4498.5,36.48,123.32,23.61,0.18
gaziantep,manchester,4851.3,38.45,126.16,23.61,0.6
gaziantep,poznan,3557.47,29.77,119.51,23.61,1.07
gaziantep,hannover,3929.34,32.73,120.07,23.61,0.96
gaziantep,antwerpen,4192.38,33.82,123.97,23.61,1.48
gaziantep,bradford,4870.33,38.97,124.97,23.61,0.35
gaziantep,nürnberg,3567.42,29.81,119.68,23.61,1.0
gaziantep,edinburgh,5183.2,41.86,123.82,23.61,0.14
gaziantep,duisburg,4024.79,32.41,124.18,23.61,0.87
sevilla,torino,1952.03,9.31,209.63,0.73,1.27
sevilla,konya,4846.3,34.16,141.86,0.73,0.73
sevilla,kraków,3314.5,20.25,163.65,0.73,0.8
sevilla,hague,1993.41,10.53,189.37,0.73,9.47
sevilla,bilbao,969.85,4.51,215.18,0.73,0.31
sevilla,leeds,2579.86,15.16,170.19,0.73,0.18
sevilla,frankfurt am main,2380.82,11.82,201.41,0.73,1.47
sevilla,zagreb,2748.97,15.51,177.19,0.73,1.2
sevilla,bordeaux,1280.07,6.86,186.62,0.73,2.37
sevilla,toulouse,1398.89,7.88,177.57,0.73,1.06
sevilla,göteborg,3548.03,20.31,174.68,0.73,0.46
sevilla,zürich,2149.61,10.83,198.56,0.73,0.1
sevilla,oslo,3884.15,22.4,173.41,0.73,0.12
sevilla,antalya,4764.48,35.06,135.91,0.73,136.87
sevilla,zaragoza,758.99,2.9,261.84,0.73,1.58
sevilla,helsinki,4316.92,29.48,146.42,0.73,74.83
sevilla,wroclaw,3100.61,17.22,180.1,0.73,0.1
sevilla,lodz,3321.46,19.6,169.42,0.73,0.2
sevilla,stuttgart,2331.07,11.93,195.36,0.73,0.3
sevilla,palermo,2947.84,15.66,188.22,0.73,269.19
sevilla,düsseldorf,2335.68,12.71,183.82,0.73,1.13
sevilla,glasgow,2927.91,19.76,148.21,0.73,0.45
sevilla,leipzig,2749.44,14.39,191.08,0.73,0.9
sevilla,riga,3871.11,25.42,152.26,0.73,0.37
sevilla,diyarbakir,5643.55,39.84,141.64,0.73,2.73
sevilla,dortmund,2405.95,13.31,180.77,0.73,0.4
sevilla,málaga,184.35,1.17,157.44,0.73,92.61
sevilla,vilnius,3797.92,24.5,154.99,0.73,2.03
sevilla,essen,2371.82,12.99,182.54,0.73,0.62
sevilla,sheffield,2541.37,15.03,169.12,0.73,0.41
sevilla,kayseri,5094.62,36.73,138.71,0.73,0.36
sevilla,bremen,2614.96,14.56,179.57,0.73,0.91
sevilla,dresden,2865.63,15.22,188.29,0.73,1.12
sevilla,genova,1983.84,9.77,203.01,0.73,0.43
sevilla,københavn,3219.04,18.46,174.34,0.73,0.18
sevilla,manchester,2580.56,14.86,173.66,0.73,0.6
sevilla,poznan,3111.64,17.01,182.93,0.73,1.07
sevilla,hannover,2611.89,14.34,182.2,0.73,0.96
sevilla,antwerpen,2191.22,11.43,191.78,0.73,1.48
sevilla,bradford,2599.59,15.38,169.02,0.73,0.35
sevilla,nürnberg,2498.75,13.02,191.86,0.73,1.0
sevilla,edinburgh,2912.46,18.27,159.42,0.73,0.14
sevilla,duisburg,2353.37,12.86,183.03,0.73,0.87
torino,konya,2899.78,24.95,116.24,1.27,0.73
torino,kraków,1408.52,11.34,124.17,1.27,0.8
torino,hague,1099.27,6.6,166.58,1.27,9.47
torino,bilbao,1421.81,10.18,139.73,1.27,0.31
torino,leeds,1471.31,10.46,140.68,1.27,0.18
torino,frankfurt am main,742.51,5.2,142.77,1.27,1.47
torino,zagreb,802.45,6.3,127.44,1.27,1.2
torino,bordeaux,926.88,7.77,119.33,1.27,2.37
torino,toulouse,783.66,5.24,149.56,1.27,1.06
torino,göteborg,2072.39,13.36,155.08,1.27,0.46
torino,zürich,367.9,2.84,129.42,1.27,0.1
torino,oslo,2408.52,15.45,155.89,1.27,0.12
torino,antalya,2817.96,25.84,109.06,1.27,136.87
torino,zaragoza,1197.91,6.55,182.76,1.27,1.58
torino,helsinki,2644.25,21.8,121.27,1.27,74.83
torino,wroclaw,1368.81,13.68,100.03,1.27,0.1
torino,lodz,1548.16,12.65,122.38,1.27,0.2
torino,stuttgart,649.66,5.27,123.3,1.27,0.3
torino,palermo,1125.36,7.02,160.32,1.27,269.19
torino,düsseldorf,941.54,7.21,130.52,1.27,1.13
torino,glasgow,1819.36,15.06,120.85,1.27,0.45
torino,leipzig,1058.47,7.79,135.96,1.27,0.9
torino,riga,2198.43,17.75,123.89,1.27,0.37
torino,diyarbakir,3697.04,30.63,120.71,1.27,2.73
torino,dortmund,999.0,7.54,132.46,1.27,0.4
torino,málaga,1885.29,9.16,205.8,1.27,92.61
torino,vilnius,2125.25,16.83,126.31,1.27,2.03
torino,essen,975.83,7.59,128.63,1.27,0.62
torino,sheffield,1432.82,10.33,138.74,1.27,0.41
torino,kayseri,3148.11,27.51,114.43,1.27,0.36
torino,bremen,1195.93,7.66,156.03,1.27,0.91
torino,dresden,1146.36,9.46,121.17,1.27,1.12
torino,genova,161.36,1.13,142.83,1.27,0.43
torino,københavn,1743.4,11.52,151.39,1.27,0.18
torino,manchester,1472.01,10.16,144.88,1.27,0.6
torino,poznan,1420.67,10.41,136.52,1.27,1.07
torino,hannover,1073.83,6.86,156.59,1.27,0.96
torino,antwerpen,1018.69,7.74,131.56,1.27,1.48
torino,bradford,1491.04,10.68,139.61,1.27,0.35
torino,nürnberg,754.58,5.92,127.37,1.27,1.0
torino,edinburgh,1803.91,13.57,132.94,1.27,0.14
torino,duisburg,964.29,7.37,130.91,1.27,0.87
konya,kraków,2537.53,22.9,110.8,0.73,0.8
konya,hague,3866.47,30.43,127.08,0.73,9.47
konya,bilbao,4315.72,35.0,123.32,0.73,0.31
konya,leeds,4087.37,33.35,122.55,0.73,0.18
konya,frankfurt am main,3026.16,25.87,116.96,0.73,1.47
konya,zagreb,2096.98,18.62,112.62,0.73,1.2
konya,bordeaux,3820.79,32.59,117.24,0.73,2.37
konya,toulouse,3677.57,30.06,122.33,0.73,1.06
konya,göteborg,4064.26,32.93,123.43,0.73,0.46
konya,zürich,2902.92,25.75,112.74,0.73,0.1
konya,oslo,4400.39,35.01,125.67,0.73,0.12
konya,antalya,629.75,3.76,167.42,0.73,136.87
konya,zaragoza,4091.82,31.38,130.41,0.73,1.58
konya,helsinki,3829.93,34.24,111.86,0.73,74.83
konya,wroclaw,2632.21,22.83,115.3,0.73,0.1
konya,lodz,2731.84,24.56,111.23,0.73,0.2
konya,stuttgart,2902.04,25.23,115.0,0.73,0.3
konya,palermo,3475.72,27.51,126.34,0.73,269.19
konya,düsseldorf,3238.82,26.86,120.57,0.73,1.13
konya,glasgow,4435.43,37.95,116.88,0.73,0.45
konya,leipzig,2921.43,25.08,116.47,0.73,0.9
konya,riga,3384.11,30.18,112.14,0.73,0.37
konya,diyarbakir,1215.98,7.36,165.31,0.73,2.73
konya,dortmund,3261.37,28.07,116.2,0.73,0.4
konya,málaga,4779.2,33.98,140.64,0.73,92.61
konya,vilnius,3125.23,27.22,114.8,0.73,2.03
konya,essen,3273.11,27.23,120.18,0.73,0.62
konya,sheffield,4048.88,33.22,121.87,0.73,0.41
konya,kayseri,667.05,4.24,157.31,0.73,0.36
konya,bremen,3284.25,28.04,117.14,0.73,0.91
konya,dresden,2804.27,24.23,115.75,0.73,1.12
konya,genova,2887.45,25.27,114.27,0.73,0.43
konya,københavn,3735.27,31.08,120.18,0.73,0.18
konya,manchester,4088.07,33.05,123.67,0.73,0.6
konya,poznan,2794.24,24.37,114.66,0.73,1.07
konya,hannover,3166.11,27.33,115.85,0.73,0.96
konya,antwerpen,3429.16,28.42,120.65,0.73,1.48
konya,bradford,4107.1,33.57,122.33,0.73,0.35
konya,nürnberg,2804.19,24.41,114.88,0.73,1.0
konya,edinburgh,4419.97,36.46,121.21,0.73,0.14
konya,duisburg,3261.56,27.01,120.74,0.73,0.87
kraków,hague,1914.27,15.56,123.02,0.8,9.47
kraków,bilbao,2617.04,16.65,157.21,0.8,0.31
kraków,leeds,1957.0,17.2,113.76,0.8,0.18
kraków,frankfurt am main,977.85,7.61,128.47,0.8,1.47
kraków,zagreb,759.11,7.59,100.03,0.8,1.2
kraków,bordeaux,2097.5,12.72,164.86,0.8,2.37
kraków,toulouse,2138.47,16.1,132.84,0.8,1.06
kraków,göteborg,1692.0,11.88,142.42,0.8,0.46
kraków,zürich,1166.69,9.43,123.66,0.8,0.1
kraków,oslo,2028.12,13.97,145.21,0.8,0.12
kraków,antalya,2456.06,23.82,103.09,0.8,136.87
kraków,zaragoza,2552.71,17.41,146.59,0.8,1.58
kraków,helsinki,1489.17,12.89,115.54,0.8,74.83
kraków,wroclaw,256.36,2.16,118.66,0.8,0.1
kraków,lodz,263.77,2.04,129.54,0.8,0.2
kraków,stuttgart,1013.54,9.77,103.76,0.8,0.3
kraków,palermo,1986.38,14.04,141.45,0.8,269.19
kraków,düsseldorf,1078.72,9.89,109.02,0.8,1.13
kraków,glasgow,2305.05,21.8,105.74,0.8,0.45
kraków,leipzig,610.96,5.03,121.35,0.8,0.9
kraków,riga,1043.35,8.83,118.17,0.8,0.37
kraków,diyarbakir,3335.14,28.61,116.57,0.8,2.73
kraków,dortmund,1017.51,9.37,108.64,0.8,0.4
kraków,málaga,3240.1,20.02,161.85,0.8,92.61
kraków,vilnius,791.83,6.52,121.39,0.8,2.03
kraków,essen,1049.28,9.75,107.58,0.8,0.62
kraków,sheffield,1918.51,17.07,112.38,0.8,0.41
kraków,kayseri,2786.21,25.5,109.28,0.8,0.36
kraków,bremen,925.94,7.88,117.58,0.8,0.91
kraków,dresden,522.89,4.44,117.8,0.8,1.12
kraków,genova,1396.54,11.69,119.42,0.8,0.43
kraków,københavn,1363.01,10.03,135.86,0.8,0.18
kraków,manchester,1957.7,16.91,115.8,0.8,0.6
kraków,poznan,397.28,4.01,99.03,0.8,1.07
kraków,hannover,827.52,7.0,118.22,0.8,0.96
kraków,antwerpen,1267.83,11.63,109.05,0.8,1.48
kraków,bradford,1976.73,17.43,113.44,0.8,0.35
kraków,nürnberg,822.95,8.32,98.96,0.8,1.0
kraków,edinburgh,2289.6,20.31,112.71,0.8,0.14
kraków,duisburg,1067.46,9.87,108.18,0.8,0.87
hague,bilbao,1232.87,7.6,162.29,9.47,0.31
hague,leeds,1016.28,7.9,128.67,9.47,0.18
hague,frankfurt am main,949.81,5.55,171.28,9.47,1.47
hague,zagreb,1769.5,11.8,149.91,9.47,1.2
hague,bordeaux,713.34,3.67,194.21,9.47,2.37
hague,toulouse,945.83,6.94,136.32,9.47,1.06
hague,göteborg,2042.08,13.15,155.27,9.47,0.46
hague,zürich,984.91,6.71,146.73,9.47,0.1
hague,oslo,2378.2,15.24,156.07,9.47,0.12
hague,antalya,3785.01,31.35,120.75,9.47,136.87
hague,zaragoza,1282.08,7.91,162.07,9.47,1.58
hague,helsinki,2812.05,22.68,124.01,9.47,74.83
hague,wroclaw,1657.94,13.4,123.74,9.47,0.1
hague,lodz,1866.99,13.72,136.13,9.47,0.2
hague,stuttgart,971.29,5.24,185.53,9.47,0.3
hague,palermo,2191.59,12.5,175.35,9.47,269.19
hague,düsseldorf,841.42,6.09,138.1,9.47,1.13
hague,glasgow,1364.34,12.5,109.19,9.47,0.45
hague,leipzig,1309.65,10.25,127.72,9.47,0.9
hague,riga,2366.24,18.62,127.11,9.47,0.37
hague,diyarbakir,4664.08,36.13,129.08,9.47,2.73
hague,dortmund,900.0,6.15,146.34,9.47,0.4
hague,málaga,1926.68,10.38,185.53,9.47,92.61
hague,vilnius,2293.05,17.7,129.57,9.47,2.03
hague,essen,865.88,5.83,148.42,9.47,0.62
hague,sheffield,977.79,7.77,125.89,9.47,0.41
hague,kayseri,4115.15,33.02,124.63,9.47,0.36
hague,bremen,1109.01,7.4,149.82,9.47,0.91
hague,dresden,1425.82,11.09,128.61,9.47,1.12
hague,genova,1254.76,7.62,164.68,9.47,0.43
hague,københavn,1713.09,11.3,151.54,9.47,0.18
hague,manchester,1016.98,7.6,133.81,9.47,0.6
hague,poznan,1627.54,10.87,149.71,9.47,1.07
hague,hannover,1107.02,7.53,147.07,9.47,0.96
hague,antwerpen,662.53,4.76,139.2,9.47,1.48
hague,bradford,1036.01,8.12,127.59,9.47,0.35
hague,nürnberg,1133.89,6.82,166.26,9.47,1.0
hague,edinburgh,1348.88,11.01,122.52,9.47,0.14
hague,duisburg,847.42,5.7,148.72,9.47,0.87
bilbao,leeds,1819.32,12.22,148.84,0.31,0.18
bilbao,frankfurt am main,1640.91,9.09,180.59,0.31,1.47
bilbao,zagreb,2218.76,16.38,135.44,0.31,1.2
bilbao,bordeaux,519.53,3.92,132.4,0.31,2.37
bilbao,toulouse,638.35,4.94,129.16,0.31,1.06
bilbao,göteborg,2787.49,17.38,160.42,0.31,0.46
bilbao,zürich,1548.82,11.43,135.56,0.31,0.1
bilbao,oslo,3123.62,19.46,160.49,0.31,0.12
bilbao,antalya,4234.27,35.92,117.87,0.31,136.87
bilbao,zaragoza,340.43,2.55,133.37,0.31,1.58
bilbao,helsinki,3556.39,26.55,133.96,0.31,74.83
bilbao,wroclaw,2360.69,14.48,163.01,0.31,0.1
bilbao,lodz,2581.54,16.87,153.02,0.31,0.2
bilbao,stuttgart,1662.39,8.78,189.42,0.31,0.3
bilbao,palermo,2417.63,16.53,146.27,0.31,269.19
bilbao,düsseldorf,1575.15,9.77,161.21,0.31,1.13
bilbao,glasgow,2167.38,16.82,128.86,0.31,0.45
bilbao,leipzig,2009.53,11.66,172.42,0.31,0.9
bilbao,riga,3110.57,22.49,138.32,0.31,0.37
bilbao,diyarbakir,5113.34,40.71,125.6,0.31,2.73
bilbao,dortmund,1645.41,10.37,158.61,0.31,0.4
bilbao,málaga,903.12,4.36,207.15,0.31,92.61
bilbao,vilnius,3037.38,21.57,140.82,0.31,2.03
bilbao,essen,1611.29,10.06,160.2,0.31,0.62
bilbao,sheffield,1780.83,12.09,147.28,0.31,0.41
bilbao,kayseri,4564.41,37.6,121.41,0.31,0.36
bilbao,bremen,1854.42,11.63,159.5,0.31,0.91
bilbao,dresden,2125.72,12.49,170.26,0.31,1.12
bilbao,genova,1453.63,10.64,136.63,0.31,0.43
bilbao,københavn,2458.5,15.53,158.32,0.31,0.18
bilbao,manchester,1820.02,11.92,152.63,0.31,0.6
bilbao,poznan,2371.73,14.28,166.14,0.31,1.07
bilbao,hannover,1851.35,11.4,162.4,0.31,0.96
bilbao,antwerpen,1430.68,8.49,168.51,0.31,1.48
bilbao,bradford,1839.05,12.44,147.78,0.31,0.35
bilbao,nürnberg,1824.99,10.36,176.14,0.31,1.0
bilbao,edinburgh,2151.92,15.33,140.34,0.31,0.14
bilbao,duisburg,1592.83,9.92,160.53,0.31,0.87
leeds,frankfurt am main,1063.48,7.62,139.61,0.18,1.47
leeds,zagreb,1993.22,15.3,130.3,0.18,1.2
leeds,bordeaux,1299.88,8.38,155.16,0.18,2.37
leeds,toulouse,1465.11,11.59,126.43,0.18,1.06
leeds,göteborg,2078.45,14.61,142.23,0.18,0.46
leeds,zürich,1276.46,9.76,130.76,0.18,0.1
leeds,oslo,2414.58,16.7,144.58,0.18,0.12
leeds,antalya,4005.91,34.37,116.57,0.18,136.87
leeds,zaragoza,1868.62,12.62,148.12,0.18,1.58
leeds,helsinki,2854.77,24.43,116.87,0.18,74.83
leeds,wroclaw,1700.66,15.15,112.25,0.18,0.1
leeds,lodz,1909.71,15.47,123.47,0.18,0.2
leeds,stuttgart,1196.44,9.87,121.21,0.18,0.3
leeds,palermo,2540.88,16.09,157.96,0.18,269.19
leeds,düsseldorf,889.65,7.46,119.32,0.18,1.13
leeds,glasgow,350.03,4.64,75.43,0.18,0.45
leeds,leipzig,1352.37,12.01,112.64,0.18,0.9
leeds,riga,2408.96,20.37,118.27,0.18,0.37
leeds,diyarbakir,4884.98,39.15,124.77,0.18,2.73
leeds,dortmund,942.73,7.9,119.3,0.18,0.4
leeds,málaga,2513.22,15.09,166.55,0.18,92.61
leeds,vilnius,2335.77,19.45,120.1,0.18,2.03
leeds,essen,908.6,7.59,119.77,0.18,0.62
leeds,sheffield,60.2,0.88,68.45,0.18,0.41
leeds,kayseri,4336.05,36.04,120.32,0.18,0.36
leeds,bremen,1141.43,9.52,119.93,0.18,0.91
leeds,dresden,1468.55,12.84,114.39,0.18,1.12
leeds,genova,1615.84,12.93,124.95,0.18,0.43
leeds,københavn,1749.46,12.77,137.04,0.18,0.18
leeds,manchester,68.33,1.05,64.89,0.18,0.6
leeds,poznan,1670.27,12.62,132.32,0.18,1.07
leeds,hannover,1149.74,9.28,123.91,0.18,0.96
leeds,antwerpen,693.26,5.74,120.83,0.18,1.48
leeds,bradford,21.71,0.27,81.71,0.18,0.35
leeds,nürnberg,1283.18,9.03,142.07,0.18,1.0
leeds,edinburgh,344.13,4.57,75.22,0.18,0.14
leeds,duisburg,890.14,7.45,119.48,0.18,0.87
frankfurt am main,zagreb,932.01,7.73,120.62,1.47,1.2
frankfurt am main,bordeaux,1121.38,5.17,217.01,1.47,2.37
frankfurt am main,toulouse,1204.6,9.46,127.32,1.47,1.06
frankfurt am main,göteborg,1331.6,8.21,162.12,1.47,0.46
frankfurt am main,zürich,411.39,2.89,142.11,1.47,0.1
frankfurt am main,oslo,1667.73,10.3,161.91,1.47,0.12
frankfurt am main,antalya,2944.7,26.8,109.89,1.47,136.87
frankfurt am main,zaragoza,1626.71,9.08,179.2,1.47,1.58
frankfurt am main,helsinki,1956.12,16.64,117.56,1.47,74.83
frankfurt am main,wroclaw,721.5,5.45,132.47,1.47,0.1
frankfurt am main,lodz,942.35,7.83,120.28,1.47,0.2
frankfurt am main,stuttgart,178.96,1.13,157.78,1.47,0.3
frankfurt am main,palermo,1675.81,9.22,181.79,1.47,269.19
frankfurt am main,düsseldorf,214.92,1.04,207.41,1.47,1.13
frankfurt am main,glasgow,1411.53,12.12,116.42,1.47,0.45
frankfurt am main,leipzig,370.34,2.62,141.38,1.47,0.9
frankfurt am main,riga,1510.3,12.58,120.06,1.47,0.37
frankfurt am main,diyarbakir,3823.77,31.58,121.07,1.47,2.73
frankfurt am main,dortmund,262.34,2.46,106.73,1.47,0.4
frankfurt am main,málaga,2314.09,11.68,198.06,1.47,92.61
frankfurt am main,vilnius,1437.12,11.66,123.25,1.47,2.03
frankfurt am main,essen,249.21,1.41,176.91,1.47,0.62
frankfurt am main,sheffield,1024.99,7.4,138.58,1.47,0.41
frankfurt am main,kayseri,3274.84,28.47,115.04,1.47,0.36
frankfurt am main,bremen,455.15,2.51,180.99,1.47,0.91
frankfurt am main,dresden,486.53,3.45,141.03,1.47,1.12
frankfurt am main,genova,781.54,5.61,139.25,1.47,0.43
frankfurt am main,københavn,1002.61,6.37,157.49,1.47,0.18
frankfurt am main,manchester,1064.18,7.23,147.2,1.47,0.6
frankfurt am main,poznan,732.54,5.24,139.79,1.47,1.07
frankfurt am main,hannover,333.04,1.71,195.03,1.47,0.96
frankfurt am main,antwerpen,405.26,2.6,156.11,1.47,1.48
frankfurt am main,bradford,1083.21,7.75,139.78,1.47,0.35
frankfurt am main,nürnberg,221.97,1.46,151.82,1.47,1.0
frankfurt am main,edinburgh,1396.08,10.64,131.22,1.47,0.14
frankfurt am main,duisburg,237.66,1.19,200.04,1.47,0.87
zagreb,bordeaux,1723.82,13.97,123.4,1.2,2.37
zagreb,toulouse,1580.6,11.44,138.14,1.2,1.06
zagreb,göteborg,2120.4,16.05,132.14,1.2,0.46
zagreb,zürich,805.94,7.13,113.06,1.2,0.1
zagreb,oslo,2456.52,18.13,135.47,1.2,0.12
zagreb,antalya,2015.51,19.54,103.14,1.2,136.87
zagreb,zaragoza,1994.84,12.76,156.37,1.2,1.58
zagreb,helsinki,2194.71,21.45,102.31,1.2,74.83
zagreb,wroclaw,804.21,8.62,93.32,1.2,0.1
zagreb,lodz,926.53,9.4,98.62,1.2,0.2
zagreb,stuttgart,805.07,6.61,121.71,1.2,0.3
zagreb,palermo,1378.75,8.89,155.05,1.2,269.19
zagreb,düsseldorf,1144.66,8.72,131.34,1.2,1.13
zagreb,glasgow,2341.27,19.8,118.22,1.2,0.45
zagreb,leipzig,942.71,8.68,108.6,1.2,0.9
zagreb,riga,1748.9,17.39,100.56,1.2,0.37
zagreb,diyarbakir,2894.59,24.33,118.97,1.2,2.73
zagreb,dortmund,1167.21,9.92,117.64,1.2,0.4
zagreb,málaga,2682.22,15.36,174.59,1.2,92.61
zagreb,vilnius,1515.01,13.5,112.19,1.2,2.03
zagreb,essen,1178.95,9.09,129.73,1.2,0.62
zagreb,sheffield,1954.73,15.08,129.66,1.2,0.41
zagreb,kayseri,2345.66,21.21,110.57,1.2,0.36
zagreb,bremen,1254.7,9.56,131.2,1.2,0.91
zagreb,dresden,900.25,7.88,114.21,1.2,1.12
zagreb,genova,790.47,6.65,118.9,1.2,0.43
zagreb,københavn,1791.41,14.2,126.16,1.2,0.18
zagreb,manchester,1993.92,14.91,133.74,1.2,0.6
zagreb,poznan,968.92,9.7,99.87,1.2,1.07
zagreb,hannover,1132.59,8.76,129.35,1.2,0.96
zagreb,antwerpen,1335.0,10.28,129.92,1.2,1.48
zagreb,bradford,2012.95,15.43,130.47,1.2,0.35
zagreb,nürnberg,710.04,6.26,113.36,1.2,1.0
zagreb,edinburgh,2325.82,18.32,126.97,1.2,0.14
zagreb,duisburg,1167.41,8.87,131.65,1.2,0.87
bordeaux,toulouse,257.53,1.64,156.77,2.37,1.06
bordeaux,göteborg,2267.96,13.45,168.59,2.37,0.46
bordeaux,zürich,1029.3,7.49,137.34,2.37,0.1
bordeaux,oslo,2604.08,15.54,167.58,2.37,0.12
bordeaux,antalya,3739.33,33.51,111.58,2.37,136.87
bordeaux,zaragoza,568.74,4.24,134.22,2.37,1.58
bordeaux,helsinki,3036.85,22.62,134.23,2.37,74.83
bordeaux,wroclaw,1841.16,10.56,174.38,2.37,0.1
bordeaux,lodz,2062.01,12.95,159.27,2.37,0.2
bordeaux,stuttgart,1142.86,4.85,235.53,2.37,0.3
bordeaux,palermo,2037.01,13.24,153.81,2.37,269.19
bordeaux,düsseldorf,1055.61,5.85,180.53,2.37,1.13
bordeaux,glasgow,1647.84,12.9,127.78,2.37,0.45
bordeaux,leipzig,1489.99,7.73,192.73,2.37,0.9
bordeaux,riga,2591.04,18.56,139.57,2.37,0.37
bordeaux,diyarbakir,4618.41,38.3,120.58,2.37,2.73
bordeaux,dortmund,1125.88,6.45,174.55,2.37,0.4
bordeaux,málaga,1213.34,6.71,180.77,2.37,92.61
bordeaux,vilnius,2517.85,17.65,142.69,2.37,2.03
bordeaux,essen,1091.75,6.13,177.98,2.37,0.62
bordeaux,sheffield,1261.3,8.17,154.43,2.37,0.41
bordeaux,kayseri,4069.48,35.18,115.66,2.37,0.36
bordeaux,bremen,1334.88,7.7,173.3,2.37,0.91
bordeaux,dresden,1606.18,8.56,187.6,2.37,1.12
bordeaux,genova,1073.01,7.35,145.91,2.37,0.43
bordeaux,københavn,1938.97,11.6,167.08,2.37,0.18
bordeaux,manchester,1300.49,8.0,162.54,2.37,0.6
bordeaux,poznan,1852.2,10.35,178.92,2.37,1.07
bordeaux,hannover,1331.82,7.48,178.15,2.37,0.96
bordeaux,antwerpen,911.15,4.57,199.54,2.37,1.48
bordeaux,bradford,1319.52,8.52,154.86,2.37,0.35
bordeaux,nürnberg,1305.46,6.44,202.81,2.37,1.0
bordeaux,edinburgh,1632.39,11.41,143.06,2.37,0.14
bordeaux,duisburg,1073.3,6.0,178.93,2.37,0.87
toulouse,göteborg,2433.19,16.66,146.01,1.06,0.46
toulouse,zürich,981.26,6.76,145.21,1.06,0.1
toulouse,oslo,2769.31,18.75,147.69,1.06,0.12
toulouse,antalya,3596.12,30.99,116.05,1.06,136.87
toulouse,zaragoza,687.56,5.26,130.81,1.06,1.58
toulouse,helsinki,3158.99,26.05,121.25,1.06,74.83
toulouse,wroclaw,1924.37,14.86,129.5,1.06,0.1
toulouse,lodz,2145.22,17.25,124.37,1.06,0.2
toulouse,stuttgart,1154.83,9.58,120.59,1.06,0.3
toulouse,palermo,1779.48,11.59,153.49,1.06,269.19
toulouse,düsseldorf,1220.84,9.06,134.76,1.06,1.13
toulouse,glasgow,1813.07,16.11,112.56,1.06,0.45
toulouse,leipzig,1573.2,12.03,130.74,1.06,0.9
toulouse,riga,2713.17,21.99,123.36,1.06,0.37
toulouse,diyarbakir,4475.2,35.78,125.09,1.06,2.73
toulouse,dortmund,1291.11,9.66,133.62,1.06,0.4
toulouse,málaga,1332.16,7.73,172.32,1.06,92.61
toulouse,vilnius,2639.98,21.07,125.27,1.06,2.03
toulouse,essen,1256.98,9.35,134.49,1.06,0.62
toulouse,sheffield,1426.53,11.38,125.35,1.06,0.41
toulouse,kayseri,3926.27,32.66,120.22,1.06,0.36
toulouse,bremen,1500.11,10.92,137.43,1.06,0.91
toulouse,dresden,1689.39,12.86,131.33,1.06,1.12
toulouse,genova,815.49,5.7,142.98,1.06,0.43
toulouse,københavn,2104.2,14.82,142.01,1.06,0.18
toulouse,manchester,1465.72,11.21,130.71,1.06,0.6
toulouse,poznan,1935.41,14.65,132.07,1.06,1.07
toulouse,hannover,1497.04,10.69,140.06,1.06,0.96
toulouse,antwerpen,1076.37,7.78,138.38,1.06,1.48
toulouse,bradford,1484.75,11.73,126.54,1.06,0.35
toulouse,nürnberg,1322.51,10.67,123.97,1.06,1.0
toulouse,edinburgh,1797.62,14.62,122.93,1.06,0.14
toulouse,duisburg,1238.53,9.21,134.46,1.06,0.87
göteborg,zürich,1741.27,11.08,157.17,0.46,0.1
göteborg,oslo,337.68,2.11,160.38,0.46,0.12
göteborg,antalya,3982.8,33.88,117.57,0.46,136.87
göteborg,zaragoza,2836.79,17.72,160.07,0.46,1.58
göteborg,helsinki,2459.08,21.18,116.1,0.46,74.83
göteborg,wroclaw,1435.65,9.74,147.38,0.46,0.1
göteborg,lodz,1570.68,10.97,143.22,0.46,0.2
göteborg,stuttgart,1503.71,9.74,154.37,0.46,0.3
göteborg,palermo,2918.86,17.91,162.98,0.46,269.19
göteborg,düsseldorf,1219.61,7.65,159.39,0.46,1.13
göteborg,glasgow,2426.51,19.14,126.8,0.46,0.45
göteborg,leipzig,1197.18,8.11,147.58,0.46,0.9
göteborg,riga,2013.27,17.12,117.59,0.46,0.37
göteborg,diyarbakir,4861.87,38.66,125.75,0.46,2.73
göteborg,dortmund,1159.84,7.69,150.88,0.46,0.4
göteborg,málaga,3481.39,20.2,172.38,0.46,92.61
göteborg,vilnius,1940.08,16.2,119.74,0.46,2.03
göteborg,essen,1187.16,7.37,161.07,0.46,0.62
göteborg,sheffield,2039.97,14.41,141.58,0.46,0.41
göteborg,kayseri,4312.94,35.55,121.33,0.46,0.36
göteborg,bremen,948.91,5.87,161.76,0.46,0.91
göteborg,dresden,1286.1,8.63,148.94,0.46,1.12
göteborg,genova,2111.42,13.8,153.04,0.46,0.43
göteborg,københavn,336.16,1.96,171.53,0.46,0.18
göteborg,manchester,2079.15,14.24,145.99,0.46,0.6
göteborg,poznan,1321.48,9.19,143.76,0.46,1.07
göteborg,hannover,998.56,6.53,152.91,0.46,0.96
göteborg,antwerpen,1385.19,8.91,155.49,0.46,1.48
göteborg,bradford,2098.19,14.76,142.13,0.46,0.35
göteborg,nürnberg,1410.36,9.81,143.8,0.46,1.0
göteborg,edinburgh,2411.05,17.65,136.59,0.46,0.14
göteborg,duisburg,1195.31,7.48,159.82,0.46,0.87
zürich,oslo,2077.39,13.14,158.16,0.1,0.12
zürich,antalya,2821.45,26.67,105.79,0.1,136.87
zürich,zaragoza,1387.83,7.99,173.65,0.1,1.58
zürich,helsinki,2307.77,19.02,121.32,0.1,74.83
zürich,wroclaw,1032.33,10.9,94.69,0.1,0.1
zürich,lodz,1281.18,11.33,113.06,0.1,0.2
zürich,stuttgart,292.28,2.53,115.38,0.1,0.3
zürich,palermo,1293.97,6.76,191.41,0.1,269.19
zürich,düsseldorf,610.42,4.9,124.6,0.1,1.13
zürich,glasgow,1624.52,14.27,113.84,0.1,0.45
zürich,leipzig,721.99,5.0,144.32,0.1,0.9
zürich,riga,1861.96,14.96,124.44,0.1,0.37
zürich,diyarbakir,3700.53,31.46,117.63,0.1,2.73
zürich,dortmund,667.87,5.23,127.78,0.1,0.4
zürich,málaga,2075.21,10.6,195.81,0.1,92.61
zürich,vilnius,1788.77,14.04,127.37,0.1,2.03
zürich,essen,644.71,5.27,122.3,0.1,0.62
zürich,sheffield,1237.97,9.54,129.74,0.1,0.41
zürich,kayseri,3151.6,28.34,111.2,0.1,0.36
zürich,bremen,864.81,5.35,161.66,0.1,0.91
zürich,dresden,809.89,6.68,121.27,0.1,1.12
zürich,genova,399.8,2.96,135.26,0.1,0.43
zürich,københavn,1412.28,9.2,153.49,0.1,0.18
zürich,manchester,1277.16,9.37,136.23,0.1,0.6
zürich,poznan,1084.19,7.62,142.22,0.1,1.07
zürich,hannover,742.71,4.54,163.5,0.1,0.96
zürich,antwerpen,700.54,4.82,145.45,0.1,1.48
zürich,bradford,1296.19,9.89,131.0,0.1,0.35
zürich,nürnberg,418.1,3.14,133.08,0.1,1.0
zürich,edinburgh,1609.06,12.78,125.86,0.1,0.14
zürich,duisburg,633.16,5.05,125.36,0.1,0.87
oslo,antalya,4318.92,35.96,120.09,0.12,136.87
oslo,zaragoza,3172.92,19.81,160.18,0.12,1.58
oslo,helsinki,2795.21,23.27,120.14,0.12,74.83
oslo,wroclaw,1771.78,11.83,149.8,0.12,0.1
oslo,lodz,1906.81,13.05,146.08,0.12,0.2
oslo,stuttgart,1839.84,11.83,155.56,0.12,0.3
oslo,palermo,3254.98,20.0,162.78,0.12,269.19
oslo,düsseldorf,1555.73,9.74,159.75,0.12,1.13
oslo,glasgow,2762.63,21.22,130.17,0.12,0.45
oslo,leipzig,1533.31,10.2,150.35,0.12,0.9
oslo,riga,2349.39,19.21,122.32,0.12,0.37
oslo,diyarbakir,5198.0,40.75,127.56,0.12,2.73
oslo,dortmund,1495.96,9.77,153.06,0.12,0.4
oslo,málaga,3817.52,22.28,171.32,0.12,92.61
oslo,vilnius,2276.2,18.29,124.46,0.12,2.03
oslo,essen,1523.29,9.46,161.07,0.12,0.62
oslo,sheffield,2376.09,16.5,144.05,0.12,0.41
oslo,kayseri,4649.07,37.63,123.53,0.12,0.36
oslo,bremen,1285.04,7.95,161.59,0.12,0.91
oslo,dresden,1622.23,10.72,151.31,0.12,1.12
oslo,genova,2447.55,15.88,154.1,0.12,0.43
oslo,københavn,672.28,4.05,166.15,0.12,0.18
oslo,manchester,2415.28,16.33,147.92,0.12,0.6
oslo,poznan,1657.6,11.28,146.97,0.12,1.07
oslo,hannover,1334.69,8.62,154.89,0.12,0.96
oslo,antwerpen,1721.32,11.0,156.55,0.12,1.48
oslo,bradford,2434.31,16.85,144.48,0.12,0.35
oslo,nürnberg,1746.49,11.89,146.83,0.12,1.0
oslo,edinburgh,2747.18,19.74,139.18,0.12,0.14
oslo,duisburg,1531.43,9.57,160.1,0.12,0.87
antalya,zaragoza,4010.0,32.27,124.28,136.87,1.58
antalya,helsinki,3748.11,35.13,106.7,136.87,74.83
antalya,wroclaw,2550.39,23.72,107.53,136.87,0.1
antalya,lodz,2650.02,25.45,104.14,136.87,0.2
antalya,stuttgart,2820.22,26.12,107.96,136.87,0.3
antalya,palermo,3393.9,28.4,119.5,136.87,269.19
antalya,düsseldorf,3157.0,27.75,113.76,136.87,1.13
antalya,glasgow,4353.61,38.84,112.09,136.87,0.45
antalya,leipzig,2839.61,25.97,109.33,136.87,0.9
antalya,riga,3302.29,31.07,106.29,136.87,0.37
antalya,diyarbakir,1427.01,9.44,151.13,136.87,2.73
antalya,dortmund,3179.55,28.96,109.8,136.87,0.4
antalya,málaga,4697.38,34.87,134.71,136.87,92.61
antalya,vilnius,3043.41,28.11,108.26,136.87,2.03
antalya,essen,3191.29,28.12,113.48,136.87,0.62
antalya,sheffield,3967.07,34.11,116.3,136.87,0.41
antalya,kayseri,878.08,6.33,138.79,136.87,0.36
antalya,bremen,3202.43,28.93,110.71,136.87,0.91
antalya,dresden,2722.45,25.12,108.4,136.87,1.12
antalya,genova,2805.63,26.16,107.26,136.87,0.43
antalya,københavn,3653.46,31.97,114.28,136.87,0.18
antalya,manchester,4006.26,33.94,118.03,136.87,0.6
antalya,poznan,2712.43,25.26,107.38,136.87,1.07
antalya,hannover,3084.3,28.22,109.3,136.87,0.96
antalya,antwerpen,3347.34,29.31,114.2,136.87,1.48
antalya,bradford,4025.29,34.46,116.8,136.87,0.35
antalya,nürnberg,2722.37,25.3,107.61,136.87,1.0
antalya,edinburgh,4338.16,37.35,116.14,136.87,0.14
antalya,duisburg,3179.74,27.9,113.96,136.87,0.87
zaragoza,helsinki,3581.11,25.65,139.59,1.58,74.83
zaragoza,wroclaw,2346.49,14.46,162.25,1.58,0.1
zaragoza,lodz,2567.34,16.85,152.35,1.58,0.2
zaragoza,stuttgart,1576.95,9.18,171.81,1.58,0.3
zaragoza,palermo,2193.73,12.91,169.95,1.58,269.19
zaragoza,düsseldorf,1624.35,10.08,161.07,1.58,1.13
zaragoza,glasgow,2216.58,17.13,129.37,1.58,0.45
zaragoza,leipzig,1995.33,11.64,171.48,1.58,0.9
zaragoza,riga,3135.3,21.6,145.18,1.58,0.37
zaragoza,diyarbakir,4889.44,37.09,131.83,1.58,2.73
zaragoza,dortmund,1694.62,10.69,158.56,1.58,0.4
zaragoza,málaga,692.26,2.75,251.62,1.58,92.61
zaragoza,vilnius,3062.11,20.68,148.1,1.58,2.03
zaragoza,essen,1660.49,10.37,160.1,1.58,0.62
zaragoza,sheffield,1830.04,12.41,147.52,1.58,0.41
zaragoza,kayseri,4340.51,33.97,127.76,1.58,0.36
zaragoza,bremen,1903.63,11.94,159.43,1.58,0.91
zaragoza,dresden,2111.52,12.47,169.38,1.58,1.12
zaragoza,genova,1229.73,7.02,175.22,1.58,0.43
zaragoza,københavn,2507.71,15.84,158.29,1.58,0.18
zaragoza,manchester,1869.23,12.24,152.74,1.58,0.6
zaragoza,poznan,2357.53,14.26,165.37,1.58,1.07
zaragoza,hannover,1900.56,11.71,162.26,1.58,0.96
zaragoza,antwerpen,1479.89,8.8,168.1,1.58,1.48
zaragoza,bradford,1888.26,12.76,148.0,1.58,0.35
zaragoza,nürnberg,1744.63,10.27,169.87,1.58,1.0
zaragoza,edinburgh,2201.13,15.65,140.67,1.58,0.14
zaragoza,duisburg,1642.04,10.24,160.42,1.58,0.87
helsinki,wroclaw,1418.11,13.16,107.79,74.83,0.1
helsinki,lodz,1320.71,12.18,108.44,74.83,0.2
helsinki,stuttgart,2079.69,17.31,120.12,74.83,0.3
helsinki,palermo,3394.21,27.4,123.85,74.83,269.19
helsinki,düsseldorf,1982.77,17.24,115.03,74.83,1.13
helsinki,glasgow,3202.83,28.91,110.78,74.83,0.45
helsinki,leipzig,1617.2,14.61,110.69,74.83,0.9
helsinki,riga,445.81,4.06,109.8,74.83,0.37
helsinki,diyarbakir,4627.54,39.95,115.84,74.83,2.73
helsinki,dortmund,1912.05,16.53,115.71,74.83,0.4
helsinki,málaga,4250.28,29.34,144.85,74.83,92.61
helsinki,vilnius,755.93,8.22,91.93,74.83,2.03
helsinki,essen,1947.05,16.87,115.45,74.83,0.62
helsinki,sheffield,2816.29,24.18,116.46,74.83,0.41
helsinki,kayseri,4078.61,36.83,110.74,74.83,0.36
helsinki,bremen,1787.86,16.49,108.39,74.83,0.91
helsinki,dresden,1609.91,14.68,109.66,74.83,1.12
helsinki,genova,2676.15,21.92,122.1,74.83,0.43
helsinki,københavn,2130.09,19.31,110.33,74.83,0.18
helsinki,manchester,2855.48,24.02,118.9,74.83,0.6
helsinki,poznan,1277.42,11.77,108.53,74.83,1.07
helsinki,hannover,1709.0,15.25,112.09,74.83,0.96
helsinki,antwerpen,2165.6,18.74,115.58,74.83,1.48
helsinki,bradford,2874.51,24.54,117.15,74.83,0.35
helsinki,nürnberg,1892.71,15.86,119.37,74.83,1.0
helsinki,edinburgh,3187.38,27.43,116.22,74.83,0.14
helsinki,duisburg,1965.23,16.98,115.75,74.83,0.87
wroclaw,lodz,252.74,2.26,111.71,0.1,0.2
wroclaw,stuttgart,807.46,7.48,108.0,0.1,0.3
wroclaw,palermo,2003.72,14.57,137.49,0.1,269.19
wroclaw,düsseldorf,822.37,7.73,106.39,0.1,1.13
wroclaw,glasgow,2048.71,19.64,104.34,0.1,0.45
wroclaw,leipzig,354.62,2.87,123.57,0.1,0.9
wroclaw,riga,972.3,9.1,106.86,0.1,0.37
wroclaw,diyarbakir,3429.82,28.54,120.18,0.1,2.73
wroclaw,dortmund,761.17,7.2,105.7,0.1,0.4
wroclaw,málaga,3033.87,17.07,177.68,0.1,92.61
wroclaw,vilnius,869.76,7.59,114.57,0.1,2.03
wroclaw,essen,792.93,7.59,104.49,0.1,0.62
wroclaw,sheffield,1662.17,14.91,111.5,0.1,0.41
wroclaw,kayseri,2880.89,25.42,113.31,0.1,0.36
wroclaw,bremen,669.6,5.71,117.26,0.1,0.91
wroclaw,dresden,266.55,2.27,117.23,0.1,1.12
wroclaw,genova,1400.71,13.79,101.57,0.1,0.43
wroclaw,københavn,1106.66,7.87,140.66,0.1,0.18
wroclaw,manchester,1701.35,14.74,115.42,0.1,0.6
wroclaw,poznan,164.71,1.08,152.45,0.1,1.07
wroclaw,hannover,571.17,4.84,118.13,0.1,0.96
wroclaw,antwerpen,1011.48,9.46,106.91,0.1,1.48
wroclaw,bradford,1720.39,15.26,112.74,0.1,0.35
wroclaw,nürnberg,617.74,6.04,102.29,0.1,1.0
wroclaw,edinburgh,2033.25,18.15,112.03,0.1,0.14
wroclaw,duisburg,811.11,7.7,105.31,0.1,0.87
lodz,stuttgart,1053.39,9.63,109.37,0.2,0.3
lodz,palermo,2126.03,15.35,138.49,0.2,269.19
lodz,düsseldorf,1037.71,8.28,125.37,0.2,1.13
lodz,glasgow,2257.77,19.95,113.16,0.2,0.45
lodz,leipzig,577.16,5.77,100.11,0.2,0.9
lodz,riga,874.9,8.12,107.73,0.2,0.37
lodz,diyarbakir,3529.45,30.27,116.6,0.2,2.73
lodz,dortmund,966.99,7.57,127.82,0.2,0.4
lodz,málaga,3254.72,19.46,167.23,0.2,92.61
lodz,vilnius,629.09,5.39,116.75,0.2,2.03
lodz,essen,1001.99,7.91,126.75,0.2,0.62
lodz,sheffield,1871.23,15.22,122.92,0.2,0.41
lodz,kayseri,2980.52,27.15,109.76,0.2,0.36
lodz,bremen,842.8,7.53,111.85,0.2,0.91
lodz,dresden,512.48,4.43,115.73,0.2,1.12
lodz,genova,1536.18,13.0,118.15,0.2,0.43
lodz,københavn,1241.69,9.09,136.55,0.2,0.18
lodz,manchester,1910.42,15.06,126.88,0.2,0.6
lodz,poznan,249.87,1.78,140.25,0.2,1.07
lodz,hannover,763.94,6.29,121.53,0.2,0.96
lodz,antwerpen,1220.54,9.78,124.83,0.2,1.48
lodz,bradford,1929.45,15.58,123.87,0.2,0.35
lodz,nürnberg,863.67,8.19,105.41,0.2,1.0
lodz,edinburgh,2242.32,18.47,121.43,0.2,0.14
lodz,duisburg,1020.17,8.02,127.22,0.2,0.87
stuttgart,palermo,1528.66,10.01,152.74,0.3,269.19
stuttgart,düsseldorf,380.08,2.72,139.96,0.3,1.13
stuttgart,glasgow,1544.49,14.38,107.42,0.3,0.45
stuttgart,leipzig,493.92,3.29,149.9,0.3,0.9
stuttgart,riga,1633.88,13.25,123.27,0.3,0.37
stuttgart,diyarbakir,3699.65,30.94,119.56,0.3,2.73
stuttgart,dortmund,435.45,3.47,125.48,0.3,0.4
stuttgart,málaga,2264.33,11.79,192.11,0.3,92.61
stuttgart,vilnius,1560.7,12.34,126.52,0.3,2.03
stuttgart,essen,414.37,3.09,134.18,0.3,0.62
stuttgart,sheffield,1157.95,9.65,120.0,0.3,0.41
stuttgart,kayseri,3150.72,27.83,113.22,0.3,0.36
stuttgart,bremen,627.26,4.02,156.18,0.3,0.91
stuttgart,dresden,582.09,4.98,116.92,0.3,1.12
stuttgart,genova,681.56,5.38,126.64,0.3,0.43
stuttgart,københavn,1174.72,7.87,149.31,0.3,0.18
stuttgart,manchester,1197.14,9.48,126.24,0.3,0.6
stuttgart,poznan,856.12,5.92,144.72,0.3,1.07
stuttgart,hannover,505.15,3.21,157.41,0.3,0.96
stuttgart,antwerpen,565.25,4.54,124.4,0.3,1.48
stuttgart,bradford,1216.17,10.0,121.58,0.3,0.35
stuttgart,nürnberg,190.6,1.45,131.43,0.3,1.0
stuttgart,edinburgh,1529.04,12.89,118.6,0.3,0.14
stuttgart,duisburg,402.82,2.87,140.48,0.3,0.87
palermo,düsseldorf,1874.84,11.22,167.06,269.19,1.13
palermo,glasgow,2888.94,20.59,140.29,269.19,0.45
palermo,leipzig,1819.06,11.26,161.54,269.19,0.9
palermo,riga,2948.4,23.35,126.28,269.19,0.37
palermo,diyarbakir,4273.33,33.22,128.63,269.19,2.73
palermo,dortmund,1932.29,11.55,167.3,269.19,0.4
palermo,málaga,2881.11,15.51,185.73,269.19,92.61
palermo,vilnius,2714.51,19.46,139.49,269.19,2.03
palermo,essen,1909.13,11.59,164.65,269.19,0.62
palermo,sheffield,2502.39,15.87,157.73,269.19,0.41
palermo,kayseri,3724.4,30.11,123.71,269.19,0.36
palermo,bremen,2042.4,12.18,167.7,269.19,0.91
palermo,dresden,1888.17,13.4,140.89,269.19,1.12
palermo,genova,964.02,5.89,163.67,269.19,0.43
palermo,københavn,2589.87,16.03,161.56,269.19,0.18
palermo,manchester,2541.58,15.7,161.9,269.19,0.6
palermo,poznan,2168.42,15.66,138.49,269.19,1.07
palermo,hannover,1920.3,11.37,168.86,269.19,0.96
palermo,antwerpen,1964.96,11.14,176.39,269.19,1.48
palermo,bradford,2560.61,16.22,157.88,269.19,0.35
palermo,nürnberg,1515.17,9.4,161.19,269.19,1.0
palermo,edinburgh,2873.48,19.11,150.38,269.19,0.14
palermo,duisburg,1897.58,11.37,166.83,269.19,0.87
düsseldorf,glasgow,1237.71,11.94,103.66,1.13,0.45
düsseldorf,leipzig,474.09,4.59,103.39,1.13,0.9
düsseldorf,riga,1536.96,13.18,116.63,1.13,0.37
düsseldorf,diyarbakir,4036.42,32.57,123.92,1.13,2.73
düsseldorf,dortmund,70.72,0.71,99.31,1.13,0.4
düsseldorf,málaga,2269.05,12.57,180.58,1.13,92.61
düsseldorf,vilnius,1463.77,12.26,119.4,1.13,2.03
düsseldorf,essen,37.95,0.38,98.8,1.13,0.62
düsseldorf,sheffield,851.16,7.21,118.02,1.13,0.41
düsseldorf,kayseri,3487.49,29.46,118.4,1.13,0.36
düsseldorf,bremen,286.54,1.88,152.7,1.13,0.91
düsseldorf,dresden,590.27,5.42,108.96,1.13,1.12
düsseldorf,genova,980.57,7.62,128.67,1.13,0.43
düsseldorf,københavn,890.62,5.78,154.13,1.13,0.18
düsseldorf,manchester,890.35,7.05,126.37,1.13,0.6
düsseldorf,poznan,798.27,5.43,146.92,1.13,1.07
düsseldorf,hannover,277.74,2.09,132.94,1.13,0.96
düsseldorf,antwerpen,200.48,1.77,113.5,1.13,1.48
düsseldorf,bradford,909.38,7.57,120.2,1.13,0.35
düsseldorf,nürnberg,434.62,2.45,177.34,1.13,1.0
düsseldorf,edinburgh,1222.25,10.45,116.91,1.13,0.14
düsseldorf,duisburg,24.3,0.17,140.59,1.13,0.87
glasgow,leipzig,1700.42,16.6,102.42,0.45,0.9
glasgow,riga,2757.01,24.96,110.44,0.45,0.37
glasgow,diyarbakir,5233.04,43.75,119.61,0.45,2.73
glasgow,dortmund,1290.78,12.5,103.27,0.45,0.4
glasgow,málaga,2861.28,19.69,145.34,0.45,92.61
glasgow,vilnius,2683.83,24.05,111.62,0.45,2.03
glasgow,essen,1256.65,12.18,103.15,0.45,0.62
glasgow,sheffield,408.25,5.48,74.55,0.45,0.41
glasgow,kayseri,4684.11,40.63,115.28,0.45,0.36
glasgow,bremen,1489.49,14.11,105.53,0.45,0.91
glasgow,dresden,1816.6,17.43,104.19,0.45,1.12
glasgow,genova,1963.9,17.53,112.04,0.45,0.43
glasgow,københavn,2097.52,17.36,120.81,0.45,0.18
glasgow,manchester,365.22,3.84,95.1,0.45,0.6
glasgow,poznan,2018.32,17.22,117.21,0.45,1.07
glasgow,hannover,1497.79,13.88,107.94,0.45,0.96
glasgow,antwerpen,1041.32,10.33,100.77,0.45,1.48
glasgow,bradford,337.07,4.46,75.55,0.45,0.35
glasgow,nürnberg,1631.24,13.63,119.69,0.45,1.0
glasgow,edinburgh,74.88,0.91,82.64,0.45,0.14
glasgow,duisburg,1238.2,12.05,102.78,0.45,0.87
leipzig,riga,1171.39,10.55,111.03,0.9,0.37
leipzig,diyarbakir,3719.04,30.79,120.77,0.9,2.73
leipzig,dortmund,412.87,4.06,101.75,0.9,0.4
leipzig,málaga,2682.71,14.25,188.29,0.9,92.61
leipzig,vilnius,1098.2,9.63,114.02,0.9,2.03
leipzig,essen,444.64,4.44,100.04,0.9,0.62
leipzig,sheffield,1313.87,11.76,111.69,0.9,0.41
leipzig,kayseri,3170.11,27.68,114.53,0.9,0.36
leipzig,bremen,382.58,2.87,133.17,0.9,0.91
leipzig,dresden,119.64,0.87,137.01,0.9,1.12
leipzig,genova,1090.37,7.9,138.05,0.9,0.43
leipzig,københavn,868.19,6.24,139.17,0.9,0.18
leipzig,manchester,1353.06,11.6,116.68,0.9,0.6
leipzig,poznan,367.35,3.17,115.87,0.9,1.07
leipzig,hannover,264.45,2.17,122.13,0.9,0.96
leipzig,antwerpen,663.19,6.32,104.98,0.9,1.48
leipzig,bradford,1372.09,12.12,113.24,0.9,0.35
leipzig,nürnberg,306.93,1.84,167.15,0.9,1.0
leipzig,edinburgh,1684.96,15.01,112.29,0.9,0.14
leipzig,duisburg,462.82,4.56,101.52,0.9,0.87
riga,diyarbakir,4181.72,35.89,116.52,0.37,2.73
riga,dortmund,1466.23,12.47,117.6,0.37,0.4
riga,málaga,3804.47,25.28,150.47,0.37,92.61
riga,vilnius,346.52,2.95,117.55,0.37,2.03
riga,essen,1501.24,12.81,117.22,0.37,0.62
riga,sheffield,2370.48,20.13,117.78,0.37,0.41
riga,kayseri,3632.79,32.77,110.85,0.37,0.36
riga,bremen,1342.04,12.44,107.91,0.37,0.91
riga,dresden,1164.1,10.62,109.58,0.37,1.12
riga,genova,2230.33,17.86,124.88,0.37,0.43
riga,københavn,1684.28,15.25,110.45,0.37,0.18
riga,manchester,2409.66,19.96,120.73,0.37,0.6
riga,poznan,831.61,7.71,107.83,0.37,1.07
riga,hannover,1263.19,11.19,112.9,0.37,0.96
riga,antwerpen,1719.79,14.68,117.15,0.37,1.48
riga,bradford,2428.69,20.48,118.59,0.37,0.35
riga,nürnberg,1446.9,11.8,122.64,0.37,1.0
riga,edinburgh,2741.56,23.37,117.32,0.37,0.14
riga,duisburg,1519.42,12.92,117.59,0.37,0.87
diyarbakir,dortmund,4055.36,33.72,120.26,2.73,0.4
diyarbakir,málaga,5573.19,39.64,140.61,2.73,92.61
diyarbakir,vilnius,3919.22,32.88,119.21,2.73,2.03
diyarbakir,essen,4067.1,32.89,123.67,2.73,0.62
diyarbakir,sheffield,4842.88,38.88,124.57,2.73,0.41
diyarbakir,kayseri,668.61,5.57,120.0,2.73,0.36
diyarbakir,bremen,4078.25,33.69,121.05,2.73,0.91
diyarbakir,dresden,3598.26,29.88,120.42,2.73,1.12
diyarbakir,genova,3681.45,30.92,119.06,2.73,0.43
diyarbakir,københavn,4529.27,36.73,123.3,2.73,0.18
diyarbakir,manchester,4882.07,38.71,126.12,2.73,0.6
diyarbakir,poznan,3588.24,30.02,119.51,2.73,1.07
diyarbakir,hannover,3960.11,32.98,120.07,2.73,0.96
diyarbakir,antwerpen,4223.15,34.08,123.94,2.73,1.48
diyarbakir,bradford,4901.1,39.23,124.94,2.73,0.35
diyarbakir,nürnberg,3598.19,30.06,119.69,2.73,1.0
diyarbakir,edinburgh,5213.97,42.12,123.79,2.73,0.14
diyarbakir,duisburg,4055.56,32.67,124.15,2.73,0.87
dortmund,málaga,2339.31,13.17,177.64,0.4,92.61
dortmund,vilnius,1393.05,11.55,120.64,0.4,2.03
dortmund,essen,35.01,0.34,102.99,0.4,0.62
dortmund,sheffield,904.24,7.66,118.07,0.4,0.41
dortmund,kayseri,3510.05,30.66,114.47,0.4,0.36
dortmund,bremen,226.78,1.37,165.59,0.4,0.91
dortmund,dresden,529.06,4.89,108.22,0.4,1.12
dortmund,genova,1038.02,7.95,130.6,0.4,0.43
dortmund,københavn,830.85,5.8,143.25,0.4,0.18
dortmund,manchester,943.43,7.49,125.93,0.4,0.6
dortmund,poznan,727.54,4.72,154.1,0.4,1.07
dortmund,hannover,207.01,1.38,150.33,0.4,0.96
dortmund,antwerpen,253.56,2.21,114.61,0.4,1.48
dortmund,bradford,962.46,8.01,120.13,0.4,0.35
dortmund,nürnberg,457.18,3.66,125.02,0.4,1.0
dortmund,edinburgh,1275.33,10.9,116.99,0.4,0.14
dortmund,duisburg,53.19,0.45,117.19,0.4,0.87
málaga,vilnius,3731.19,24.36,153.18,92.61,2.03
málaga,essen,2305.09,12.85,179.44,92.61,0.62
málaga,sheffield,2474.64,14.88,166.31,92.61,0.41
málaga,kayseri,5027.89,36.58,137.45,92.61,0.36
málaga,bremen,2548.23,14.41,176.78,92.61,0.91
málaga,dresden,2798.9,15.07,185.7,92.61,1.12
málaga,genova,1917.11,9.62,199.19,92.61,0.43
málaga,københavn,3152.31,18.32,172.1,92.61,0.18
málaga,manchester,2513.83,14.71,170.86,92.61,0.6
málaga,poznan,3044.91,16.86,180.57,92.61,1.07
málaga,hannover,2545.16,14.19,179.39,92.61,0.96
málaga,antwerpen,2124.49,11.28,188.37,92.61,1.48
málaga,bradford,2532.86,15.23,166.28,92.61,0.35
málaga,nürnberg,2432.02,12.88,188.87,92.61,1.0
málaga,edinburgh,2845.73,18.12,157.03,92.61,0.14
málaga,duisburg,2286.64,12.71,179.9,92.61,0.87
vilnius,essen,1428.05,11.89,120.12,2.03,0.62
vilnius,sheffield,2297.29,19.21,119.61,2.03,0.41
vilnius,kayseri,3373.91,29.82,113.15,2.03,0.36
vilnius,bremen,1268.86,11.52,110.16,2.03,0.91
vilnius,dresden,1090.91,9.7,112.41,2.03,1.12
vilnius,genova,2124.66,17.12,124.07,2.03,0.43
vilnius,københavn,1611.09,14.33,112.42,2.03,0.18
vilnius,manchester,2336.48,19.04,122.71,2.03,0.6
vilnius,poznan,758.42,6.79,111.64,2.03,1.07
vilnius,hannover,1190.01,10.27,115.88,2.03,0.96
vilnius,antwerpen,1646.6,13.76,119.66,2.03,1.48
vilnius,bradford,2355.51,19.56,120.42,2.03,0.35
vilnius,nürnberg,1373.71,10.88,126.28,2.03,1.0
vilnius,edinburgh,2668.38,22.45,118.86,2.03,0.14
vilnius,duisburg,1446.23,12.0,120.5,2.03,0.87
essen,sheffield,870.11,7.34,118.51,0.62,0.41
essen,kayseri,3521.78,29.83,118.07,0.62,0.36
essen,bremen,254.09,1.6,159.27,0.62,0.91
essen,dresden,560.83,5.28,106.3,0.62,1.12
essen,genova,1014.86,7.99,126.97,0.62,0.43
essen,københavn,858.17,5.5,156.11,0.62,0.18
essen,manchester,909.3,7.18,126.72,0.62,0.6
essen,poznan,762.55,5.06,150.67,0.62,1.07
essen,hannover,242.02,1.72,140.96,0.62,0.96
essen,antwerpen,219.43,1.9,115.71,0.62,1.48
essen,bradford,928.33,7.7,120.63,0.62,0.35
essen,nürnberg,468.92,2.82,166.08,0.62,1.0
essen,edinburgh,1241.2,10.58,117.26,0.62,0.14
essen,duisburg,18.98,0.14,133.36,0.62,0.87
sheffield,kayseri,4297.56,35.91,119.69,0.41,0.36
sheffield,bremen,1102.95,9.39,117.51,0.41,0.91
sheffield,dresden,1430.06,12.71,112.54,0.41,1.12
sheffield,genova,1577.35,12.8,123.23,0.41,0.43
sheffield,københavn,1710.97,12.63,135.42,0.41,0.18
sheffield,manchester,67.82,1.1,61.59,0.41,0.6
sheffield,poznan,1631.78,12.49,130.63,0.41,1.07
sheffield,hannover,1111.25,9.15,121.48,0.41,0.96
sheffield,antwerpen,654.77,5.61,116.8,0.41,1.48
sheffield,bradford,79.93,1.1,72.59,0.41,0.35
sheffield,nürnberg,1244.7,8.9,139.85,0.41,1.0
sheffield,edinburgh,402.35,5.41,74.37,0.41,0.14
sheffield,duisburg,851.65,7.32,116.37,0.41,0.87
kayseri,bremen,3532.58,30.6,115.44,0.36,0.91
kayseri,dresden,3052.6,26.79,113.94,0.36,1.12
kayseri,genova,3135.78,27.83,112.66,0.36,0.43
kayseri,københavn,3983.6,33.65,118.4,0.36,0.18
kayseri,manchester,4336.4,35.62,121.74,0.36,0.6
kayseri,poznan,3042.57,26.94,112.96,0.36,1.07
kayseri,hannover,3414.44,29.89,114.22,0.36,0.96
kayseri,antwerpen,3677.48,30.99,118.68,0.36,1.48
kayseri,bradford,4355.43,36.14,120.52,0.36,0.35
kayseri,nürnberg,3052.52,26.97,113.16,0.36,1.0
kayseri,edinburgh,4668.3,39.03,119.61,0.36,0.14
kayseri,duisburg,3509.89,29.58,118.66,0.36,0.87
bremen,dresden,482.46,3.83,126.11,0.91,1.12
bremen,genova,1234.96,8.07,153.01,0.91,0.43
bremen,københavn,619.92,3.99,155.27,0.91,0.18
bremen,manchester,1142.14,9.12,125.23,0.91,0.6
bremen,poznan,603.35,4.7,128.45,0.91,1.07
bremen,hannover,122.11,0.81,151.55,0.91,0.96
bremen,antwerpen,448.18,3.79,118.35,0.91,1.48
bremen,bradford,1161.17,9.64,120.45,0.91,0.35
bremen,nürnberg,544.66,3.3,165.11,0.91,1.0
bremen,edinburgh,1474.04,12.53,117.65,0.91,0.14
bremen,duisburg,262.23,1.7,153.93,0.91,0.87
dresden,genova,1178.26,9.57,123.08,1.12,0.43
dresden,københavn,957.11,6.76,141.55,1.12,0.18
dresden,manchester,1469.24,12.43,118.22,1.12,0.6
dresden,poznan,332.49,2.91,114.21,1.12,1.07
dresden,hannover,364.33,3.12,116.84,1.12,0.96
dresden,antwerpen,779.37,7.15,109.02,1.12,1.48
dresden,bradford,1488.27,12.95,114.94,1.12,0.35
dresden,nürnberg,392.38,3.54,110.85,1.12,1.0
dresden,edinburgh,1801.14,15.84,113.73,1.12,0.14
dresden,duisburg,579.0,5.39,107.41,1.12,0.87
genova,københavn,1782.43,11.92,149.55,0.43,0.18
genova,manchester,1616.54,12.54,128.96,0.43,0.6
genova,poznan,1452.57,10.52,138.09,0.43,1.07
genova,hannover,1112.86,7.26,153.28,0.43,0.96
genova,antwerpen,1057.71,8.15,129.85,0.43,1.48
genova,bradford,1635.57,13.06,125.28,0.43,0.35
genova,nürnberg,786.48,6.04,130.27,0.43,1.0
genova,edinburgh,1948.44,15.94,122.2,0.43,0.14
genova,duisburg,1003.31,7.77,129.15,0.43,0.87
københavn,manchester,1750.17,12.39,141.21,0.18,0.6
københavn,poznan,992.49,7.34,135.13,0.18,1.07
københavn,hannover,669.58,4.68,142.98,0.18,0.96
københavn,antwerpen,1056.2,7.06,149.58,0.18,1.48
københavn,bradford,1769.2,12.91,137.0,0.18,0.35
københavn,nürnberg,1081.37,7.96,135.85,0.18,1.0
københavn,edinburgh,2082.07,15.8,131.75,0.18,0.14
københavn,duisburg,866.32,5.63,153.84,0.18,0.87
manchester,poznan,1670.96,12.25,136.43,0.6,1.07
manchester,hannover,1150.44,8.9,129.21,0.6,0.96
manchester,antwerpen,693.96,5.36,129.41,0.6,1.48
manchester,bradford,88.31,1.28,68.77,0.6,0.35
manchester,nürnberg,1283.88,8.66,148.31,0.6,1.0
manchester,edinburgh,359.31,3.77,95.22,0.6,0.14
manchester,duisburg,890.84,7.07,125.92,0.6,0.87
poznan,hannover,524.5,3.44,152.38,1.07,0.96
poznan,antwerpen,981.1,6.93,141.5,1.07,1.48
poznan,bradford,1690.0,12.73,132.73,1.07,0.35
poznan,nürnberg,669.13,4.46,150.13,1.07,1.0
poznan,edinburgh,2002.87,15.62,128.21,1.07,0.14
poznan,duisburg,780.73,5.17,150.87,1.07,0.87
hannover,antwerpen,460.57,3.59,128.31,0.96,1.48
hannover,bradford,1169.47,9.39,124.56,0.96,0.35
hannover,nürnberg,422.56,2.49,169.59,0.96,1.0
hannover,edinburgh,1482.34,12.28,120.73,0.96,0.14
hannover,duisburg,260.2,1.83,142.11,0.96,0.87
antwerpen,bradford,712.99,5.85,121.81,1.48,0.35
antwerpen,nürnberg,624.96,4.01,155.76,1.48,1.0
antwerpen,edinburgh,1025.86,8.74,117.34,1.48,0.14
antwerpen,duisburg,200.97,1.77,113.74,1.48,0.87
bradford,nürnberg,1302.91,9.25,140.8,0.35,1.0
bradford,edinburgh,331.16,4.4,75.34,0.35,0.14
bradford,duisburg,909.87,7.67,118.6,0.35,0.87
nürnberg,edinburgh,1615.78,12.05,134.05,1.0,0.14
nürnberg,duisburg,457.37,2.6,175.73,1.0,0.87
edinburgh,duisburg,1222.74,10.56,115.78,0.14,0.87
